11665
2
22
24
32
34
75
78
113
159
162
171
172
192
194
195
197
205
209
210
212
213
214
218
222
226
232
235
237
239
253
265
267
270
274
275
286
287
288
292
294
296
297
298
300
303
305
306
316
317
318
319
321
323
329
337
338
339
340
346
347
354
357
358
361
362
375
379
381
382
384
386
396
434
438
469
470
471
472
475
480
487
511
517
518
521
528
529
543
544
545
546
547
548
549
550
551
552
553
554
555
556
558
561
562
563
564
569
570
571
573
575
576
579
580
581
582
583
584
585
586
587
588
589
590
594
595
599
600
605
611
613
614
615
616
620
621
622
623
624
625
629
630
632
633
635
636
638
642
644
645
646
647
648
650
651
652
654
656
662
663
666
668
669
670
672
674
678
680
685
686
689
691
703
714
715
724
727
738
747
803
810
816
817
818
820
821
823
837
838
839
851
853
859
869
876
881
915
930
953
955
956
958
959
965
971
996
1042
1060
1061
1063
1117
1125
1126
1127
1129
1131
1140
1152
1153
1160
1163
1166
1175
1176
1177
1180
1183
1184
1198
1218
1219
1224
1236
1239
1243
1245
1247
1253
1269
1279
1280
1281
1282
1283
1284
1288
1290
1292
1293
1296
1301
1302
1303
1304
1305
1306
1307
1308
1309
1311
1313
1314
1318
1326
1328
1329
1334
1335
1336
1338
1340
1343
1346
1348
1349
1350
1351
1352
1353
1354
1357
1358
1359
1360
1363
1377
1386
1390
1392
1396
1398
1402
1404
1405
1406
1408
1409
1422
1423
1426
1428
1430
1444
1450
1462
1464
1465
1485
1491
1492
1496
1502
1506
1509
1512
1513
1520
1522
1531
1547
1578
1580
1582
1583
1584
1585
1587
1589
1590
1591
1596
1597
1598
1599
1613
1618
1622
1637
1638
1639
1641
1642
1648
1654
1655
1660
1663
1665
1667
1677
1680
1681
1684
1689
1716
1717
1718
1719
1725
1743
1744
1747
1752
1763
1764
1766
1771
1772
1773
1774
1781
1785
1799
1817
1824
1827
1829
1833
1865
1883
1886
1894
1902
1911
1916
1927
1930
1931
1938
1946
1961
2021
2033
2034
2035
2047
2053
2055
2060
2061
2093
2107
2108
2111
2132
2133
2138
2147
2148
2157
2158
2162
2191
2213
2238
2239
2242
2246
2247
2251
2271
2281
2284
2286
2287
2288
2370
2371
2433
2434
2702
2742
2745
2748
2756
10658
10663
10664
10665
10666
10667
10673
10674
10676
10677
10678
10679
10680
10681
10682
10683
10684
10685
10686
10687
10689
10690
10691
10692
10693
10696
10701
10702
10703
10704
10705
10707
10708
10710
10711
10712
10713
10714
10715
10717
10719
10721
10723
10724
10725
10726
10727
10728
10730
10732
10733
10735
10736
10737
10738
10742
10746
10747
10748
10749
10750
10752
10753
10754
10755
10756
10757
10759
10760
10761
10765
10773
10778
10779
10843
10844
10845
10846
10849
10850
10851
10854
10863
10864
10866
10867
10868
10872
10874
12014
12016
12017
12018
12019
12020
12021
12022
12023
12024
12026
12027
12029
12030
12031
12032
12034
12335
12336
12340
12342
12344
12345
12347
12348
12349
12350
12351
12352
12353
12354
12356
12357
12360
12366
12368
12371
12374
12375
12381
12386
12387
12388
12390
12392
12397
12402
12403
12404
12405
12406
12407
12408
12409
12412
12413
12416
12417
12420
12424
12425
12426
12427
12428
12453
12914
12915
13687
13689
13769
13776
28026
28028
28031
28037
28038
28095
28105
28108
28109
28116
28121
28141
28169
28172
28174
28211
28228
28253
28258
28358
28360
28361
28365
28368
28369
28442
28447
28448
28450
28895
28901
29252
29282
29283
29292
29339
29342
29347
29378
29380
29382
29385
29387
29388
29397
29414
29418
29419
29438
29442
29446
29447
29449
29459
29471
29486
29491
29497
29498
29506
29523
29548
29549
29581
31505
31532
31533
31534
31535
31536
31537
31538
31596
31754
31755
31757
31758
31759
31760
31943
31963
31989
32001
32002
32003
32008
32011
32022
32049
32051
33008
33010
33013
33035
33038
33047
33059
33709
33710
33711
33768
33769
33771
33882
33898
33903
33905
33913
33918
33923
33932
33936
33940
33945
33946
33959
33968
33986
33987
34006
34007
34008
34019
34021
34051
34072
34073
34085
34103
35238
35239
35240
35241
35242
35343
35344
35345
35348
35703
35743
35746
35783
35817
35818
35842
35844
36337
36338
36339
36340
36341
36342
36343
36450
36451
36746
36773
36809
36822
36823
36829
36855
37105
37326
37328
37332
37333
37361
37362
37363
37554
37636
37734
37762
37763
37919
37927
37953
38018
38036
38293
38305
38307
38313
38323
39103
39104
39425
39445
39838
39943
39960
40042
40214
40215
40216
40323
40324
40521
40522
40523
40631
41200
41275
41276
41315
41669
41673
41978
42054
42171
42172
42173
42174
42175
42176
42177
42178
42179
42180
42190
42777
42858
42895
42897
43080
43263
43666
43685
43687
43767
43770
44008
44056
44124
44249
44273
44284
44471
44688
44743
44822
44823
44824
45102
45331
45332
45406
45441
45634
45764
45888
45972
46126
46254
46358
46503
46506
46610
46654
46677
47049
47251
47253
47298
47304
47488
47678
47715
47770
47834
47853
47869
47885
47886
47914
47917
47931
47951
48224
48296
48616
48664
48736
49964
50421
50422
50892
50947
50948
50960
51194
51367
51369
51589
51669
51671
52132
52258
52598
52959
52971
52979
53000
53246
53249
53335
53345
53346
53369
53407
53413
53945
54061
54291
54304
54388
54392
54571
55080
55208
55211
55212
55510
55511
55601
55884
56448
56454
56459
56460
56636
56637
56688
56730
56811
56877
56878
57045
57046
57324
57476
57477
57478
57480
57704
57706
57743
57975
58095
58346
58620
58665
58712
59201
59204
59241
59310
59506
59617
59779
59814
59823
59843
59919
59920
59922
59931
59932
60136
60246
60457
60550
61015
61645
61652
61728
62322
63117
63118
63612
63742
64186
64187
64188
64713
65015
65016
65388
65700
66070
66196
66197
66284
66711
66797
66872
66874
67369
67384
67571
67780
67825
68220
68239
68277
68298
68334
68766
68892
69218
69278
69369
69392
69393
69395
69605
69607
69608
69609
69610
69611
69612
69613
69929
69932
70347
70695
70702
70703
70734
70775
70799
70856
70863
71237
71366
72174
72275
72407
72409
72557
72638
73422
73492
74336
74382
74546
74547
75320
75590
75725
75905
75985
76041
76258
76262
76594
76860
76933
77022
77036
77037
77038
77039
77048
77097
77125
77608
77775
77920
78218
78398
78541
78544
79205
79219
79601
79879
79882
79884
79885
79967
80840
80865
80866
80868
80869
82380
82976
82983
83126
83127
83128
83129
83132
83171
83201
83333
83334
83554
83555
83655
83986
84096
84112
84139
84588
84677
85079
85154
85558
85569
85698
86029
86040
86065
86386
86387
86389
86661
87882
87883
88688
88724
88870
89184
89551
89603
90105
90370
90371
90410
90887
90888
90889
90963
91019
91347
92037
92706
92834
92948
93060
93061
93224
94138
94625
94695
95149
95486
96345
97050
97081
98360
98668
99179
99287
100226
100634
100636
100637
100638
100639
100640
100642
101570
102143
102144
102145
102146
102147
102148
102150
102684
102862
103216
103370
103371
103690
103796
103807
104099
104336
104623
105154
105686
105841
106262
106284
106493
106654
107401
108619
108916
108917
108918
109790
110456
110457
110662
110679
111142
112023
112596
113653
114416
114417
114418
114517
114777
114975
115547
115711
115985
115986
115987
115990
115991
115992
117541
117830
119224
119602
119864
119912
120086
120163
120164
120166
120167
120574
121277
121872
122277
122355
123798
125205
125884
126157
126649
126970
126989
126990
127507
127508
127511
127516
127586
127587
127588
127589
127906
128975
129009
129337
129394
129847
129861
129862
130049
130478
130675
131001
131002
131003
131004
131005
131006
131007
131008
131009
131010
131011
131012
131013
131014
131015
131016
131017
132605
132608
132905
133814
134375
134536
134554
134822
135569
135740
136084
136468
136843
137422
137511
137591
137785
137786
138540
138563
138946
139031
139870
139871
139872
140410
144549
144736
145260
145262
145458
145579
146269
146537
146820
146827
146918
146919
146922
147128
147645
148339
148603
148943
149016
149385
149387
149390
149391
149539
150055
151262
151528
151534
151535
151536
151537
151538
151539
151599
152338
152480
152556
152557
152558
152559
152560
152561
152562
152563
152564
152565
152566
153151
154784
155148
155864
155892
155977
155978
156615
156616
156617
156618
156619
156620
156621
156622
156623
156624
156625
156626
156627
156653
156654
156655
156656
156657
156658
156659
156660
156661
156662
156663
156664
156665
156666
156667
156668
156669
156670
156671
156672
156673
156674
156675
156676
156677
156678
156679
156680
156681
156711
156712
156713
156714
156715
156716
156717
156718
156719
156720
156721
156722
156723
156724
156725
156726
156727
156728
156729
156730
156731
156732
156733
156740
156741
156742
156743
156744
156745
156746
156747
156748
156749
156750
156767
156768
156769
156770
156771
156772
156773
156774
156775
156776
156777
156778
156779
156780
156781
156782
156783
156784
156785
156786
156787
156788
156789
156790
156791
156792
156797
156798
156799
156800
156801
156802
156803
156804
156805
156806
156807
156808
156809
156810
156811
156812
156813
156814
156815
156816
156817
156818
156819
156820
156821
156822
156823
156824
156825
156826
156827
156828
156829
156830
156831
156832
156833
156834
156835
156995
157239
157890
157924
158197
158484
158836
158879
158898
159191
160488
160490
160491
160674
161398
161736
163164
164125
164992
165428
165696
166309
166310
166313
166314
166321
166322
167042
167320
167533
167539
167957
168657
169402
169682
169683
169684
169967
170673
170679
171101
171279
171383
171618
172666
172667
173443
173509
173572
173573
173574
173575
173707
173824
173829
173830
173831
175537
175950
176100
176279
176280
176281
176598
177181
179237
180164
180282
180503
180504
180816
180957
181007
181120
181485
181604
181665
182079
182337
182851
184912
184975
184976
185368
185369
185384
185428
185959
185961
185962
185963
186103
186152
186153
186333
186532
186764
186765
186777
186789
186794
186802
186803
186846
186914
187176
187217
187218
187304
187678
187764
187857
187868
187944
188144
188350
189330
189382
189423
189836
190193
190478
190650
190893
190895
190974
192170
192955
192973
192974
193460
193567
194699
194701
194802
194948
194949
194963
194966
195099
195103
195529
195709
196024
196194
196242
196596
196597
196598
197311
197312
197314
197614
197783
198110
198111
198251
198466
198538
198539
198540
198541
198542
198543
198595
198620
198932
199310
199592
200450
200451
200474
200913
201174
201847
202954
203795
204037
204038
204039
204086
204090
204270
204272
204516
205868
205869
205870
205872
205874
205875
205876
205877
205879
205880
205921
206060
206061
206062
206102
206103
207597
207656
207809
208223
208224
208479
208963
208964
209052
209152
210624
210927
210928
211586
211621
211901
211902
211903
211904
211905
211906
211907
211908
211909
211910
211911
211968
212452
212453
212662
212663
213236
213769
213770
213771
213773
213774
213775
213776
213777
213778
213779
213780
213781
213782
215158
215167
215796
215813
216432
216572
216595
216600
216778
218111
218491
218495
219292
219305
220664
221029
221915
221993
222136
222645
223283
223524
223527
223926
224308
224914
225067
225588
225725
225726
225979
225980
225981
225982
225983
226185
226186
226900
227470
227471
227506
227720
227866
227940
229007
229037
229343
229344
229345
229346
230158
230167
230871
232237
232348
232352
232353
233585
233894
235201
235265
236210
236244
236486
236750
236878
236987
237902
237903
237914
237915
238854
238892
238893
239740
239935
241438
241652
241653
241654
241655
242527
242707
242708
242861
243062
243275
244310
244319
244366
245186
245685
246167
246196
246200
246272
246432
246787
247080
247480
248252
251653
252597
254252
254253
254254
254397
255131
255219
255220
255221
255252
255431
256701
257758
259828
259901
260120
260121
260149
260213
260372
260373
260586
260799
260827
261665
261726
262668
262724
262790
263374
263375
263386
263433
263437
264031
264484
264653
264691
264727
264729
264985
264986
264987
265126
266022
266834
267375
267720
267849
267875
267893
268585
268586
268587
268588
268589
268590
268746
268747
268748
269667
269802
270182
270673
271647
272473
272557
272560
272623
272757
272942
272989
273057
273133
273384
273453
274589
278008
278130
279006
279276
279280
279281
279303
279383
279530
279970
279974
279975
280483
280701
280702
281915
282372
282690
282691
282692
282693
282694
282695
282696
282697
282698
282699
282700
282701
282702
282703
282704
282705
282706
282707
282708
282709
282710
282785
283734
283736
283923
284052
284570
286104
286604
286636
287409
287410
287411
287412
287413
287414
287415
287416
287417
287418
287419
287420
287421
287422
287423
287424
287425
287426
287427
287428
287429
287430
287431
287432
287433
287434
287435
287436
287437
287438
287439
287440
287441
287442
287443
287444
287445
287446
287447
287448
287449
287450
287451
287452
287599
289380
290116
290600
291401
291644
292029
292209
292443
292511
292733
292800
293178
293378
293387
293431
293644
293653
293711
293712
293713
294363
294382
294631
295708
295709
295710
295711
295712
295713
296376
296377
297254
298338
298976
298977
299647
299767
299768
300852
303381
303541
305430
305853
306323
306535
306536
306552
307240
307898
308465
308911
308912
309807
310539
310953
311221
311808
312309
313599
313625
313629
314021
314263
314264
314275
314494
314564
314565
314722
314855
314913
315405
315460
315750
316278
316279
316385
316401
316407
317414
318482
318593
318594
318595
318596
319522
319701
319710
319711
319712
319713
319939
320122
320778
320831
320832
320834
320835
320836
320837
320839
320840
320841
320842
320843
320844
320845
320846
320847
320848
320849
320850
321023
322159
322686
322855
325238
325249
325250
325251
325252
325253
326036
326037
326423
326487
328627
328628
328629
328814
329156
329157
329158
329160
329254
329381
329615
329616
329617
329618
329854
329860
329864
329886
330395
330396
330397
330398
330399
330834
331112
331272
331278
331627
331976
332032
332186
332339
332938
332939
332940
332942
334406
334523
334542
334856
335795
335797
335924
335992
336253
336724
337255
338101
338102
338103
338105
338106
338107
338108
338109
338110
338111
338112
338113
338114
338115
338116
338117
338118
338119
338120
338121
338122
338123
338124
338125
338126
338127
338128
338129
338130
338131
338132
338133
338134
338135
338136
338137
338138
338140
338345
338473
338882
340054
340407
340434
341690
341691
341698
342110
342373
342564
343509
343516
343949
344021
344022
345073
345922
347253
347324
347325
347326
347327
347328
347329
347330
347331
347332
347834
347962
347966
348058
348137
348895
348896
348897
350104
351707
351708
351709
351710
351711
352256
352257
352258
352259
352475
352888
352889
354260
354276
355245
355246
356350
356629
357142
357143
357204
357276
358208
358209
358210
358211
358212
358213
358214
358215
358771
359961
359962
360047
360048
360049
360050
360398
361101
361872
362663
362866
362867
363408
363555
363568
363569
364106
364251
364252
364253
364254
365048
365659
366442
366443
367181
367898
368602
368603
369257
369581
370551
370553
370554
370556
370557
370558
370559
370560
370561
370562
370563
370564
370565
370566
370567
370568
370569
370623
371601
371730
371759
371760
372457
373126
373153
373371
373403
373404
373405
373406
373407
373408
373409
373410
373411
373412
373413
373414
373415
374421
374422
374525
374526
374527
374529
374606
374842
374900
375032
375033
375034
375035
375036
375037
375038
375039
375040
375041
375042
375043
375044
375045
375046
375047
375048
375049
375050
375051
375052
375053
375054
375055
375056
375057
375058
375059
375282
375288
375451
376611
376758
376820
376821
379097
379329
379347
379501
380021
380676
380739
381797
381798
381799
381800
381900
381901
382262
382263
382264
382265
382266
382267
382268
382269
382271
382272
382273
382274
382275
382276
382277
382278
382279
382280
382281
382282
382352
382353
382354
382355
382356
382357
382358
382359
382653
382654
382685
383381
383864
383865
383866
383867
384359
384360
384642
384678
384848
385964
386792
386793
387086
387087
387088
387092
387264
387344
387905
387907
387908
387909
387910
388452
388738
389469
390862
391289
391295
391296
391619
393598
394231
394238
396034
396359
397353
397453
398525
398839
399183
399185
399587
400390
400567
400667
402683
403905
404399
405001
405416
405947
406340
406557
406598
406599
407392
409026
409321
410291
410332
411470
411899
411901
413066
413496
413497
413501
413502
414878
414970
415001
416419
416562
416870
417280
417289
417290
417400
418443
420247
420890
423476
424716
424922
424923
424924
424925
424926
424943
424944
424945
424946
424947
424948
424949
426370
426430
427768
427769
430066
430512
430513
430514
430515
430796
431891
431892
431893
431894
432197
432198
432199
432200
432201
432202
432203
432371
434346
435305
435310
435637
436515
436674
437329
438482
438780
439184
439219
439493
439809
440250
440576
441158
442459
442493
442694
443254
443616
444066
444177
444474
444515
444859
444860
444861
444862
444863
444864
444865
444866
444867
444868
444869
444870
444871
444872
444873
444874
444875
444876
444877
444878
445515
445516
445517
445681
445682
445683
445684
445685
445686
445687
445688
445689
445690
445691
445692
445693
445694
445695
445696
445697
445698
445699
445700
445701
445702
445703
445704
445705
445706
446529
446807
447571
447572
447796
447797
447798
447799
447800
447909
448384
449399
450214
451705
452469
452949
453602
454798
456243
456327
457434
458091
458093
458094
458095
458096
458097
458098
458099
458100
458101
458102
458103
458420
458421
458422
458423
458424
458425
458426
458427
458428
458429
458430
458431
458432
458433
458434
458435
458436
458437
458438
458439
458440
458441
458442
458443
458444
458445
458446
458447
458448
458449
458450
458451
458452
458453
458454
458455
458456
458457
458458
458459
458460
458461
458462
458463
458464
458465
458466
458467
458468
458469
458470
458471
458472
458473
458474
458475
458476
458477
458639
459064
459558
459845
460861
461375
461376
461377
461378
461379
461380
461381
461382
461383
461384
461385
461386
461387
461388
461389
461711
462299
462590
462680
462991
464033
466051
466052
467481
469008
469660
470150
470314
470865
470868
470932
471876
472964
472965
472966
473386
473387
474186
475178
476523
477967
478009
479437
480808
481805
481851
482234
482822
483265
483266
483783
483784
483785
484021
484895
484896
486990
487152
487215
487316
488221
488447
488538
489258
489779
489828
490103
490912
490913
491003
491893
492499
492670
493906
494269
496396
496874
497298
497299
497301
498217
498337
498338
498339
498340
498341
498342
498343
498344
498345
498346
498347
498348
498349
498350
498351
498352
498353
498388
499235
502350
502598
503388
504346
504494
504495
504496
504497
504498
504499
504500
504501
504502
504503
504504
504505
504506
504507
504508
504509
504510
504511
504512
504513
504514
504515
504516
504517
504518
504519
504520
504521
504522
504523
504524
504525
504526
504527
504528
504529
504530
504531
504532
504533
504534
504535
504536
504537
504538
504539
504540
504541
504542
504543
504544
504545
504546
504547
504548
504549
504550
504551
504552
504553
504554
504555
504556
504557
504558
504896
505291
505292
505352
508419
511145
511435
511678
511693
511969
512009
512650
512769
515440
515982
516541
517398
518068
519450
520962
524865
525279
525369
526118
526394
526947
526970
526977
526980
528321
529120
529121
529122
529929
530560
532074
532075
532076
532077
532078
535205
535206
536231
536444
536445
536446
536447
536448
536449
536450
536451
536452
536453
536454
536455
536456
536457
536458
536459
536460
536461
536462
536463
536464
536465
536466
536467
536468
536469
536470
536472
536473
536474
536475
536731
537021
537874
538381
538398
538529
538979
539221
539813
540064
540065
540066
540067
540068
541865
542836
542837
542959
542960
543152
543153
543311
543360
543734
543939
544630
545932
546182
546183
546184
546185
546367
546803
546804
546805
546806
546807
546808
547228
547559
549445
549446
551790
551895
552364
552525
552527
552528
552529
552535
553239
553860
555387
555603
557289
557393
557722
557989
560047
560178
560197
560198
561007
561307
561879
561996
561997
561998
561999
562742
563119
563121
563122
563123
563124
563177
563769
564423
564886
565033
565050
565140
565664
566546
568814
568989
568990
568991
568992
568993
571206
571950
572546
573171
573172
573173
573174
573175
573176
573246
573591
574093
575584
575608
575610
576270
576538
576789
576790
576791
578234
581037
582345
582382
584892
585055
585202
585203
586340
587753
588068
588814
590739
591365
591487
591946
592022
592027
593131
593275
598707
607862
611301
613117
613118
613119
616668
616669
616671
616672
616673
616674
621280
622607
622691
624134
627087
627479
627480
629395
631719
632088
632112
633135
633149
634157
634497
635097
635098
635099
635100
635101
635102
635103
635104
635105
635106
635107
635135
635136
635137
635138
635139
635140
635141
635142
635143
635144
635145
637389
637730
637909
640504
641420
641487
641832
641833
641834
641835
641836
641837
641838
641839
642111
644007
644356
644524
644556
644563
644950
645116
645117
645664
646413
646460
648017
649272
649452
649453
649454
649455
649688
652611
655097
655098
657176
657177
657178
657179
657180
657181
657182
657183
657184
657185
658056
658401
658602
661398
663236
663237
663238
663239
663240
663241
663553
663554
663555
663556
663557
663558
663559
663560
663583
663584
663959
665028
665032
665033
665099
665883
665884
665886
665887
666474
668336
668369
668618
669008
669043
669062
669875
670252
673375
673376
673518
673832
673833
673834
673835
673836
673837
673838
673839
674081
674082
674516
675828
676248
679895
680114
680115
680116
680277
680287
682370
682650
682651
683081
683357
683735
685506
685892
686439
686440
687237
687238
687239
687240
687241
687242
687243
687244
687245
687246
687247
687248
687249
687250
687251
687252
687691
687692
687799
687800
687801
687802
687803
689414
689844
691318
691319
691963
691964
691965
691966
693582
693661
693830
694060
696218
696485
696749
697288
697289
697290
697291
697872
698486
698487
698488
698489
698490
698728
699370
700083
700512
700937
700938
700939
701257
701454
701455
701456
701799
701800
702821
702822
703038
703289
703290
703291
703292
706437
707152
707757
707783
709484
711470
714583
714962
716683
718008
718220
722417
722418
728059
728061
728062
728063
728064
741942
742820
743531
743532
743533
743534
743535
743536
743537
743538
743539
743540
743541
743542
743543
743544
743545
743546
743547
743548
743549
743550
743551
743552
743553
743554
743555
743556
743557
743558
743559
743560
743561
743562
743563
743564
743565
743566
743567
743568
743569
743570
743571
743572
743573
743574
743575
743576
743577
743578
743579
743580
743581
743582
743583
743584
743585
743586
743587
743588
743589
743590
743591
743592
743593
743594
743595
743596
743597
743598
743599
743813
743964
745088
745369
747763
749413
749447
753084
753085
753086
753087
753088
753089
753090
753091
753642
753888
754027
754037
754038
754039
754040
754041
754042
754043
754044
754045
754046
754047
754048
754049
754050
754051
754052
754053
754055
754056
754057
754058
754059
754061
754066
754067
754069
754070
754071
754072
754073
754074
754075
754076
755164
756275
756276
756277
756278
756279
756280
756281
756282
756283
757342
757414
759620
760530
760570
760732
760754
760773
760779
760790
760810
760813
760828
760835
760839
760939
761659
762660
763998
764291
764299
764561
764562
764595
765765
767161
767162
767163
767463
767473
767806
768528
795388
857277
857279
857312
857344
857473
857474
858350
861044
861045
861046
861047
861048
861448
862717
862720
862971
864178
866553
866789
866889
867695
868811
869661
869662
869663
869724
869725
869726
870469
870470
870471
870472
870473
870474
870475
870963
871584
872294
873447
873448
874267
874268
874471
875093
876448
876449
877240
879628
879630
880076
880077
881260
881915
881953
883167
883168
884204
885867
888049
888514
888515
888812
888820
889205
889206
889338
889738
889876
889949
889950
889951
889952
889953
889954
889955
889956
889957
889959
890041
904306
906668
906669
907046
908819
908820
908821
909297
909304
909421
910313
910473
910474
910475
911572
911573
912321
913183
913412
913413
913414
913415
913416
913417
914127
915352
925983
925984
925985
925986
926016
926017
926018
926019
926066
926067
926474
926543
926571
926589
927193
927392
927988
928293
928852
929813
929814
929832
929833
929834
929835
930196
930945
931276
931923
931927
934027
936054
936152
936153
936154
936347
937835
938080
938131
941058
941258
941322
941969
941970
942016
942165
942583
943335
945083
945084
945085
945692
947066
947379
947842
947843
947980
947981
948071
948519
948870
949124
949125
949126
949127
953739
977733
977734
977735
977736
977737
977738
977739
977740
977801
977927
979525
979526
979527
979528
979529
979530
979531
979532
979533
979534
979535
979536
979537
979538
979539
979725
979726
980881
980973
980974
980975
980976
980977
980978
981323
981330
981335
981430
981431
984175
984186
984892
986165
986166
986167
986168
988656
988779
990268
990271
990550
991919
993073
993512
994601
997876
997883
998086
999629
999705
1000562
1002724
1002725
1002804
1003177
1004787
1004951
1004952
1005041
1005056
1005487
1005489
1005490
1005492
1005501
1005503
1005504
1005510
1005511
1006155
1006968
1006972
1007064
1007127
1007869
1008453
1009513
1009714
1010614
1010615
1026955
1027253
1027410
1027414
1028375
1028494
1028788
1029988
1032362
1032891
1032892
1032893
1032894
1032895
1033977
1034099
1034100
1034101
1034102
1034103
1034104
1034105
1034106
1034107
1034108
1034109
1034110
1034111
1034112
1034113
1034114
1034115
1034116
1034117
1034118
1034119
1034124
1034125
1034126
1034127
1034128
1034129
1034130
1034131
1034132
1034133
1034134
1034135
1034136
1034137
1034138
1034139
1034140
1034141
1034142
1034143
1034144
1034145
1034146
1034147
1034148
1034149
1034150
1034151
1034152
1035187
1035189
1035190
1035377
1035482
1035483
1035484
1035485
1035662
1036613
1036614
1036615
1036616
1038923
1038927
1041406
1041524
1041526
1041527
1041807
1041808
1042122
1042123
1042124
1045010
1046629
1046847
1048188
1048189
1048190
1048191
1048192
1048207
1048515
1048516
1048517
1048520
1048521
1048522
1048523
1048524
1048525
1049283
1049565
1050710
1051138
1051140
1051143
1051349
1051631
1051673
1051674
1051675
1051676
1052121
1052671
1052672
1052673
1053197
1053240
1053242
1054460
1054461
1054480
1054834
1054967
1054968
1055535
1055536
1055537
1055538
1056830
1056831
1056832
1056833
1064594
1069378
1070989
1070990
1071053
1071177
1071502
1071503
1071504
1071505
1071506
1072683
1073372
1073754
1073766
1073767
1074012
1074044
1074303
1074304
1074305
1074306
1074307
1074308
1074309
1074829
1075161
1075767
1075774
1075775
1076136
1076630
1076631
1076759
1079894
1079895
1079896
1079998
1079999
1080800
1084719
1084720
1084721
1084722
1086749
1086751
1086800
1087440
1087451
1087480
1087482
1088864
1088865
1088866
1088867
1089107
1089108
1089110
1089111
1089112
1089113
1089114
1089115
1089116
1089117
1089118
1089119
1089120
1089121
1089122
1089123
1089124
1089125
1089126
1089127
1089128
1089129
1089130
1089131
1089132
1089133
1089134
1089135
1089136
1089137
1089444
1089709
1089726
1089732
1089735
1089748
1089753
1089759
1090133
1090134
1090864
1091038
1091040
1091045
1091052
1091299
1091300
1091301
1091303
1091306
1091556
1092848
1093100
1093672
1094176
1094508
1095076
1095706
1095729
1095731
1095733
1095735
1095736
1097379
1097380
1097381
1097382
1097752
1097753
1097754
1100068
1100790
1100814
1101440
1104681
1105171
1105232
1105253
1105257
1105258
1105279
1105286
1105327
1108070
1108865
1109412
1109710
1109711
1109712
1109713
1109714
1109715
1109716
1109717
1109721
1110702
1112008
1112577
1112578
1113536
1113547
1114179
1115478
1115653
1115826
1116234
1116235
1116482
1117316
1117645
1118063
1118064
1121131
1123015
1123298
1123299
1123302
1123304
1123305
1123308
1123311
1123314
1123315
1123318
1124578
1124653
1124654
1124655
1124849
1125653
1126885
1126949
1126950
1126951
1127357
1127514
1127515
1127516
1127518
1128071
1128108
1128741
1129145
1129146
1129147
1129191
1129192
1129194
1130804
1131256
1131315
1131316
1131317
1132026
1133022
1133031
1133032
1133292
1133293
1133366
1133560
1134687
1136157
1136161
1136166
1136247
1136248
1136249
1136250
1136251
1136252
1136253
1136254
1136255
1136256
1136257
1136258
1136534
1136535
1136731
1137135
1137452
1137651
1137740
1137741
1137742
1137743
1137744
1137745
1141105
1141132
1141133
1141134
1141135
1141136
1141137
1141138
1141139
1141140
1141141
1141519
1141525
1141526
1144303
1147042
1147043
1147044
1147094
1147137
1147139
1147140
1147141
1147142
1147143
1147144
1147145
1147146
1147147
1147148
1147149
1147150
1147151
1147152
1147153
1147154
1147155
1147156
1147157
1147158
1147722
1149853
1149854
1149855
1149856
1149857
1150675
1150757
1150869
1150989
1150990
1150991
1150992
1151014
1154816
1154825
1154897
1154902
1154925
1154944
1154995
1155158
1157319
1157397
1158105
1158624
1158680
1158721
1159327
1159491
1159653
1159654
1159655
1159656
1159657
1159658
1159659
1159660
1159661
1159662
1159663
1159664
1159665
1159666
1159667
1159668
1159669
1159670
1159671
1159672
1159673
1159674
1159675
1159676
1159677
1159678
1159679
1159680
1159681
1159682
1159683
1159684
1159685
1159686
1159687
1159688
1159689
1159690
1159691
1159692
1159693
1160896
1160897
1160898
1161145
1161421
1161422
1161901
1161903
1161906
1161927
1161928
1161930
1161931
1161933
1161934
1161935
1161939
1162289
1162290
1162295
1162304
1162305
1162306
1163175
1163301
1163482
1165134
1165135
1165136
1165137
1165138
1165139
1165140
1165141
1165142
1165143
1165144
1165145
1165146
1165147
1165148
1165149
1165150
1165151
1165152
1165153
1165154
1165155
1165156
1165157
1165158
1165159
1165160
1165161
1165702
1168066
1168280
1168281
1168478
1168479
1168548
1168549
1168563
1168593
1168594
1168595
1168612
1168613
1168744
1168811
1168812
1168813
1168814
1168815
1168816
1168817
1168818
1168819
1168820
1168821
1168822
1168823
1168824
1168825
1168826
1168827
1168828
1168829
1168830
1168831
1168832
1168833
1168834
1168835
1168836
1168837
1168838
1168839
1168840
1168841
1168842
1168843
1168844
1168845
1168846
1168847
1168848
1168849
1168850
1168851
1168852
1169205
1169286
1169650
1169651
1169652
1169653
1169654
1169655
1169656
1169657
1169658
1169659
1169773
1169774
1169775
1169776
1169777
1169778
1169779
1169780
1169781
1169782
1169783
1169784
1169785
1169786
1169787
1169788
1169789
1169790
1169791
1169792
1169793
1169794
1169795
1169796
1169797
1169798
1169799
1169800
1169801
1169802
1169803
1169804
1169805
1169806
1169807
1169808
1169809
1169810
1169811
1169812
1169813
1169814
1169815
1169816
1169817
1169818
1169819
1169820
1169821
1169822
1169823
1169824
1169825
1169826
1169827
1169828
1169829
1169830
1169831
1169832
1169833
1169834
1169835
1169836
1169837
1169838
1169839
1169840
1169841
1169842
1169843
1169844
1169845
1169846
1170408
1170409
1172203
1172566
1173135
1173297
1173740
1173741
1173742
1173743
1173744
1173745
1173746
1173747
1173748
1173749
1173750
1173751
1173752
1173753
1173754
1173755
1173756
1173757
1173758
1173759
1173760
1173761
1173762
1173764
1173765
1173766
1173767
1173768
1173769
1173770
1173771
1173772
1175504
1175653
1175654
1175655
1175656
1175657
1175658
1175659
1175660
1175661
1175662
1175663
1176422
1176423
1176425
1176426
1176434
1176492
1176764
1176765
1176766
1176767
1177632
1182515
1183239
1186123
1186124
1187128
1187894
1187956
1188794
1188795
1189615
1190451
1190813
1191380
1194091
1194092
1194093
1194641
1194642
1195068
1195069
1195070
1195071
1195072
1195073
1195074
1195075
1195076
1195077
1195078
1195079
1195080
1195081
1195085
1195086
1195243
1196095
1196844
1197935
1197951
1197952
1197953
1198013
1198014
1198015
1198016
1198017
1198018
1198019
1198020
1198021
1198022
1198023
1198024
1198117
1198136
1198137
1198139
1198140
1198976
1198980
1200793
1200862
1201031
1201292
1203393
1203670
1204178
1204342
1204514
1204515
1204516
1204517
1204521
1204522
1204523
1204524
1204525
1204527
1204528
1204529
1204530
1204531
1204533
1204534
1204535
1204537
1204538
1204539
1204540
1204541
1204542
1204543
1204544
1206110
1206299
1206300
1206313
1206516
1206517
1206518
1206519
1206520
1206521
1206522
1206523
1206524
1206525
1206526
1206527
1206528
1206529
1206530
1206531
1206532
1206533
1206534
1206535
1206536
1206537
1206538
1206539
1206540
1206541
1206542
1206543
1206544
1206546
1206547
1206548
1206549
1206550
1206551
1206552
1206553
1206554
1206555
1206556
1206557
1206558
1206559
1206560
1207544
1207545
1208236
1208308
1208587
1208667
1211023
1211278
1211279
1211280
1211281
1211282
1211283
1211284
1211285
1211286
1211386
1211387
1211417
1211579
1211640
1211641
1211642
1211644
1211845
1213359
1213360
1214171
1214200
1214205
1215087
1215914
1216926
1216962
1217068
1217282
1217630
1217632
1217810
1218111
1218173
1218315
1218493
1218506
1218507
1219076
1219359
1219531
1220601
1220602
1220603
1220604
1220605
1220714
1220715
1220716
1220717
1221835
1221880
1222338
1223259
1223260
1223261
1223262
1224151
1224742
1225789
1225790
1225791
1225792
1225793
1225794
1225795
1225800
1225803
1225804
1225805
1225806
1225861
1225862
1226252
1226253
1226254
1226255
1226256
1226257
1226258
1226259
1226260
1226261
1226262
1226263
1227269
1227271
1227568
1227925
1229675
1229727
1229751
1229752
1229753
1229754
1229755
1229757
1229760
1229761
1229782
1229784
1229786
1229787
1229788
1229789
1229790
1229791
1229792
1229793
1229794
1230469
1230651
1230652
1231048
1231360
1231361
1232152
1233488
1234128
1234428
1234701
1234875
1234876
1234877
1234888
1235461
1235559
1235640
1235645
1235646
1235647
1235648
1235649
1235650
1235651
1235652
1235653
1235654
1235655
1235656
1235657
1235659
1235660
1235661
1235689
1235690
1235691
1235692
1235693
1235694
1235712
1235824
1235850
1236000
1236101
1236573
1237159
1237364
1239381
1239382
1239383
1239384
1239385
1239386
1241935
1243183
1244103
1244105
1244856
1244857
1245814
1245890
1246486
1246958
1248006
1248013
1248014
1248015
1248411
1249468
1249500
1250539
1258572
1260132
1260283
1260284
1260285
1260286
1260287
1261556
1262072
1262073
1262074
1262075
1262512
1262513
1262514
1262515
1262516
1262517
1262518
1262519
1262520
1262521
1262522
1262523
1262524
1262527
1262528
1262530
1262532
1262533
1262535
1262536
1262537
1262538
1262539
1262540
1263550
1263871
1264700
1264737
1265478
1266717
1267169
1268061
1273095
1273450
1273706
1273707
1273709
1273711
1273712
1273713
1273714
1273738
1273739
1273740
1273741
1273742
1273743
1273744
1273746
1273747
1273748
1273749
1273750
1273751
1273752
1273753
1273754
1273755
1274814
1276647
1276652
1277672
1277886
1277891
1277892
1277893
1277895
1277896
1278324
1278325
1278326
1278327
1278328
1278329
1278330
1278331
1278332
1278333
1278334
1278335
1278336
1278337
1278338
1278339
1278340
1278341
1278342
1278343
1278344
1278345
1278346
1278347
1278348
1278349
1278350
1278351
1278352
1278353
1278354
1278355
1278356
1278357
1278358
1278359
1278360
1278361
1278362
1278363
1278364
1278365
1278366
1278367
1278368
1278369
1278370
1278371
1278372
1278373
1278374
1278375
1278376
1278377
1278378
1278379
1278380
1278381
1278382
1278383
1278384
1278385
1278386
1278387
1278388
1278389
1278390
1278391
1278392
1278393
1278394
1278395
1278396
1278397
1278398
1278399
1278400
1278401
1278402
1278403
1278404
1278405
1278406
1278407
1278408
1278409
1278410
1278411
1278412
1278413
1278414
1278415
1278416
1278417
1278418
1278419
1278420
1278421
1278422
1278423
1278424
1278425
1278426
1278427
1278428
1278429
1278430
1278431
1278432
1278433
1278434
1278435
1278436
1278437
1278438
1278439
1278440
1278441
1278442
1278443
1278444
1278445
1278446
1278447
1278448
1278449
1278450
1278451
1278452
1278453
1278454
1278455
1278456
1278457
1278458
1278459
1278460
1278461
1278462
1278463
1278464
1278465
1278466
1278467
1278468
1278469
1278470
1278471
1278472
1278473
1278474
1278475
1278476
1278477
1278478
1278479
1278480
1278481
1278482
1278483
1278484
1278485
1278486
1278487
1278488
1278489
1278490
1278491
1278492
1278493
1278494
1278495
1278496
1278497
1278498
1278499
1278500
1278501
1278502
1278503
1278504
1278505
1278506
1278507
1278508
1278509
1278510
1278511
1278512
1278513
1278514
1278515
1278516
1278517
1278518
1278519
1278520
1278521
1278522
1278523
1278524
1278525
1278526
1278527
1278528
1278529
1278530
1278531
1278532
1278533
1278534
1278535
1278536
1278537
1279007
1279070
1279082
1279083
1282994
1282995
1283071
1283072
1283073
1283076
1283077
1283078
1283079
1283335
1283336
1283337
1283340
1285382
1285383
1285384
1285385
1286640
1288117
1288825
1289467
1289570
1289595
1289596
1289597
1289598
1289599
1289600
1289601
1292086
1294274
1296536
1296591
1296592
1296641
1296646
1296647
1296654
1296655
1296656
1296658
1296659
1296660
1296661
1296662
1297565
1297566
1298530
1299114
1299429
1300003
1300004
1300005
1300006
1300007
1300324
1301204
1302810
1302863
1303018
1303346
1303672
1303674
1303675
1303676
1305708
1305710
1306407
1307436
1307804
1308863
1308869
1308870
1308871
1308894
1308896
1308897
1308898
1308899
1309583
1309806
1309807
1310161
1310165
1311572
1313303
1314835
1316582
1316739
1318633
1319980
1321382
1321383
1322345
1323662
1325371
1325372
1325731
1325953
1325963
1326968
1327035
1327036
1327037
1327758
1327759
1327760
1327762
1327763
1327764
1327765
1327766
1327768
1327769
1327770
1327771
1327772
1327773
1327774
1327775
1327776
1327777
1327778
1327779
1327934
1327935
1327936
1327937
1327938
1327939
1327940
1327941
1327942
1327944
1327945
1327946
1327947
1327948
1327949
1327950
1327951
1327952
1327953
1327955
1327956
1327959
1327964
1327965
1327966
1327968
1327969
1327970
1327971
1327972
1327973
1327974
1327975
1327976
1327977
1327979
1327980
1327981
1327982
1327983
1327984
1327985
1327987
1327990
1327992
1327993
1327995
1327997
1327999
1328028
1328029
1328030
1329036
1329907
1330545
1332117
1332118
1332119
1332120
1332121
1332122
1332124
1332125
1332126
1332127
1332128
1332129
1332130
1332131
1332132
1332133
1332134
1332135
1332136
1332137
1332138
1332139
1332140
1332141
1332142
1332143
1332144
1332145
1332146
1332147
1332148
1332149
1332150
1332151
1332152
1332153
1332154
1332155
1332156
1332157
1332158
1332159
1332160
1332161
1332162
1332163
1332164
1332165
1332166
1332167
1332168
1332169
1332170
1332171
1332172
1332173
1332174
1333500
1334189
1334242
1334243
1334244
1334245
1334246
1335230
1336746
1337877
1339248
1340534
1340708
1340709
1340711
1340712
1340713
1340745
1340750
1340769
1340809
1340810
1340811
1340812
1340813
1340814
1340818
1340819
1340820
1340821
1340822
1340824
1340825
1340826
1340827
1340828
1340829
1340830
1340831
1340833
1340834
1340835
1340836
1340847
1341101
1343071
1343494
1343495
1345639
1346893
1347760
1348393
1348396
1348397
1348398
1348399
1348400
1348401
1348402
1348585
1348912
1349400
1351735
1351740
1352227
1352230
1353134
1354496
1354507
1354508
1354509
1354510
1354511
1354512
1354513
1354514
1355477
1357279
1357423
1357669
1357704
1357705
1357706
1357707
1357708
1357709
1357710
1357712
1357713
1357714
1357715
1357732
1357825
1357994
1358124
1366055
1366262
1366263
1366264
1366265
1366266
1366267
1366268
1366269
1366270
1366271
1366272
1366273
1367672
1378061
1380773
1381584
1382932
1383054
1383055
1383056
1383057
1383059
1384549
1385385
1387733
1389935
1389955
1391179
1391180
1391181
1391188
1391190
1391223
1391224
1391428
1391429
1391430
1391431
1391432
1391433
1391455
1391456
1391549
1391659
1392231
1392869
1395514
1395983
1397108
1399915
1399941
1399942
1399949
1400796
1401297
1401318
1401446
1401669
1402875
1403390
1403946
1406340
1406341
1406378
1406779
1406780
1406781
1406782
1406783
1406784
1406785
1406786
1406787
1406788
1406789
1406790
1406791
1406792
1406793
1406794
1406795
1406974
1407493
1407608
1407671
1408178
1408278
1408814
1410331
1410519
1410675
1411081
1411095
1411316
1412875
1414586
1414736
1414737
1414738
1414739
1414741
1414742
1414747
1414748
1414766
1414768
1414769
1415145
1415146
1415147
1415148
1415759
1415761
1415776
1416008
1416009
1416011
1416012
1416020
1416027
1416028
1416030
1416031
1416032
1416334
1417599
1423348
1424337
1428684
1429230
1429231
1429232
1429233
1429758
1429759
1429767
1429768
1429791
1429792
1429793
1429794
1429903
1429904
1429905
1429912
1429913
1430411
1430441
1430444
1432428
1432658
1432788
1432847
1432848
1432850
1434014
1434127
1434319
1434323
1434659
1434748
1434749
1434750
1434751
1434821
1434830
1435411
1435981
1436725
1436831
1436889
1437328
1437329
1437363
1437593
1437839
1439894
1442384
1444758
1444759
1445553
1445714
1445715
1445726
1445727
1445728
1445729
1445809
1445810
1445811
1445858
1445859
1445860
1446489
1446490
1446491
1446492
1446604
1448273
1448274
1448276
1449437
1449788
1449896
1449897
1450142
1450169
1450182
1450183
1450185
1450186
1450187
1450188
1450189
1450190
1450191
1450192
1450749
1451050
1451074
1451075
1451077
1451116
1453336
1453337
1453367
1455074
1455075
1455076
1455609
1458669
1458670
1458697
1458706
1458709
1458710
1458711
1458712
1458713
1458714
1458715
1458716
1458717
1458724
1458725
1458726
1458831
1458841
1458842
1458843
1458846
1458848
1458849
1458851
1458852
1458853
1458854
1458855
1458856
1458857
1458858
1458859
1458860
1458861
1458862
1458863
1458865
1460070
1460361
1460362
1460363
1460364
1460366
1460367
1460368
1460369
1460447
1461246
1461743
1462421
1462581
1462608
1463165
1463607
1463809
1463810
1463811
1463812
1464127
1465613
1465618
1465639
1468169
1468179
1468411
1470458
1470459
1470460
1470461
1470462
1470463
1470464
1471542
1471543
1471544
1472341
1472912
1474867
1476390
1476391
1476886
1476887
1476888
1476889
1476902
1476978
1477404
1477406
1479524
1480731
1481110
1481112
1481186
1481187
1481224
1481785
1483485
1486246
1486397
1486403
1486404
1486413
1486414
1486419
1486421
1486422
1486423
1486424
1486425
1486426
1486427
1486428
1486429
1486469
1486470
1486471
1486472
1486473
1486474
1486657
1486658
1486659
1486660
1486661
1486662
1492784
1493507
1493508
1493509
1493510
1493511
1493512
1493513
1493514
1494669
1494670
1494671
1494672
1494673
1494674
1494675
1494676
1494677
1494678
1494679
1494680
1494681
1494682
1494683
1494684
1494685
1494686
1494687
1494688
1494689
1494690
1494691
1494692
1494693
1494694
1494695
1494696
1494697
1494698
1494699
1494700
1494701
1494702
1494703
1494704
1494705
1494706
1494707
1494708
1494709
1494710
1494711
1494712
1494713
1494714
1494875
1495285
1495286
1495784
1495785
1497796
1497850
1497851
1498011
1498168
1498169
1498170
1498171
1498172
1498188
1498190
1498204
1498212
1498213
1498220
1498227
1498228
1499973
1500386
1500712
1500713
1500733
1500734
1500735
1500756
1500757
1500798
1500799
1500800
1500801
1500802
1500803
1500804
1500805
1500806
1500807
1500808
1500809
1500810
1500811
1500812
1500813
1500814
1500815
1500816
1500817
1500818
1500819
1500820
1500821
1500822
1500823
1500824
1500825
1500826
1500827
1500828
1500829
1500830
1500831
1500832
1503040
1503929
1504984
1505026
1505027
1505225
1505226
1505227
1505528
1506453
1506716
1506997
1508658
1508671
1508672
1508673
1508674
1508675
1508676
1508677
1508678
1508679
1508680
1508681
1508682
1508683
1508684
1510440
1510574
1510621
1510622
1510623
1510624
1510625
1510626
1510627
1510628
1510629
1510630
1510631
1510632
1510633
1510634
1510635
1510636
1510637
1510937
1510939
1511030
1514988
1515651
1515652
1515653
1516115
1518022
1519788
1519999
1522091
1522092
1524880
1524881
1524882
1524910
1525218
1525400
1526408
1526550
1527463
1527469
1527493
1527494
1527506
1527511
1527512
1527513
1527514
1527515
1527516
1527517
1527519
1527520
1527521
1527524
1527525
1527531
1527533
1527534
1527535
1527536
1527580
1527692
1527693
1527694
1527770
1527771
1529057
1529058
1529431
1530085
1530086
1530400
1531298
1531316
1531317
1531318
1531319
1531320
1531321
1531322
1531323
1531324
1531325
1531326
1531327
1531328
1531329
1531330
1531331
1531332
1531334
1531335
1531336
1531337
1531338
1531339
1531340
1531341
1531342
1531343
1531344
1531345
1531346
1531347
1531348
1531349
1531350
1534743
1536592
1536596
1536597
1536598
1536599
1536603
1536604
1536605
1536611
1537091
1537658
1537702
1538364
1538804
1540090
1540091
1540092
1540093
1540094
1540095
1540096
1540097
1540098
1540099
1540823
1540876
1540895
1540904
1540905
1541686
1541687
1541688
1541689
1541690
1541691
1541692
1541693
1541694
1541819
1541820
1541821
1541823
1541824
1541825
1541871
1541872
1541873
1541874
1541875
1541876
1541877
1541878
1541879
1541880
1541881
1541882
1541883
1541886
1541887
1541890
1541891
1542090
1542091
1542092
1542093
1542094
1542095
1542096
1542097
1542098
1542099
1542100
1542101
1542102
1542103
1542104
1542105
1542106
1542107
1542108
1542109
1542110
1542111
1542112
1542113
1542114
1542115
1542116
1542117
1542118
1542119
1542120
1542121
1542122
1542123
1542124
1542125
1542126
1542127
1542128
1542131
1542132
1542133
1542447
1542477
1542498
1542666
1542912
1542934
1543199
1543201
1543203
1543205
1543206
1548421
1548900
1548901
1548902
1548903
1548904
1548905
1548906
1548907
1548908
1548909
1548910
1548911
1548912
1548913
1548914
1548915
1548916
1548917
1548918
1550090
1551641
1551642
1551710
1551711
1552733
1552735
1555201
1555202
1555207
1555208
1555233
1555234
1555235
1555238
1556289
1556290
1557033
1557034
1557035
1558463
1558464
1558465
1558466
1558467
1558468
1558469
1560201
1560282
1560283
1560284
1560285
1560286
1560313
1560342
1562076
1562376
1562377
1563661
1564096
1564251
1564506
1565372
1566990
1566993
1566994
1566995
1567004
1567005
1567006
1567007
1567009
1567010
1567011
1567012
1567013
1567014
1567015
1567016
1567022
1567025
1567026
1567027
1567028
1567029
1567451
1567452
1567453
1567465
1567466
1567467
1567468
1567469
1567470
1567471
1567472
1567473
1567474
1567475
1567476
1567477
1567478
1567479
1567483
1567484
1567485
1567486
1567487
1569867
1572702
1572703
1572704
1572712
1572715
1572716
1572740
1572743
1572744
1572745
1572746
1572747
1572748
1572749
1572750
1572753
1572754
1573458
1574213
1574214
1574215
1574216
1574217
1574218
1578720
1579424
1581410
1582149
1582150
1582151
1582152
1582153
1582154
1582155
1582156
1582157
1582354
1585840
1587519
1587520
1587521
1587907
1589265
1589269
1589270
1589273
1589274
1589297
1589298
1589733
1589746
1589747
1589748
1589749
1589750
1589751
1589752
1589753
1589754
1589755
1590550
1591072
1591073
1591088
1592130
1592206
1594456
1594457
1597966
1597967
1597971
1597972
1597976
1598146
1602975
1603039
1604355
1604356
1604868
1604876
1605379
1606762
1606763
1608310
1608311
1610508
1610509
1610828
1610829
1610830
1610831
1610832
1610833
1610834
1610835
1610836
1610837
1610838
1610855
1610872
1611545
1612310
1612311
1612312
1615674
1620844
1621534
1622114
1622115
1622116
1622190
1622191
1622192
1622193
1622234
1623273
1623274
1623275
1623276
1623277
1623278
1623280
1623281
1623282
1623283
1623284
1623285
1623286
1623287
1623288
1623289
1623290
1623292
1623293
1623295
1623297
1623298
1623299
1623300
1623301
1623302
1623303
1623304
1623305
1623306
1623307
1623308
1623309
1628085
1628720
1628721
1628722
1629654
1629953
1629954
1633149
1633150
1633151
1633782
1636178
1636179
1636180
1636182
1636183
1636184
1636189
1636200
1636201
1636202
1636203
1636204
1636205
1636249
1636250
1636254
1636255
1636256
1636257
1636258
1636259
1636260
1636261
1636262
1636263
1636270
1636271
1636313
1636314
1636315
1636544
1636545
1636546
1636547
1636554
1636555
1636556
1636557
1636558
1636559
1636560
1636561
1636562
1636563
1636564
1636565
1636566
1636567
1636568
1636569
1636570
1636571
1636572
1636573
1636574
1636575
1636576
1636577
1636578
1636579
1636580
1636581
1636582
1636583
1636584
1636585
1636586
1636587
1636616
1636617
1636618
1636724
1639133
1639631
1639814
1639815
1640445
1640882
1640883
1640885
1640969
1640970
1640972
1640973
1640974
1640975
1640977
1640978
1642588
1642663
1643324
1643325
1643326
1643327
1643328
1643678
1647103
1647282
1647283
1647284
1647285
1647286
1647300
1647301
1647302
1647303
1647304
1647305
1647306
1647307
1647308
1647309
1647310
1647311
1647312
1647313
1647373
1647374
1647385
1647386
1647387
1647391
1647400
1647402
1647403
1647404
1647405
1647408
1647411
1647412
1647417
1647418
1647419
1647420
1647421
1647422
1647423
1647424
1647425
1647426
1647427
1647428
1647429
1647430
1647431
1647432
1647433
1647434
1647435
1647436
1647437
1647438
1647439
1647440
1647441
1647442
1647443
1647454
1647455
1647456
1647457
1647458
1647459
1647460
1647461
1647462
1647463
1647464
1647465
1647466
1647467
1647468
1647469
1647470
1647471
1647472
1647473
1647474
1647475
1647476
1647524
1647525
1647526
1647527
1647528
1647529
1647530
1647531
1647532
1647533
1647534
1647535
1647536
1647537
1647538
1647539
1647540
1647541
1647542
1647543
1647544
1647545
1647546
1647547
1647548
1647549
1647550
1647551
1647552
1647553
1647554
1647555
1649239
1649240
1649459
1650659
1651196
1651197
1651198
1651199
1651200
1651201
1651202
1651203
1651204
1651816
1653086
1653734
1654601
1654717
1654740
1654780
1654781
1654782
1654883
1654884
1654885
1654886
1654887
1654888
1654889
1654890
1654891
1654892
1654893
1654894
1654919
1654926
1654927
1654928
1655012
1655013
1655014
1655015
1655016
1655017
1655018
1655019
1655020
1655021
1655022
1655023
1655305
1655307
1655314
1655644
1655645
1656094
1656936
1659230
1660347
1660361
1660362
1660363
1660364
1660365
1660366
1660367
1660368
1660369
1660370
1660371
1660372
1660373
1660374
1660375
1660376
1660377
1660378
1660379
1660380
1660381
1660382
1661715
1662284
1662330
1662331
1662332
1662333
1662463
1664246
1664247
1666987
1666988
1667322
1667364
1667365
1667366
1667367
1667368
1667369
1667370
1667371
1667372
1667373
1667374
1667375
1667376
1667377
1667378
1667379
1667380
1667381
1667382
1667383
1671396
1673065
1673729
1673868
1673871
1673872
1673873
1673874
1673875
1673876
1673877
1673878
1673884
1673885
1673886
1673887
1673889
1673892
1674926
1674927
1674930
1674945
1675014
1675027
1675028
1675029
1675030
1675317
1675528
1675529
1675531
1675548
1675549
1675550
1675551
1675552
1675553
1675554
1675555
1675598
1675599
1675600
1675601
1675602
1675603
1675606
1675607
1675608
1675609
1676181
1676182
1676183
1676276
1676277
1676626
1677909
1677920
1678082
1678126
1679405
1679524
1679527
1679530
1679719
1681862
1682380
1682394
1684115
1685500
1685501
1689660
1689679
1690425
1690426
1690427
1690428
1690431
1690456
1690684
1690805
1690806
1690807
1690808
1690809
1690810
1690811
1690812
1690813
1690814
1690817
1690818
1691954
1691955
1691956
1691957
1691958
1695221
1697372
1697373
1698252
1698253
1698254
1698356
1698357
1698358
1698359
1698360
1698361
1698362
1698363
1698364
1698365
1698366
1698367
1698369
1698417
1698419
1698420
1698421
1698423
1698439
1698440
1698441
1698451
1698522
1698523
1698525
1698526
1698708
1698709
1698710
1698711
1698712
1698713
1698714
1698715
1698716
1699888
1700833
1700839
1701257
1701259
1701260
1701671
1701798
1701799
1701800
1701801
1701802
1701803
1701804
1701805
1701806
1701807
1701808
1701809
1701810
1701811
1701812
1701813
1701814
1701815
1701816
1701817
1701818
1701819
1701820
1701821
1701822
1701823
1701824
1701825
1701826
1701827
1701828
1701829
1701830
1701831
1701832
1701833
1701834
1701835
1701836
1701837
1701838
1701839
1701840
1701841
1701842
1701843
1701844
1701845
1701846
1701847
1701848
1701849
1701850
1701851
1701852
1701853
1701854
1701859
1701860
1701861
1701862
1701863
1701864
1701865
1701866
1701867
1702259
1702260
1703969
1703971
1703972
1705400
1705993
1708203
1708400
1712517
1712539
1715653
1715654
1715655
1715656
1716041
1716042
1718158
1718161
1718166
1718171
1718172
1718174
1718175
1718177
1718273
1718278
1718279
1718280
1718281
1718594
1718599
1718600
1718601
1718606
1718669
1718840
1718841
1718842
1719140
1720323
1720324
1720493
1720494
1720495
1720496
1720497
1720498
1720499
1720500
1720501
1720502
1720503
1720504
1720505
1720506
1720970
1728958
1729015
1729016
1729933
1729934
1729935
1729936
1729937
1729938
1732063
1732064
1732176
1733565
1734382
1734925
1735465
1735466
1735561
1735562
1735565
1735574
1735582
1735586
1735591
1735645
1735646
1735698
1735699
1735700
1735701
1735702
1736028
1737463
1737464
1737465
1737466
1737467
1738770
1739607
1739608
1739609
1739610
1739611
1739966
1739967
1739968
1739971
1740107
1740108
1740109
1743016
1745330
1745331
1745332
1745333
1745334
1745335
1747271
1747281
1747282
1747283
1747284
1747285
1747286
1747287
1747288
1747289
1747326
1747351
1747352
1747384
1747713
1747714
1748773
1748967
1752027
1752028
1752076
1754209
1754216
1754217
1755215
1755216
1755307
1755308
1755309
1755310
1755311
1755653
1755671
1755679
1755680
1755681
1755682
1755689
1755690
1755692
1755693
1755695
1755697
1755961
1756761
1758118
1759525
1759531
1759532
1762012
1762013
1764273
1764275
1764276
1768917
1770232
1771959
1772218
1772219
1772250
1772251
1772252
1772253
1772291
1772292
1772293
1772294
1772295
1772296
1772297
1772298
1772299
1772300
1772301
1772302
1772303
1772304
1772305
1772306
1772307
1772308
1772309
1772310
1772311
1772312
1772313
1772314
1772315
1772316
1772317
1772318
1772319
1772320
1772321
1772322
1772323
1772324
1772326
1772327
1772328
1772332
1774508
1775140
1775141
1775142
1775248
1775249
1775250
1775255
1775256
1775283
1775428
1776293
1776684
1777046
1777047
1777051
1777052
1777053
1777054
1777058
1777059
1777060
1777061
1777062
1777063
1777064
1777065
1777066
1777067
1777068
1777069
1777070
1777071
1777072
1777122
1778540
1779843
1784843
1784939
1784947
1784948
1784956
1784979
1784980
1784981
1784982
1785176
1785960
1788294
1788345
1788346
1789651
1789653
1789752
1792032
1792149
1792222
1792228
1792245
1792253
1792269
1792272
1792273
1792274
1792286
1792287
1792288
1792289
1796613
1796620
1796992
1796993
1796994
1796995
1796996
1796997
1796998
1797099
1798161
1798163
1803294
1803939
1805456
1805457
1805458
1805459
1805460
1805464
1805465
1805466
1805467
1805468
1805948
1805949
1805950
1805951
1805952
1805953
1805954
1805955
1805956
1805958
1805959
1806064
1806065
1807511
1808964
1808974
1810705
1810936
1810937
1810938
1813769
1813770
1813771
1813772
1813773
1813774
1813775
1813776
1813777
1813778
1813779
1813780
1813781
1813782
1813783
1813887
1813888
1814015
1814128
1814279
1814280
1814281
1814282
1814283
1814284
1814285
1814286
1814287
1814288
1814957
1814958
1814959
1814960
1815509
1815510
1815511
1815520
1815521
1815522
1815523
1815524
1815525
1815526
1815527
1815528
1815529
1815530
1815532
1815582
1815590
1815608
1815609
1815630
1815631
1815955
1815956
1815957
1815968
1815969
1815972
1815973
1815974
1815975
1815976
1815977
1815978
1815983
1815984
1815985
1815986
1815987
1815988
1815989
1818107
1818374
1819242
1821221
1821228
1821279
1821537
1821538
1821539
1821540
1821541
1821548
1821549
1821550
1821551
1821552
1821553
1821554
1821555
1821556
1821557
1821558
1821559
1821560
1821561
1821562
1821563
1821564
1821565
1821566
1821720
1821721
1821722
1821723
1821724
1821725
1821726
1821727
1821728
1821960
1825069
1836596
1837218
1837219
1837829
1837830
1837841
1837842
1837850
1837862
1837867
1837875
1837876
1837877
1837930
1837931
1838061
1838062
1838063
1838064
1838065
1838066
1838067
1838068
1838069
1838070
1838071
1838072
1838073
1838074
1838075
1838076
1838077
1838078
1838079
1838080
1838081
1838082
1838083
1838084
1838137
1838138
1838151
1838152
1838153
1838154
1838155
1838156
1838157
1838158
1840236
1840520
1840521
1841196
1841599
1842003
1842004
1842005
1842006
1843082
1844477
1846168
1849104
1849603
1851600
1851646
1852002
1852003
1852562
1852563
1852564
1852565
1852566
1852567
1852597
1852598
1852599
1852622
1852625
1852626
1852627
1852628
1852629
1852630
1852638
1852639
1852640
1852641
1852642
1852643
1852644
1852657
1852658
1852659
1852661
1852662
1852663
1852664
1852665
1852666
1852667
1852668
1852669
1852670
1852671
1852672
1852673
1852674
1852675
1852676
1852677
1852678
1852679
1852680
1852681
1852682
1852683
1852684
1852685
1852686
1852687
1852688
1855815
1855816
1856120
1857099
1857100
1857647
1857843
1857844
1857845
1857846
1857889
1857890
1857891
1860151
1860178
1860179
1860190
1860191
1860192
1860193
1860194
1860195
1862327
1862611
1862701
1862958
1862959
1862960
1862961
1862962
1862963
1862964
1862965
1863007
1863008
1863009
1863010
1863011
1864622
1864623
1866885
1868169
1868170
1868594
1868595
1868596
1868597
1868598
1868599
1868600
1868601
1868610
1868611
1868654
1868660
1868661
1868662
1868663
1868664
1868665
1868666
1868667
1868668
1868669
1868670
1868671
1868672
1868673
1868674
1868675
1868676
1868677
1868678
1868679
1868680
1868681
1868682
1868683
1868684
1868685
1868686
1868687
1868824
1868825
1868826
1868827
1868828
1868829
1868842
1868843
1868844
1868845
1868846
1868847
1868848
1868849
1868850
1868851
1868852
1868853
1868854
1868855
1868856
1868857
1868858
1868859
1868860
1868861
1868862
1868868
1868869
1869227
1869339
1869344
1870778
1870884
1870977
1870978
1870979
1871049
1871313
1871314
1871614
1871678
1871681
1871683
1871685
1871686
1871687
1871689
1871690
1871692
1871707
1871708
1871709
1871710
1871711
1871712
1871716
1872444
1872471
1872626
1872640
1872689
1872723
1873341
1873449
1873452
1873497
1873498
1873696
1873697
1873777
1873778
1873887
1873888
1873889
1873890
1873891
1873892
1873894
1873895
1873902
1873903
1873904
1873905
1873949
1873950
1873954
1873958
1873959
1873985
1873986
1873989
1873990
1873993
1873994
1873995
1873996
1873997
1873998
1873999
1874000
1874001
1874002
1874014
1874015
1874016
1874017
1874018
1874249
1874250
1874251
1874252
1874253
1874254
1874255
1874333
1874529
1874530
1874531
1874539
1874540
1874570
1874571
1874572
1874573
1874574
1874575
1874576
1874577
1874578
1874579
1874580
1874581
1874582
1874583
1874584
1874585
1874586
1874587
1874588
1874589
1874590
1874591
1874592
1874593
1874594
1874686
1874688
1876758
1879035
1879286
1880590
1880678
1880822
1881104
1881139
1881140
1881141
1881175
1881176
1881177
1881178
1881179
1881180
1881181
1881182
1881183
1881184
1881185
1881186
1881187
1881188
1881189
1881190
1881191
1881192
1881193
1881194
1881195
1881196
1881197
1881198
1881199
1881200
1881201
1881202
1881203
1881204
1881205
1881206
1881207
1881208
1881209
1881210
1881211
1881212
1881213
1881214
1881215
1881216
1881217
1881218
1881219
1881220
1881221
1881222
1881223
1881224
1881225
1881226
1881227
1881228
1881229
1881230
1881231
1881232
1881233
1881234
1881235
1881236
1881237
1881238
1881239
1881240
1881241
1881242
1881243
1881244
1881245
1881246
1881247
1881248
1881249
1881250
1881251
1881252
1881253
1881254
1881255
1881256
1881257
1881258
1881259
1881260
1881261
1881262
1881263
1881264
1881265
1881266
1881267
1881268
1881269
1881270
1881271
1881272
1881273
1881274
1881275
1881276
1881277
1881278
1881279
1881280
1881281
1881282
1881283
1881284
1881285
1881286
1881287
1881288
1881289
1881290
1881291
1881292
1881293
1881294
1881295
1881296
1881297
1881298
1881299
1881300
1881301
1881302
1881303
1881304
1881305
1881306
1881307
1881308
1881309
1881310
1881311
1881312
1881313
1881314
1881315
1881316
1881317
1881318
1881319
1881320
1881321
1881322
1881323
1881324
1881325
1881326
1881327
1881328
1881329
1881330
1881331
1881332
1881333
1881334
1881335
1881336
1881337
1881338
1881339
1881340
1881341
1881342
1881343
1881344
1881345
1881346
1881347
1881348
1881349
1881350
1881351
1881352
1881353
1881354
1881355
1881356
1881357
1881358
1881359
1881360
1881361
1881362
1881363
1881364
1881365
1881366
1881367
1881368
1881369
1881370
1881371
1881372
1881373
1881374
1881375
1881376
1881377
1881378
1881379
1881380
1881381
1881382
1881383
1881384
1881385
1881386
1881387
1881388
1881389
1881390
1881391
1881392
1881393
1881394
1881395
1881396
1881397
1881398
1881399
1881400
1881401
1881402
1881403
1881404
1881405
1881406
1881407
1881408
1881409
1881410
1881411
1881412
1881413
1881414
1881415
1881416
1881417
1881418
1881419
1881420
1881421
1881422
1881423
1881424
1881425
1881426
1881427
1881428
1881429
1881430
1881431
1881432
1881433
1881434
1881435
1881436
1881437
1881438
1881439
1881440
1881441
1881442
1881443
1881444
1881445
1881446
1881447
1881448
1881449
1881450
1881451
1881452
1881453
1881454
1881455
1881456
1881628
1881868
1881869
1882400
1882439
1882465
1882746
1883200
1883202
1883203
1883204
1883205
1883206
1883207
1883365
1883366
1883367
1883368
1883369
1883370
1883371
1883372
1883373
1883374
1883375
1883376
1883377
1883378
1883379
1883427
1884818
1884821
1884822
1884823
1884824
1884825
1885242
1885245
1885263
1885264
1885265
1885266
1885267
1885268
1885640
1885641
1885642
1885643
1885644
1885645
1885646
1885647
1885648
1885649
1885650
1885651
1885652
1885653
1885654
1886604
1886796
1887641
1887642
1887643
1887644
1887645
1887646
1887647
1887648
1887649
1887650
1887651
1887652
1887653
1887654
1887655
1887656
1887657
1888169
1888195
1888892
1891236
1891280
1891703
1891963
1892568
1892569
1892901
1892904
1896315
1896336
1897400
1897424
1897425
1897426
1897428
1897429
1897430
1897431
1897432
1897433
1897434
1897435
1897436
1897437
1897438
1897439
1897440
1897441
1897442
1897443
1897445
1897448
1897449
1897479
1897480
1897482
1897483
1897484
1897486
1897487
1897489
1897490
1897491
1897495
1897496
1897497
1897498
1897499
1897500
1897501
1897502
1897503
1897504
1897505
1897506
1897507
1897515
1897516
1897517
1897518
1897523
1897524
1897525
1897526
1897527
1897528
1897529
1897531
1897532
1897533
1897534
1897535
1897536
1897537
1897539
1897540
1897541
1897542
1897543
1897544
1897545
1897546
1897547
1897548
1897549
1897550
1897551
1897552
1897553
1897554
1897555
1897639
1897640
1897641
1897736
1897737
1897738
1897739
1897740
1897741
1897742
1897743
1897745
1897746
1897747
1897748
1897749
1897750
1897751
1897752
1897754
1897755
1897761
1897762
1897763
1897764
1897765
1897766
1897767
1897768
1897769
1897770
1898033
1898550
1899293
1899294
1899295
1899498
1902504
1902505
1902506
1902507
1902981
1903149
1903184
1903185
1903259
1903260
1904441
1904491
1904823
1904862
1904925
1905713
1905831
1906242
1906349
1906935
1906936
1906937
1906938
1906939
1906940
1906941
1906944
1907173
1907178
1907192
1907781
1907782
1907783
1907784
1907785
1907786
1907944
1908224
1908549
1909388
1909389
1909400
1909401
1909402
1909403
1909694
1910931
1910935
1910936
1910937
1910976
1910991
1910992
1910993
1910999
1911006
1911007
1911008
1911009
1911010
1911515
1911928
1911929
1912095
1912143
1912144
1912146
1912236
1912315
1912318
1912319
1912320
1912321
1912325
1912326
1912327
1912492
1912592
1912593
1912760
1912894
1912896
1912975
1912976
1912977
1912978
1913034
1913035
1913036
1913037
1913038
1913039
1913040
1913041
1913042
1913043
1913044
1913046
1913047
1913048
1913049
1913079
1913080
1913081
1913082
1913083
1913084
1913108
1913109
1913110
1913111
1913112
1913113
1913114
1913117
1913118
1913119
1913122
1913145
1913446
1913447
1913448
1913449
1913570
1913571
1913572
1913574
1913575
1913581
1913582
1913591
1913650
1913651
1913652
1913653
1913654
1913655
1913656
1913657
1913658
1913667
1913683
1913684
1913685
1913686
1913989
1913995
1914019
1914020
1914021
1914155
1914160
1914161
1914162
1914165
1914192
1914193
1914194
1914195
1914199
1914200
1914201
1914202
1914203
1914204
1914205
1914206
1914207
1914208
1914209
1914291
1914788
1914850
1914851
1914852
1914853
1914854
1914855
1914856
1914892
1914893
1914894
1914895
1914897
1914898
1914899
1915205
1915206
1915207
1915208
1915209
1915306
1915309
1916097
1916098
1916099
1916101
1916103
1916107
1916110
1916111
1916112
1916113
1916114
1916115
1916116
1916117
1916120
1916121
1916123
1916124
1916125
1916126
1916127
1916151
1916152
1916153
1916154
1916155
1916156
1916157
1916158
1916159
1916160
1916161
1916162
1916163
1916164
1916165
1916166
1916167
1916168
1916169
1916170
1916171
1916172
1916173
1916174
1916175
1916176
1916177
1916178
1916179
1916180
1916181
1916182
1916183
1916184
1916185
1916186
1916187
1916188
1916189
1916190
1916191
1916192
1916193
1916194
1916195
1916196
1916197
1916198
1916199
1916200
1916201
1916202
1916203
1916204
1916205
1916206
1916207
1916414
1917452
1917488
1917990
1918005
1918006
1918007
1918008
1918009
1918010
1918011
1918012
1918017
1918192
1918193
1918194
1918522
1918524
1918525
1918718
1918720
1918721
1918722
1918723
1918724
1918725
1918726
1918727
1920032
1920294
1920298
1920305
1920307
1920308
1920309
1920310
1920311
1920312
1920338
1920379
1920526
1920750
1920751
1920752
1920753
1920754
1920755
1920756
1920757
1920758
1920759
1920760
1920761
1920762
1920763
1920764
1920765
1920774
1920777
1920778
1920779
1920780
1920781
1920860
1920861
1920862
1920864
1920865
1920866
1920993
1920994
1920995
1920996
1920998
1920999
1921000
1921004
1921005
1921008
1921016
1921017
1921018
1921019
1921117
1921118
1921119
1921120
1921121
1921122
1921123
1921124
1921125
1921126
1921127
1921128
1921129
1921130
1921184
1921185
1921186
1921187
1921188
1921189
1921407
1921408
1921409
1921410
1921411
1921412
1921413
1921434
1921435
1921436
1921524
1921525
1921526
1921528
1921529
1921530
1921531
1921544
1921545
1921546
1921547
1921548
1921553
1921554
1921555
1921559
1921560
1921561
1921562
1921563
1921696
1921698
1921699
1921704
1921705
1921706
1921709
1921710
1921711
1921712
1921713
1922210
1922211
1922212
1922213
1922243
1922246
1922247
1922327
1922328
1922329
1922330
1922331
1922332
1923889
1923890
1924547
1924548
1924549
1924729
1924730
1924731
1924732
1924733
1924734
1925779
1925780
1925781
1925782
1926503
1926504
1926594
1926943
1927013
1927014
1927015
1927016
1927017
1927018
1927019
1927020
1927021
1927022
1927023
1927024
1927025
1927026
1927027
1927028
1927029
1927030
1928330
1928621
1929103
1929106
1929107
1929108
1929109
1929110
1929111
1929112
1929113
1929114
1929115
1929116
1929117
1929118
1929119
1929120
1929121
1929122
1929123
1929124
1929125
1929126
1929127
1929128
1929129
1929130
1929131
1929279
1929941
1929963
1930076
1930080
1930180
1931407
1932007
1932118
1932131
1932361
1932362
1932363
1932882
1932883
1932885
1932886
1932889
1932890
1932891
1932892
1932893
1932894
1932895
1932896
1932897
1932898
1932899
1932900
1932901
1932902
1932903
1932904
1932905
1932906
1932907
1933062
1933063
1933093
1933103
1933104
1933107
1933108
1933109
1933110
1933111
1933112
1933113
1933114
1933115
1933412
1933689
1933690
1933691
1933692
1933693
1933695
1933770
1933771
1933772
1933773
1933774
1933880
1934097
1934252
1934428
1934994
1935181
1938577
1940339
1940655
1940789
1942464
1943562
1943563
1943564
1945565
1945575
1945590
1954378
1954379
1954380
1955176
1955180
1955181
1955235
1955242
1955243
1955249
1955423
1955424
1955425
1955426
1955560
1955803
1958895
1958907
1958908
1958909
1958910
1958911
1958912
1958913
1958914
1958916
1958917
1958918
1958919
1958921
1958922
1958956
1958964
1958965
1959007
1959484
1959735
1959736
1959737
1959738
1959739
1959740
1960103
1960312
1960654
1960655
1960656
1960657
1960658
1960659
1960660
1961797
1961914
1962671
1962672
1962679
1962686
1962688
1962723
1964249
1964565
1965269
1965283
1965354
1965361
1965362
1965363
1965365
1965366
1965367
1965368
1965369
1965370
1965372
1965374
1965375
1965376
1965378
1965379
1965380
1965382
1965383
1965384
1965385
1965386
1965451
1965452
1965454
1965455
1965456
1965457
1965458
1965459
1965460
1965461
1965462
1965463
1965464
1965465
1965467
1965468
1965469
1965470
1965471
1965472
1965473
1965474
1965475
1965476
1965477
1965478
1965479
1965480
1965481
1965482
1965483
1965484
1965485
1965486
1965487
1965488
1965489
1965490
1965491
1965492
1965494
1965532
1965533
1965534
1965535
1965536
1966265
1968340
1969736
1969741
1969841
1969991
1970234
1970374
1970744
1970745
1970746
1970747
1970773
1970776
1970788
1970789
1970794
1970795
1970797
1970798
1970799
1970800
1971232
1971233
1971410
1971411
1971412
1971413
1971414
1971415
1971416
1971417
1971418
1971419
1971420
1971421
1971422
1971423
1971424
1971425
1971426
1971427
1971428
1971429
1971430
1971431
1971432
1971433
1971434
1971435
1971436
1971437
1971438
1971439
1971440
1971441
1971442
1971443
1971444
1971445
1971446
1971447
1971448
1971449
1971605
1972202
1972222
1972433
1972434
1972435
1972436
1972437
1972438
1972439
1972440
1973454
1975614
1977403
1977995
1977996
1977997
1977998
1977999
1978000
1978001
1978007
1978008
1978009
1978010
1978011
1978012
1978922
1979540
1979966
1979967
1980139
1980921
1980922
1980923
1980924
1980925
1980926
1980928
1980929
1980930
1980931
1980936
1980937
1980938
1980941
1980942
1980943
1980944
1980945
1980946
1980947
1980948
1980949
1980950
1980955
1980956
1980957
1980958
1980959
1980960
1980961
1980962
1980964
1980966
1981020
1981022
1981023
1981024
1981026
1981027
1981032
1981041
1981042
1981043
1981047
1981048
1981049
1981156
1981157
1981158
1981159
1981160
1981161
1981162
1981163
1981164
1981165
1981166
1981167
1981168
1981169
1981170
1981499
1981500
1981514
1981552
1981553
1981931
1981932
1981933
1982076
1982077
1982078
1982079
1982080
1982081
1982082
1982083
1982084
1982085
1982086
1982087
1982088
1982089
1982090
1982091
1982092
1982093
1982095
1982096
1982097
1982098
1982099
1982100
1982101
1982102
1982104
1982105
1982106
1982107
1982108
1982111
1982112
1982113
1982148
1982150
1982151
1982152
1982153
1982154
1982218
1982219
1982220
1982221
1982222
1982225
1982227
1982228
1982229
1982236
1982237
1982238
1982239
1982240
1982241
1982244
1982245
1982246
1982247
1982248
1982251
1982252
1982253
1982254
1982255
1982256
1982257
1982258
1982259
1982260
1982261
1982262
1982263
1982264
1982265
1982266
1982267
1982268
1982269
1982270
1982271
1982272
1982273
1982274
1982275
1982276
1982277
1982278
1982279
1982280
1982281
1982282
1982283
1982284
1982285
1982286
1982287
1982288
1982289
1982290
1982291
1982292
1982293
1982294
1982295
1982296
1982297
1982298
1982299
1982300
1982301
1982302
1982303
1982304
1982305
1982306
1982307
1982308
1982355
1982357
1982358
1982359
1982360
1982363
1982364
1982365
1982367
1982368
1982369
1982370
1982371
1982372
1982373
1982374
1982375
1982376
1982377
1982378
1982379
1982380
1982381
1982554
1982555
1982556
1982557
1982558
1982559
1982560
1982561
1982562
1982563
1982564
1982565
1982566
1982567
1982569
1982570
1982571
1982573
1982574
1982575
1982576
1982577
1982578
1982579
1982580
1982581
1982583
1982584
1982585
1982587
1982588
1982590
1982591
1982592
1982594
1982595
1982596
1982745
1982746
1982747
1982748
1982750
1982751
1982875
1982876
1982877
1982878
1982879
1982880
1982881
1982882
1982883
1982884
1982885
1982886
1982887
1982888
1982889
1982890
1982891
1982892
1982893
1982894
1982895
1982897
1982898
1982899
1982900
1982901
1982902
1982903
1982904
1982905
1982916
1982917
1982918
1982926
1982928
1982929
1983106
1983107
1983108
1983109
1983110
1983116
1983117
1983118
1983119
1983120
1983408
1983409
1983413
1983447
1983459
1983461
1983463
1983465
1983525
1983536
1983539
1983541
1983543
1983544
1983549
1983553
1983554
1983555
1983556
1983557
1983560
1983572
1983573
1983574
1983575
1983576
1983577
1983578
1983579
1983580
1983581
1983582
1983585
1983586
1983588
1983589
1983590
1983592
1983593
1983594
1983595
1983596
1983597
1983598
1983599
1983600
1983601
1983602
1983603
1983604
1983605
1983606
1983607
1983608
1983609
1983610
1983611
1983612
1983613
1983614
1983615
1983616
1983620
1983621
1983655
1983656
1983734
1983735
1983736
1983737
1983738
1983739
1983740
1983741
1983742
1983744
1983750
1983751
1983783
1983784
1983789
1984747
1984748
1984749
1984750
1984751
1984752
1984753
1984754
1984755
1984756
1984757
1984758
1984773
1984774
1984775
1984776
1984777
1984778
1984779
1984780
1984781
1984783
1984784
1984785
1984786
1984787
1984788
1984789
1984790
1984796
1984798
1984799
1984800
1985175
1985176
1985177
1985178
1985179
1985180
1985181
1985182
1985183
1985285
1985290
1985291
1985292
1985293
1985303
1985304
1985305
1985306
1985307
1985308
1985309
1985310
1985325
1985326
1985327
1985328
1985329
1985336
1985337
1985338
1985339
1985340
1985341
1985342
1985353
1985354
1985711
1985712
1985713
1985714
1985715
1985716
1985717
1985718
1985720
1985722
1985723
1985724
1985725
1985726
1985727
1985729
1985730
1985731
1985732
1985733
1985734
1985735
1985736
1985737
1985738
1985739
1985740
1985966
1985967
1986015
1986350
1986538
1986540
1987146
1987148
1987149
1987150
1987152
1987153
1987154
1987155
1987156
1987157
1987158
1987159
1987727
1987728
1987729
1987938
1987940
1987942
1987987
1987988
1987989
1987993
1987994
1993858
1993859
1993860
1993861
1993862
1993863
1993864
1993865
1993867
1993871
1993872
1993873
1993876
1993879
1993880
1993882
1993883
1993884
1993885
1993886
1993887
1993888
1993889
2003502
2003503
2003504
2003505
2003506
2004415
2004457
2004705
2005047
2005048
2005054
2005059
2005060
2005356
2005691
2005692
2005693
2005694
2005695
2005696
2005697
2005698
2005699
2005700
2005701
2005702
2005789
2006133
2006134
2006135
2006136
2006137
2006138
2006139
2006145
2006169
2006170
2006171
2006172
2006173
2006175
2006177
2006178
2006179
2006180
2006668
2006671
2006684
2006915
2006921
2006922
2006923
2006924
2006925
2006926
2006928
2006930
2006938
2006940
2006941
2006942
2007304
2008320
2008614
2010329
2011087
2014347
2014348
2014349
2014350
2014434
2014586
2015804
2015805
2015806
2015807
2015808
2015809
2015810
2015811
2015812
2015814
2015815
2015816
2015817
2015818
2015819
2015820
2015821
2015822
2015823
2015824
2015825
2015826
2015827
2015828
2015829
2015830
2015831
2015832
2015833
2015834
2015835
2015836
2015837
2015838
2015839
2015840
2015841
2015842
2015843
2015844
2015845
2015846
2015847
2015848
2015849
2015850
2015851
2015853
2015854
2015855
2015856
2015857
2015858
2015859
2015860
2015861
2015862
2015863
2015864
2015865
2015866
2015867
2015868
2015869
2015870
2015871
2015872
2015873
2015874
2015875
2015876
2015877
2015878
2015879
2015880
2015881
2015882
2015883
2015884
2015885
2015886
2015887
2015888
2015889
2015890
2015891
2016049
2016050
2016052
2016053
2017580
2018029
2020860
2020877
2020879
2021311
2021637
2022331
2022449
2022456
2022474
2022859
2023138
2023329
2023716
2023949
2023950
2023951
2023952
2023953
2023958
2023959
2023990
2023992
2023993
2023994
2023995
2023996
2023998
2023999
2024003
2024005
2024006
2024007
2024010
2024011
2024208
2024210
2024211
2024212
2024213
2024214
2024229
2024230
2024231
2024232
2024233
2024234
2024235
2024236
2024237
2024238
2024239
2024240
2024241
2024247
2024248
2024249
2024250
2024251
2024252
2024253
2024254
2024261
2024262
2024263
2024264
2024265
2024274
2024275
2024276
2024277
2024278
2024279
2024280
2024281
2024282
2024283
2024284
2024285
2024286
2024287
2024288
2024289
2024290
2024291
2024292
2024293
2024294
2024295
2024296
2024297
2024298
2024302
2024303
2024304
2024305
2024306
2024307
2024308
2024309
2024310
2024311
2024312
2024313
2024314
2024315
2024316
2024317
2024318
2024319
2024320
2024321
2024322
2024323
2024324
2024325
2024326
2024327
2024328
2024329
2024330
2024331
2024332
2024333
2024334
2024335
2024336
2024337
2024338
2024339
2024340
2024341
2024348
2024349
2024350
2024383
2024543
2024607
2024843
2025806
2025809
2025810
2025811
2025812
2025813
2025815
2025816
2025817
2025818
2025819
2025820
2025821
2025822
2025823
2026080
2026081
2026082
2026083
2026084
2026085
2026101
2026102
2026113
2026114
2026115
2026130
2026678
2026679
2026680
2026814
2026943
2026944
2026949
2026950
2027244
2027245
2027246
2027247
2027248
2027249
2027250
2027251
2027252
2027253
2027254
2027255
2027256
2027257
2027258
2027259
2027260
2027261
2027262
2027263
2027264
2027265
2027266
2027267
2027268
2027269
2027270
2027271
2027272
2027273
2027274
2027275
2027276
2027277
2027278
2027279
2027294
2027883
2027884
2027885
2027886
2027887
2027888
2027889
2027890
2027891
2027892
2027893
2027894
2027895
2027896
2027897
2027898
2027899
2027900
2027901
2027902
2027903
2027904
2027905
2028134
2029063
2029064
2029169
2029170
2029171
2029172
2029173
2029174
2029175
2029176
2029177
2029178
2029179
2029180
2029181
2029182
2029631
2029632
2029634
2029635
2029636
2029657
2029658
2029659
2029660
2029661
2029662
2029663
2029664
2029665
2029666
2029667
2029668
2029669
2029670
2029671
2029672
2029673
2029674
2029675
2029676
2030094
2030922
2030923
2030924
2034166
2034342
2034343
2034344
2034345
2034346
2034347
2034348
2034703
2034704
2034705
2034706
2034707
2034998
2034999
2035842
2036050
2036055
2036701
2036768
2038164
2038165
2038169
2038170
2038171
2039884
2040288
2040289
2040332
2040655
2040656
2040657
2040658
2040659
2041204
2041205
2041206
2041207
2041208
2041209
2041210
2041211
2041212
2041214
2041215
2041337
2041339
2041341
2041342
2041344
2041345
2041347
2041348
2041350
2041351
2041353
2041354
2041382
2041383
2041389
2041413
2041454
2041472
2041473
2041474
2041475
2041476
2041477
2041486
2041487
2041488
2041489
2041490
2041491
2041492
2041493
2041494
2041495
2041496
2041497
2041498
2041499
2041500
2041501
2041502
2041503
2041504
2041505
2041506
2041507
2041508
2041509
2041510
2041511
2041512
2041513
2041514
2041515
2041516
2041517
2041518
2041519
2041520
2041521
2041522
2041523
2041524
2041525
2041526
2041527
2041528
2041529
2041530
2041531
2041532
2041533
2041534
2041535
2041536
2041537
2041538
2041539
2041540
2041541
2041542
2041543
2041544
2041545
2041546
2041547
2041548
2041549
2041550
2041551
2041552
2041553
2041554
2041555
2041556
2041557
2041558
2041559
2041560
2041561
2041562
2041563
2041759
2041760
2041855
2041856
2041858
2041859
2041860
2042057
2042206
2042251
2044561
2044613
2045361
2045370
2045371
2045372
2045373
2047758
2047760
2047761
2047764
2047765
2047766
2047782
2047786
2047788
2047801
2047828
2047829
2047830
2047831
2047832
2047833
2047834
2047835
2047836
2047837
2047838
2047839
2047840
2047841
2047842
2047843
2047844
2047845
2047846
2047847
2047865
2047866
2047867
2047868
2047869
2047870
2047871
2047872
2047873
2047874
2047876
2047877
2047878
2047879
2047880
2047881
2047882
2047883
2047884
2047885
2047886
2047887
2047888
2047889
2047890
2047891
2047892
2047893
2047894
2047895
2047896
2047897
2047898
2047899
2047900
2047901
2047902
2047903
2047904
2047905
2047906
2047907
2047908
2047909
2047910
2047911
2047912
2047913
2047915
2047916
2047917
2047918
2047919
2047920
2047921
2047922
2047923
2047924
2047925
2047926
2047927
2047928
2047929
2047930
2047931
2047932
2047933
2047934
2048005
2048007
2048008
2048061
2048062
2048063
2048517
2048975
2048976
2048977
2048978
2048979
2048980
2049008
2049024
2049039
2049306
2049885
2049886
2049887
2049888
2049889
2049893
2049937
2050039
2050964
2050979
2050980
2050981
2052742
2052743
2052744
2052745
2052746
2052747
2052748
2052749
2052750
2052751
2052752
2052753
2052754
2052755
2052756
2052757
2052821
2052822
2052859
2052930
2052931
2052932
2052933
2052934
2053015
2053078
2053193
2053194
2053195
2053196
2053563
2053587
2053603
2053604
2053608
2053623
2053625
2053653
2053671
2053672
2053675
2053681
2053682
2053684
2053685
2053686
2053690
2053691
2053692
2053693
2053697
2053698
2053699
2053700
2053701
2053702
2053703
2053704
2053705
2053706
2053707
2053708
2053709
2053723
2053812
2053813
2053972
2054046
2054272
2054273
2054274
2054877
2055238
2056088
2056127
2056315
2056767
2056768
2057886
2057887
2057888
2057980
2058152
2058668
2059381
2059850
2059851
2059854
2059855
2059856
2059857
2059858
2059867
2059877
2059878
2059879
2059880
2059881
2059882
2059883
2060086
2060087
2060088
2060089
2060090
2060091
2060092
2060093
2060111
2060112
2060119
2060120
2060121
2060122
2060123
2060124
2060126
2060127
2060128
2060129
2060720
2060721
2060945
2060946
2060947
2060948
2060949
2060950
2060951
2060952
2060953
2060954
2060955
2060956
2060957
2065191
2065199
2065202
2065203
2065204
2065330
2066503
2066504
2067991
2069312
2069313
2069608
2069609
2069610
2069614
2069615
2070026
2070027
2070028
2070057
2070058
2070178
2070179
2070180
2070181
2070182
2070183
2070184
2070185
2070186
2070187
2070188
2070189
2070190
2070191
2070192
2070193
2070194
2070195
2070196
2070197
2070198
2070199
2070200
2070201
2070202
2070496
2070497
2070538
2070715
2070716
2070717
2070718
2070719
2070720
2070721
2070722
2070723
2070724
2070725
2070726
2070727
2070728
2070776
2070777
2071659
2072003
2072004
2072005
2072006
2072008
2072010
2072011
2072012
2072452
2072453
2072463
2072797
2074138
2074139
2077133
2077134
2077135
2077150
2077277
2079257
2079258
2079259
2079262
2079275
2079276
2079278
2079279
2079280
2079281
2079282
2079283
2079284
2079285
2079287
2079288
2079289
2079290
2079298
2079315
2079316
2079317
2079321
2079340
2079347
2079397
2079398
2079399
2079400
2079401
2079402
2079403
2079404
2079405
2079406
2079407
2079408
2079409
2079410
2079411
2079412
2079413
2079414
2079415
2079416
2079417
2079418
2079419
2079420
2079421
2079422
2079423
2079424
2079425
2079426
2079427
2079428
2079429
2079430
2079431
2079432
2079433
2079434
2079534
2079541
2079543
2079544
2079563
2079564
2079565
2079566
2079567
2079568
2079569
2079570
2079571
2079572
2079573
2079577
2079578
2079579
2079580
2079581
2079582
2079583
2079584
2079585
2079586
2079587
2079588
2079589
2079590
2079591
2079592
2079593
2081603
2081604
2081618
2081619
2081620
2081621
2081622
2081623
2081624
2081625
2081626
2081627
2081628
2081629
2081630
2081631
2081904
2082209
2082229
2083161
2083276
2086639
2093884
2094128
2094129
2094130
2094131
2094132
2094133
2094134
2094135
2094136
2094137
2094138
2094139
2094140
2094141
2094142
2094143
2094144
2094195
2094572
2094735
2094736
2094737
2099336
2099338
2099356
2099390
2099442
2099443
2099444
2099445
2099446
2099447
2099448
2099449
2099450
2099451
2099452
2099585
2099624
2099625
2099626
2099627
2099628
2099629
2099630
2099631
2099632
2099633
2099634
2099635
2099636
2099637
2099638
2099639
2099640
2099641
2099642
2099644
2099645
2099646
2099648
2099649
2099650
2099651
2099652
2099653
2099658
2099663
2099797
2099850
2099852
2099853
2099854
2099855
2099856
2099857
2099858
2099859
2099860
2099861
2099862
2100124
2100130
2100420
2100421
2108109
2108110
2108111
2108112
2108113
2108114
2108115
2108116
2108117
2108118
2108119
2108120
2108121
2108122
2108123
2108124
2108125
2108126
2108127
2108128
2108129
2108130
2108131
2108132
2108133
2108134
2108137
2108163
2108164
2108165
2108166
2108167
2108168
2108169
2108170
2108171
2108172
2108173
2108174
2108328
2108359
2108446
2108459
2108460
2108530
2109652
2109910
2115847
2115848
2115964
2115965
2115967
2115968
2116688
2126519
2126721
2126722
2126723
2126724
2126734
2126735
2126736
2126784
2126785
2126786
2126787
2126788
2126789
2126790
2126791
2126803
2126805
2126806
2126807
2126808
2126809
2126810
2126811
2126812
2126813
2126814
2126815
2126816
2126817
2126819
2126922
2126923
2126924
2126925
2126926
2126927
2126928
2126929
2126930
2126931
2126932
2126933
2126934
2126935
2126936
2126937
2126943
2126944
2126945
2126946
2126947
2126948
2126949
2126950
2126951
2126952
2126953
2126954
2126955
2126956
2126957
2126958
2133760
2135403
2136178
2136179
2136699
2136797
2136799
2137351
2137500
2137501
2137502
2137503
2137504
2137505
2137506
2137507
2137508
2137509
2137510
2137511
2137512
2137513
2137745
2138297
2138298
2138299
2144176
2144177
2144178
2152922
2153295
2161784
2161785
2162683
2162684
2162685
2162687
2162688
2162689
2162690
2162691
2163024
2163420
2163421
2163588
2163589
2163590
2163591
2163592
2163593
2163594
2163595
2163596
2163597
2163598
2163605
2163629
2163630
2163631
2163632
2163633
2163634
2163635
2163636
2163885
2163886
2163887
2163888
2163889
2163890
2163891
2163899
2163901
2163962
2163963
2163964
2163965
2163970
2163976
2163977
2163978
2163979
2163980
2163982
2163983
2163984
2163985
2163986
2163987
2169529
2169530
2169531
2169532
2169534
2169536
2169597
2169598
2169599
2169600
2169601
2169611
2169612
2169613
2169621
2169622
2169623
2169624
2169625
2169636
2169641
2169642
2169643
2169651
2169652
2169653
2169654
2169655
2169656
2169657
2169658
2169686
2169687
2169688
2169689
2169690
2169704
2169705
2169707
2169730
2169731
2169798
2169799
2169807
2169808
2169809
2169810
2169811
2169812
2169868
2169870
2169871
2169872
2169873
2169882
2169883
2169910
2169920
2169921
2169922
2169923
2169924
2169925
2169926
2169927
2169928
2169963
2169967
2169968
2169969
2169973
2169974
2169975
2169976
2169978
2169979
2169990
2170041
2170042
2170091
2170099
2170172
2170173
2170174
2170215
2170216
2170217
2170221
2170234
2170239
2170246
2170247
2170248
2170249
2170250
2170251
2170253
2170254
2170705
2170723
2171522
2171586
2171708
2171709
2171721
2172042
2172091
2172092
2172093
2175004
2175169
2175295
2175602
2175605
2175606
2175687
2175688
2175843
2175844
2175845
2175867
2178917
2178918
2178919
2178920
2178921
2178922
2178923
2178927
2178928
2178929
2178932
2182318
2182319
2182320
2182321
2182322
2182323
2182324
2182340
2182341
2182342
2182343
2182344
2182345
2182346
2182347
2182348
2182349
2182350
2182351
2182352
2182353
2182354
2182355
2182356
2182357
2182358
2182359
2182360
2182361
2182392
2182393
2182394
2182395
2182396
2182397
2182398
2182399
2182400
2182401
2182402
2182403
2182404
2182405
2182406
2182407
2182408
2184035
2184051
2184074
2184265
2184698
2184699
2184715
2184758
2184770
2185168
2185170
2200756
2201163
2201166
2201169
2201346
2201347
2201348
2201349
2201378
2201414
2201417
2201420
2201421
2201424
2201425
2201426
2201427
2201428
2201429
2201430
2201431
2201432
2201433
2201434
2201435
2201436
2201437
2201438
2201439
2201440
2201441
2201442
2201443
2201444
2201445
2201446
2201447
2201448
2201449
2201450
2201451
2201452
2201453
2201454
2201455
2201462
2201472
2201742
2201988
2202135
2202246
2202247
2202248
2202558
2202569
2202732
2203191
2203419
2211178
2211179
2211467
2211468
2211469
2212402
2212812
2212813
2212814
2212815
2212816
2212817
2212818
2212819
2212820
2212821
2212822
2212823
2212824
2212825
2212826
2212827
2213009
2218497
2218498
2218499
2218589
2218610
2218611
2218612
2218613
2218614
2218615
2218616
2218617
2218618
2218619
2218620
2219089
2219090
2219214
2220005
2220062
2228360
2228361
2231185
2231334
2231335
2231336
2231337
2231338
2231339
2231340
2231341
2231342
2231343
2231344
2231345
2231346
2231347
2231348
2231349
2231350
2231351
2231352
2231353
2231354
2231355
2231356
2231357
2231358
2231359
2231360
2231361
2231362
2231639
2231643
2233540
2233614
2233775
2233778
2233782
2233868
2233872
2233873
2233992
2233993
2234025
2234026
2234027
2234028
2234029
2234030
2234031
2234032
2234033
2234034
2234035
2234036
2234037
2234038
2234047
2234072
2234073
2234074
2234075
2234076
2234077
2234078
2234079
2234080
2234081
2234082
2234083
2234084
2234085
2234086
2234088
2234092
2234093
2234104
2234106
2234121
2234122
2234123
2248772
2249314
2249467
2249763
2249764
2249765
2249766
2249767
2249768
2249769
2249770
2249771
2249772
2249773
2249774
2249775
2249776
2249777
2249778
2249779
2249780
2250119
2250214
2250288
2250289
2250290
2250291
2250292
2250293
2250294
2250295
2250296
2250297
2250298
2250299
2250300
2250301
2250302
2250303
2250304
2250305
2250306
2250307
2250308
2250309
2250310
2250311
2250312
2250313
2250314
2250319
2250320
2250321
2250322
2250323
2250324
2250325
2250326
2250327
2250328
2250329
2250330
2250331
2250332
2250333
2250334
2250335
2250336
2250337
2250349
2250350
2250351
2250352
2250353
2250354
2250355
2250356
2250357
2250358
2250359
2250360
2250361
2250362
2250363
2250364
2250365
2250366
2250367
2250368
2250369
2250370
2250371
2250372
2250373
2250374
2250375
2250376
2250377
2250378
2250379
2250380
2250381
2250382
2250383
2250384
2250385
2250386
2250387
2250389
2250390
2250391
2250392
2250393
2250394
2250395
2250396
2250397
2250398
2250399
2250400
2250401
2250402
2250403
2250404
2250405
2250406
2250407
2250408
2250409
2250410
2250411
2250412
2250413
2250414
2250415
2250416
2250417
2250418
2250419
2250420
2250421
2250422
2250423
2250424
2250425
2250426
2250427
2250428
2250429
2250488
2250489
2250490
2250491
2250639
2259657
2267235
2267236
2267237
2267238
2267239
2267248
2267250
2267403
2267560
2267607
2267608
2267653
2267654
2267655
2267678
2267868
2267885
2268047
2268051
2268052
2268091
2268092
2268093
2268094
2268095
2268096
2268097
2268098
2268099
2268100
2268101
2268102
2268103
2268104
2268105
2268106
2268394
2268395
2268396
2268406
2268451
2268578
2268587
2268588
2268589
2268590
2268591
2268607
2268608
2268609
2268610
2268612
2268613
2268614
2268615
2268616
2268617
2268618
2268619
2268620
2268621
2268622
2268623
2268914
2268915
2268983
2268986
2268989
2269044
2269047
2269048
2269366
2269380
2282173
2282175
2282196
2282396
2282399
2282400
2282401
2282402
2282407
2282408
2282409
2282412
2282629
2282630
2282631
2282638
2282848
2282904
2282908
2282909
2282910
2282911
2282912
2282989
2282994
2283011
2283012
2283013
2283014
2283015
2283016
2283017
2283018
2283019
2283020
2283021
2283022
2283023
2283024
2283025
2283026
2283027
2283028
2283029
2283030
2283031
2283032
2283033
2283098
2283238
2283239
2283240
2283241
2283242
2283243
2283244
2283245
2283246
2283247
2283248
2283249
2283250
2283251
2283252
2283253
2283254
2283255
2283256
2283257
2283258
2283259
2283260
2283261
2283262
2283263
2283264
2283265
2283266
2283267
2283269
2283270
2283271
2283272
2283281
2283282
2283286
2283287
2283288
2283289
2283290
2283291
2283292
2283293
2283294
2283295
2283296
2283297
2283298
2283299
2283300
2283301
2283302
2283303
2283304
2283305
2290809
2290876
2290927
2292880
2293721
2293728
2301300
2301301
2301302
2301448
2301449
2301450
2301451
2301452
2301453
2301527
2301529
2301530
2301531
2301532
2301535
2301536
2301537
2301538
2301539
2301540
2301541
2301542
2301543
2301544
2301545
2301546
2301547
2301548
2301549
2301550
2301551
2301552
2301553
2301554
2301555
2301556
2301558
2301559
2301560
2301561
2301562
2301563
2301564
2301565
2301566
2301567
2301568
2301569
2301570
2301571
2301572
2301573
2301574
2301575
2301600
2301601
2301602
2301603
2301604
2301605
2301606
2301607
2301608
2301609
2301610
2301611
2301612
2301613
2301614
2301615
2301616
2301617
2301618
2301619
2301620
2301621
2301634
2301635
2301636
2301637
2301638
2301639
2301640
2301642
2301646
2301647
2301648
2301649
2301650
2301651
2301652
2301653
2301654
2301655
2301656
2301657
2301658
2301659
2301660
2301661
2301662
2301664
2301683
2301684
2301685
2301686
2301687
2301688
2301689
2301690
2301691
2301692
2301693
2301694
2301695
2301696
2301697
2301698
2301699
2301700
2301701
2301702
2301703
2301704
2301705
2301706
2301707
2301708
2301709
2301710
2301711
2301712
2301713
2301714
2301715
2301720
2301721
2301722
2301723
2301731
2302378
2302418
2302419
2303178
2303580
2303954
2303994
2304000
2304001
2304199
2304466
2304657
2304660
2305035
2305480
2305482
2305483
2305484
2305485
2305486
2305487
2305488
2305489
2306278
2306284
2306566
2306891
2306892
2306966
2307015
2307016
2307017
2307112
2307269
2315167
2315193
2315194
2315196
2315197
2315198
2315200
2315202
2315205
2315206
2315217
2315335
2315458
2315465
2315466
2315467
2315468
2315469
2315470
2315471
2315475
2315482
2315483
2315484
2315485
2315486
2315527
2315528
2315529
2315530
2315531
2315532
2315533
2315534
2315535
2315536
2315537
2315538
2315539
2315540
2315541
2315542
2315543
2315544
2315545
2315546
2315547
2315580
2315597
2315601
2315608
2315609
2315610
2315611
2315612
2315613
2315614
2315615
2315616
2315617
2315618
2315619
2315627
2315628
2315629
2315695
2315696
2315700
2315701
2315702
2315703
2315704
2315705
2315706
2315707
2315708
2315709
2315710
2315711
2315712
2315713
2315714
2315715
2315716
2315717
2315766
2315797
2315854
2315855
2315856
2315863
2316006
2316013
2316014
2316016
2316019
2316087
2316154
2320188
2320189
2320190
2320191
2320192
2320193
2320194
2320195
2320196
2320197
2320198
2321388
2321389
2321390
2321391
2338395
2340711
2340712
2340713
2340714
2340715
2340716
2340717
2340718
2340719
2340720
2340873
2341047
2341048
2341077
2341078
2341079
2364194
2365005
2365006
2365007
2365008
2365009
2365010
2365011
2365012
2365013
2365014
2365015
2365016
2365017
2365018
2365019
2365020
2365021
2365022
2365023
2365024
2365025
2365026
2365027
2365028
2365029
2365030
2365031
2365032
2365033
2365034
2365035
2365036
2365037
2365038
2365039
2365040
2365041
2365042
2365043
2365044
2365045
2365046
2365047
2365048
2365049
2365050
2365051
2365052
2365053
2365054
2365055
2365056
2365057
2365058
2365059
2382092
2382122
2382126
2382211
2382212
2382310
2419523
2419524
2419525
2419526
2419581
2419582
2419608
2419609
2419610
2419611
2419612
2419613
2419614
2419615
2419617
2419618
2419619
2419620
2419621
2419622
2419623
2419624
2419625
2419626
2419627
2419628
2419629
2419630
2419631
2419632
2419633
2419634
2419635
2419636
2419637
2419638
2419639
2419640
2419641
2419642
2419643
2419644
2419645
2419646
2419647
2419648
2419649
2419650
2419651
2419652
2419653
2419654
2419655
2419656
2419657
2419658
2419659
2419660
2419661
2419662
2419663
2419682
2419683
2419704
2419736
2419737
2419738
2419739
2419740
2419741
2419742
2419743
2419744
2419745
2419746
2419747
2419748
2419749
2419750
2419751
2419752
2419753
2419754
2419755
2419756
2419758
2419759
2419760
2419761
2419762
2419783
2419930
2419942
2419945
2419946
2419947
2419948
2419949
2419950
2419951
2419952
2419953
2419954
2419955
2419956
2419957
2419958
2419959
2419960
2419961
2419962
2419963
2419964
2419965
2419966
2419967
2419968
2419969
2419970
2419971
2419972
2419973
2419974
2419975
2419976
2419977
2419978
2419979
2419980
2420054
2420055
2420056
2420237
2420238
2420239
2420240
2420320
2420341
2448270
2448274
2448354
2448909
2448910
2448911
2478683
2479482
2479933
2479934
2480622
2480623
2482789
2483417
2483418
2483604
2483607
2483608
2483609
2483610
2483611
2483612
2483623
2483660
2483661
2483662
2483663
2483664
2483665
2483666
2483667
2483668
2483669
2483670
2483671
2483672
2483673
2483674
2483675
2483676
2483712
2483713
2483714
2483715
2483718
2483719
2483720
2483721
2483722
2483772
2483850
2483851
2483852
2483865
2483877
2483878
2483879
2484205
2484206
2484207
2484208
2484209
2484210
2484211
2484212
2484213
2484214
2484215
2484216
2484217
2484218
2484222
2484225
2484226
2484244
2484246
2484247
2484248
2484249
2484637
2484638
2484639
2484640
2484993
2485023
2486071
2486279
2486353
2486354
2486355
2486358
2486600
2486601
2486602
2486665
2487355
2488571
2488573
2488574
2488595
2488596
2488632
2488639
2488654
2488664
2488668
2488702
2488705
2488706
2488707
2488708
2488709
2488710
2488711
2488712
2488713
2488780
2488781
2488782
2488783
2488784
2488785
2488786
2488787
2488788
2488789
2488824
2488835
2488858
2488859
2488948
2488949
2488951
2488952
2488953
2488954
2488955
2488956
2488957
2488958
2488959
2488960
2488961
2488962
2488963
2488964
2488965
2488966
2488967
2488968
2488969
2488970
2488971
2488972
2488973
2488974
2488975
2488976
2488977
2488978
2488979
2488980
2488981
2489146
2489185
2489186
2489187
2489188
2489189
2489190
2489559
2489598
2489617
2489618
2489619
2489620
2489621
2489622
2489623
2489624
2489625
2489626
2489627
2489628
2489629
2489630
2489631
2489632
2489633
2489634
2489635
2489636
2489637
2490448
2490449
2490450
2490451
2491281
2491282
2491283
2491284
2491285
2491286
2491287
2491288
2491289
2491290
2491291
2491292
2491316
2491317
2491318
2491319
2491320
2491321
2491323
2491346
2491662
2491663
2491664
2491665
2492437
2492447
2492466
2492467
2492468
2492473
2492474
2492475
2492948
2492961
2492962
2493116
2493122
2494210
2494333
2494563
2494703
2494704
2494705
2494706
2494717
2494718
2495532
2495553
2495554
2495555
2495557
2495573
2495576
2495585
2496544
2496545
2496546
2496547
2496548
2496549
2496550
2496551
2496589
2498591
2498616
2498843
2498999
2499000
2499001
2499002
2499003
2499004
2499005
2499006
2499007
2499008
2499009
2499010
2499011
2499012
2499013
2499014
2499015
2499016
2499017
2499018
2499019
2499020
2499021
2499022
2499023
2499024
2499025
2499026
2499027
2499028
2499029
2499030
2499031
2499032
2499033
2499034
2499035
2499036
2499037
2499038
2499039
2499040
2499041
2499042
2499043
2499044
2499045
2499046
2499047
2499048
2499049
2499050
2499051
2499052
2499053
2499054
2499055
2499056
2499057
2499058
2499059
2499060
2499061
2499062
2499063
2499064
2499065
2499066
2499067
2499068
2499069
2499070
2499071
2499072
2499073
2499074
2499142
2499902
2499909
2500136
2500137
2500138
2500145
2500148
2500149
2500150
2500151
2500166
2500169
2500556
2500557
2500558
2500559
2500560
2500561
2500562
2500563
2500564
2500565
2500566
2500567
2500568
2500569
2500570
2500571
2500572
2500573
2500574
2500575
2500576
2500577
2500578
2500580
2500581
2500761
2500762
2500763
2500764
2500765
2500766
2500767
2500786
2500787
2500788
2500789
2500790
2500791
2500792
2500793
2500794
2500795
2500796
2500797
2500798
2500799
2500800
2500801
2500802
2500803
2500804
2500805
2500806
2500807
2500808
2500809
2500810
2500814
2500815
2500816
2500817
2500818
2500819
2500820
2500821
2500826
2500827
2500828
2501743
2501744
2501745
2502297
2502298
2502299
2502300
2502301
2502302
2502303
2502304
2502305
2502306
2502307
2502408
2502409
2502410
2502411
2502412
2502413
2502414
2502415
2502416
2502417
2502418
2502419
2502420
2502421
2502422
2502423
2502424
2502425
2502426
2502427
2502428
2502429
2502430
2502431
2502432
2502433
2502434
2502435
2502436
2502437
2502438
2502439
2502440
2502441
2502442
2502443
2502444
2502445
2502446
2502447
2502448
2502449
2502450
2502451
2502452
2502453
2502454
2502455
2502456
2502457
2502458
2502459
2502460
2502461
2502462
2502463
2502464
2502465
2502466
2502467
2502468
2502469
2502470
2502471
2502472
2502473
2502474
2502475
2502476
2502477
2502478
2502479
2502480
2502481
2502482
2502483
2502484
2502979
2506428
2507125
2507234
2507411
2507575
2507711
2507835
2507846
2507854
2507855
2507856
2507857
2507858
2507859
2507860
2507861
2507862
2507863
2507864
2508061
2508069
2508071
2508172
2508173
2508174
2508175
2508176
2508177
2508178
2508179
2508180
2508181
2508185
2508186
2508187
2508188
2508189
2508190
2508191
2508192
2508193
2508194
2508195
2508196
2508197
2508198
2508199
2508200
2508201
2508202
2508203
2508204
2508205
2508206
2508207
2508208
2508707
2508849
2508850
2508851
2508852
2508865
2508866
2509554
2509555
2509556
2509557
2509558
2509559
2509560
2509561
2509562
2509563
2509564
2509565
2509566
2509567
2509568
2509569
2509570
2509571
2509572
2509573
2509574
2509575
2509576
2509577
2509578
2509579
2509580
2509581
2509582
2509583
2509584
2509585
2509586
2509587
2509588
2509589
2509590
2509591
2509592
2509593
2509651
2509652
2509725
2509726
2509727
2509728
2509729
2509730
2509731
2509732
2509733
2509734
2509735
2509736
2509737
2509738
2509739
2509740
2509741
2509742
2509743
2509744
2509745
2509746
2509747
2509748
2509749
2509750
2509751
2509752
2509753
2509754
2509755
2509756
2509757
2509758
2509759
2509760
2509761
2509762
2509763
2509764
2509765
2509766
2509767
2509768
2509769
2509770
2509771
2509772
2509773
2509774
2509775
2509776
2509777
2509778
2509779
2509780
2509781
2509782
2509783
2509784
2509785
2509786
2509787
2509788
2510149
2510150
2510151
2510173
2510448
2510450
2510451
2510452
2510453
2510454
2510455
2510456
2510457
2510458
2510459
2510463
2510464
2510465
2510466
2510467
2510468
2510469
2510470
2510471
2510473
2510474
2510475
2510476
2510477
2510478
2510479
2510480
2510481
2510482
2510483
2510484
2510485
2510486
2510487
2510488
2510489
2510492
2510494
2510495
2510501
2510502
2510503
2510504
2510505
2510506
2510507
2510508
2510509
2510510
2510511
2510512
2510513
2510514
2510515
2510516
2510517
2510518
2510519
2510520
2510521
2510522
2510523
2510524
2510525
2510526
2510527
2510568
2510569
2510570
2510571
2510572
2510573
2510574
2510575
2510576
2510577
2510578
2510579
2510580
2510581
2510582
2510585
2510586
2510587
2510588
2510940
2510941
2510942
2510943
2510944
2511772
2511832
2511833
2511834
2511835
2511836
2516329
2516330
2516331
2516434
2516969
2517926
2517927
2517928
2517929
2517930
2517931
2517932
2517933
2517934
2517935
2517936
2517937
2517938
2517939
2517940
2517941
2517942
2517943
2517944
2517945
2517946
2517947
2517948
2517949
2517950
2517951
2517952
2517953
2517954
2517955
2517956
2517957
2517958
2517959
2517960
2517961
2517962
2517963
2517964
2517965
2517966
2517967
2517968
2517969
2517970
2517971
2517972
2517973
2518364
2518952
2518961
2520516
2527896
2528160
2528247
2528528
2528529
2528530
2528671
2528672
2528673
2528674
2528675
2528676
2528677
2528678
2528679
2528680
2528681
2528682
2528683
2528684
2528685
2528686
2528687
2528688
2528689
2528690
2528691
2529390
2529393
2529520
2529521
2529522
2529523
2529524
2529525
2529526
2529527
2529528
2529529
2529530
2529531
2529532
2529533
2529534
2529535
2529536
2529537
2529538
2529539
2529540
2529541
2529542
2529543
2529544
2529545
2529546
2529547
2529548
2529549
2529550
2529551
2529552
2529553
2529554
2529555
2529556
2529557
2529558
2529559
2529560
2529561
2529562
2529563
2529564
2529565
2529566
2529567
2529568
2529569
2529570
2529571
2529572
2529573
2529574
2529575
2529576
2529577
2529578
2529579
2529580
2529581
2529582
2529583
2529584
2529585
2529586
2529587
2530019
2530020
2530021
2530023
2530024
2530025
2530026
2530027
2530028
2530029
2530030
2530031
2530032
2530033
2530034
2530035
2530036
2530037
2530042
2530052
2530114
2530116
2530117
2530118
2530119
2530120
2530121
2530122
2530123
2530124
2530125
2530126
2530127
2530128
2530129
2530130
2530131
2530132
2530133
2530134
2530135
2530136
2530137
2530138
2530139
2530140
2530141
2530142
2530143
2530144
2530145
2530146
2530147
2530148
2530149
2530150
2530151
2530152
2530153
2530154
2530155
2530156
2530157
2530158
2530159
2530160
2530161
2530169
2530170
2530171
2530172
2530173
2530182
2530183
2530184
2530185
2530186
2530187
2530188
2530500
2530501
2530502
2530503
2544877
2544920
2544945
2544946
2544984
2544985
2544986
2545435
2545436
2545437
2546201
2546303
2546569
2546618
2546619
2546620
2546621
2546622
2546623
2546624
2546625
2546626
2546627
2546628
2546629
2546630
2546631
2546632
2546633
2546634
2546635
2546636
2547246
2547425
2547426
2547971
2547972
2547973
2547974
2547975
2547976
2547977
2547978
2547979
2547980
2547981
2547982
2547983
2547984
2547985
2547986
2547987
2547988
2547989
2547990
2547991
2547992
2547993
2547994
2547995
2547996
2547997
2547998
2547999
2548000
2548001
2548002
2548003
2548004
2548005
2548006
2548007
2548008
2548009
2548010
2548011
2548012
2548013
2548014
2548015
2548016
2548017
2548018
2548019
2548020
2548021
2548022
2548023
2548024
2548025
2548026
2548027
2548028
2548029
2548030
2548031
2548032
2548033
2548034
2548035
2548036
2548037
2548038
2548039
2548040
2548041
2548042
2548043
2548044
2548045
2548046
2548047
2548048
2548049
2548050
2548051
2548052
2548053
2548054
2548055
2548056
2548057
2548058
2548059
2548060
2548061
2548062
2548063
2548064
2548065
2548066
2548067
2548068
2548069
2548070
2548071
2548072
2548073
2548074
2548075
2548076
2548077
2548078
2548079
2548080
2548081
2548082
2548083
2548084
2548085
2548086
2548087
2548088
2548089
2548090
2548091
2548092
2548093
2548094
2548095
2548096
2548097
2548098
2548099
2548100
2548101
2548102
2548103
2548104
2548105
2548106
2548107
2548108
2548109
2548110
2548111
2548112
2548113
2548114
2548115
2548116
2548117
2548118
2548119
2548120
2548121
2548122
2548123
2548124
2548125
2548126
2548127
2548128
2548129
2548130
2548131
2548132
2548133
2548134
2548135
2548136
2548137
2548138
2548139
2548140
2548141
2548142
2548143
2548144
2548145
2548146
2548147
2548148
2548149
2548150
2548151
2548152
2548153
2548154
2548155
2548156
2548157
2548158
2548159
2548160
2548161
2548162
2548163
2548164
2548165
2548166
2548167
2548168
2548169
2548170
2548171
2548172
2548173
2548174
2548175
2548176
2548177
2548178
2548179
2548180
2548181
2548182
2548183
2548184
2548185
2548186
2548187
2548188
2548189
2548190
2548191
2548192
2548193
2548194
2548195
2548196
2548197
2548198
2548199
2548200
2548201
2548202
2548203
2548204
2548205
2548206
2548207
2548208
2548209
2548210
2548211
2548212
2548213
2548214
2548215
2548216
2548217
2548218
2548219
2548220
2548221
2548222
2548223
2548224
2548225
2548226
2548227
2548228
2548229
2548230
2548231
2548232
2548233
2548234
2548235
2548236
2548237
2548238
2548239
2548240
2548241
2548242
2548243
2548244
2548245
2548246
2548247
2548248
2548249
2548250
2548251
2548252
2548253
2548254
2548255
2548256
2548257
2548258
2548259
2548260
2548261
2548262
2548263
2548264
2548265
2548266
2548267
2548268
2548269
2548270
2548271
2548272
2548273
2548274
2548275
2548276
2548277
2548278
2548279
2548280
2548281
2548282
2548283
2548284
2548285
2548286
2548287
2548288
2548289
2548290
2548291
2548292
2548293
2548294
2548295
2548296
2548297
2548298
2548299
2548300
2548301
2548302
2548303
2548304
2548305
2548306
2548307
2548308
2548309
2548310
2548311
2548312
2548313
2548314
2548315
2548316
2548317
2548318
2555548
2555553
2555680
2555909
2555910
2555911
2555912
2555913
2555914
2555915
2555916
2555917
2555918
2557546
2557550
2557553
2557554
2557555
2557578
2557579
2557580
2557581
2557582
2557583
2558359
2558524
2558525
2558526
2558527
2558528
2558529
2558530
2558531
2558532
2558533
2558534
2558535
2558536
2558537
2558538
2558539
2558540
2558541
2558542
2558543
2558544
2558545
2558546
2558547
2558548
2558549
2558550
2558551
2558552
2558553
2558554
2558555
2558556
2558557
2558558
2558559
2558560
2558561
2558562
2558563
2558564
2558565
2558566
2558567
2558568
2558569
2558570
2558571
2558572
2558573
2558574
2558575
2558576
2558577
2558578
2558579
2558580
2558581
2558582
2558583
2558584
2558585
2558586
2558587
2558588
2558589
2558590
2558591
2558592
2558593
2558594
2558595
2558596
2558597
2558598
2558599
2558600
2558601
2558602
2558603
2558604
2558605
2558606
2558607
2558608
2558609
2558610
2558611
2558612
2558613
2558614
2558615
2558616
2558617
2558618
2558619
2558620
2558621
2558622
2558623
2558624
2558625
2558626
2558627
2558628
2558629
2558630
2558631
2558632
2558633
2558634
2558635
2558636
2558637
2558638
2558639
2558640
2558641
2558642
2558643
2558644
2558645
2558646
2558647
2558648
2558649
2558650
2558651
2558652
2558653
2558654
2558655
2558656
2558657
2558658
2558659
2558660
2558661
2558662
2558663
2558664
2558665
2558666
2558667
2558668
2558669
2558670
2558671
2558672
2558673
2558674
2558675
2558676
2558677
2558678
2558679
2558680
2558681
2558682
2558683
2558684
2558685
2558686
2558687
2558688
2558689
2558690
2558691
2558692
2558693
2558694
2558695
2558696
2558697
2558698
2558699
2558700
2558701
2558702
2558703
2558704
2558705
2558706
2558707
2558708
2558709
2558710
2558711
2558712
2558713
2558714
2558715
2558716
2558717
2558718
2558719
2558720
2558721
2558722
2558723
2558724
2558725
2558726
2558727
2558728
2558729
2558730
2558731
2558732
2558733
2558734
2558735
2558736
2558737
2558738
2558739
2558740
2558741
2558742
2558743
2558744
2558745
2558746
2558747
2558748
2558749
2558750
2558751
2558752
2558753
2558754
2558755
2558756
2558757
2558758
2558759
2558760
2558761
2558762
2558763
2558764
2558765
2558766
2558767
2558768
2558769
2558770
2558771
2558772
2558773
2558774
2558775
2558776
2558777
2558778
2558779
2558780
2558781
2558782
2558783
2558784
2558785
2558786
2558787
2558788
2558789
2558790
2558791
2558792
2558793
2558794
2558795
2558796
2558797
2558798
2558799
2558800
2558801
2558802
2558803
2558804
2558805
2558806
2558807
2558808
2558809
2558810
2558811
2558812
2558813
2558814
2558815
2558816
2558817
2558818
2558819
2558820
2558821
2558822
2558823
2558824
2558825
2558826
2558827
2558828
2558829
2558830
2558831
2558832
2558833
2558834
2558835
2558836
2558837
2558838
2558839
2558840
2558841
2558842
2558843
2558844
2558845
2558846
2558847
2558848
2558849
2558850
2558851
2558852
2558853
2558854
2558855
2558856
2558857
2558858
2558859
2558860
2558861
2558862
2558863
2558864
2558865
2558866
2558867
2558868
2558869
2558870
2558871
2559280
2559281
2559282
2559283
2559284
2559285
2559286
2559592
2559714
2559715
2559716
2559821
2560065
2560070
2560071
2560073
2560081
2560084
2560086
2560092
2560093
2560094
2560095
2560096
2560098
2560099
2560101
2560102
2560103
2560104
2560106
2560107
2560108
2560109
2560111
2560112
2560113
2560115
2560116
2560117
2560121
2560122
2560123
2560124
2560125
2560126
2560127
2560128
2560129
2560130
2560131
2560132
2560133
2560134
2560135
2560137
2560138
2560139
2560140
2560141
2560142
2560143
2560144
2560145
2560146
2560147
2560148
2560149
2560150
2560151
2560152
2560153
2560154
2560156
2560158
2560159
2560160
2560161
2560162
2560163
2560165
2560167
2560170
2560171
2560175
2560176
2560178
2560180
2560181
2560183
2560184
2560186
2560187
2560188
2560189
2560190
2560192
2560193
2560197
2560201
2560202
2560203
2560204
2560206
2560207
2560208
2560209
2560210
2560213
2560214
2560215
2560216
2560220
2560221
2560222
2560223
2560225
2560227
2560228
2560231
2560233
2560235
2560237
2560238
2560239
2560240
2560242
2560244
2560245
2560247
2560248
2560249
2560250
2560251
2560253
2560255
2560256
2560257
2560261
2560262
2560263
2560264
2560265
2560266
2560267
2560268
2560269
2560270
2560271
2560272
2560273
2560274
2560275
2560276
2560278
2560279
2560280
2560281
2560283
2560284
2560286
2560297
2560298
2560299
2560300
2560301
2560302
2560303
2560304
2560305
2560306
2560307
2560329
2560330
2560331
2560332
2560333
2560334
2560335
2560336
2560337
2560358
2560359
2560360
2560370
2560383
2560387
2560388
2560392
2560393
2560394
2560395
2560396
2560397
2560398
2560399
2560400
2560406
2560407
2560409
2560414
2560415
2560416
2560417
2560418
2560419
2560420
2560421
2560422
2560423
2560424
2560425
2560426
2560427
2560428
2560429
2560430
2560431
2560432
2560433
2560434
2560435
2560436
2560437
2560438
2560439
2560440
2560441
2560442
2560443
2560444
2560446
2560447
2560448
2560449
2560451
2560452
2560453
2560455
2560456
2560457
2560458
2560459
2560460
2560462
2560463
2560464
2560469
2560470
2560471
2560472
2560473
2560474
2560475
2560476
2560484
2560485
2560486
2560487
2560488
2560489
2560490
2560491
2560492
2560493
2560494
2560495
2560496
2560497
2560498
2560499
2560500
2560501
2560502
2560503
2560504
2560505
2560506
2560507
2560508
2560509
2560510
2560511
2560512
2560513
2560514
2560530
2560539
2560540
2560541
2560542
2560543
2560544
2560545
2560546
2560548
2560553
2560554
2560555
2560556
2560557
2560558
2560559
2560560
2560561
2560588
2560589
2560590
2560591
2560592
2560593
2560594
2560595
2560596
2560604
2560606
2560607
2560608
2560611
2560618
2560619
2560623
2560625
2560628
2560629
2560630
2560631
2560632
2560633
2560634
2560650
2560651
2560652
2560655
2560656
2560657
2560658
2560660
2560661
2560662
2560663
2560664
2560665
2560666
2560667
2560668
2560669
2560670
2560671
2560672
2560673
2560674
2560675
2560676
2560677
2560678
2560679
2560680
2560681
2560682
2560683
2560684
2560685
2560686
2560687
2560688
2560689
2560690
2560691
2560692
2560700
2560703
2560705
2560706
2560719
2560720
2560721
2560722
2560723
2560724
2560725
2560726
2560727
2560728
2560729
2560730
2560731
2560732
2560733
2560734
2560735
2560751
2560752
2560755
2560756
2560757
2560758
2560759
2560760
2560761
2560762
2560763
2560778
2560781
2560782
2560783
2560784
2560785
2560786
2560787
2560788
2560789
2560790
2560791
2560792
2560802
2560831
2560832
2560833
2560834
2560835
2560836
2560842
2560847
2560848
2560849
2562111
2562112
2562131
2562138
2562142
2562174
2562175
2562176
2562177
2562178
2562179
2562180
2562181
2562185
2562186
2562187
2562188
2562189
2562190
2562191
2562192
2562193
2562194
2562195
2562196
2562197
2562199
2562232
2562233
2562234
2562235
2562236
2562297
2562318
2562327
2562337
2562338
2562339
2562340
2562343
2562344
2562345
2562346
2562347
2562359
2562362
2562365
2562366
2562367
2562454
2562455
2562456
2562457
2562460
2562461
2562462
2562463
2562521
2562522
2562529
2562542
2562559
2562601
2562602
2562635
2562636
2562637
2562638
2562639
2562641
2562642
2562643
2562644
2562645
2562647
2562650
2562651
2562656
2562660
2562661
2562662
2562663
2562664
2562665
2562666
2562667
2562699
2562717
2562719
2562720
2562721
2562724
2562725
2562726
2562780
2562809
2562810
2562811
2562812
2562813
2562814
2562825
2562890
2563343
2563487
2563491
2563492
2563493
2563494
2563495
2563496
2563497
2563498
2563499
2563500
2563501
2563502
2563503
2563504
2563505
2563506
2563507
2563508
2563509
2563510
2563511
2563512
2563513
2563514
2563515
2563516
2563517
2563518
2563519
2563520
2563521
2563522
2563523
2563524
2563525
2563526
2563527
2563528
2563529
2563530
2563531
2563532
2563533
2563534
2563535
2563536
2563537
2563538
2563539
2563540
2563541
2563542
2563543
2563544
2563545
2563546
2563547
2563548
2563549
2563550
2563551
2563552
2563553
2563554
2563555
2563556
2563557
2563558
2563559
2563560
2563561
2563562
2563563
2563564
2563565
2563566
2563567
2563568
2563569
2563570
2563571
2563572
2563573
2563574
2563575
2563576
2563577
2563578
2563579
2563580
2563581
2563582
2563583
2563584
2563585
2563586
2563587
2563588
2563589
2563590
2563591
2563592
2563593
2563594
2563595
2563734
2564646
2565028
2565372
2565499
2565500
2565501
2565502
2565509
2565510
2565511
2565512
2565513
2565516
2565517
2565518
2565519
2565520
2565521
2565522
2565523
2565524
2565525
2565526
2565527
2565528
2565596
2565644
2565645
2565646
2565647
2565648
2565649
2565650
2565651
2565652
2565653
2565654
2565655
2565656
2565657
2565658
2565659
2565660
2565661
2565662
2565664
2565665
2565666
2565667
2565668
2565669
2565670
2565671
2565672
2565673
2565674
2565675
2565676
2565677
2565678
2565679
2565680
2565681
2565682
2565683
2565684
2565685
2565686
2565687
2565688
2565689
2565690
2565691
2565693
2565694
2565695
2565697
2565698
2565699
2565700
2565701
2565702
2565703
2565704
2565705
2565706
2565707
2565708
2565709
2565710
2565711
2565877
2565915
2565916
2567864
2569973
2569974
2569975
2570294
2570300
2570301
2570308
2570312
2570371
2570373
2570374
2570617
2570879
2570880
2570881
2570892
2570911
2570912
2570913
2571005
2571006
2571007
2571055
2571059
2571108
2571109
2571131
2571132
2571133
2571134
2571135
2571136
2571137
2571138
2571144
2571168
2571169
2571205
2571241
2571246
2571247
2571248
2571249
2571250
2571251
2571252
2571253
2571254
2572003
2572004
2572006
2572044
2572317
2572318
2572523
2572524
2572525
2572526
2572527
2572528
2572529
2572530
2572531
2572532
2572533
2572534
2572872
2572874
2575254
2575255
2575256
2575260
2575261
2575318
2575319
2575320
2575321
2575322
2575323
2575324
2575325
2575326
2575327
2575328
2575329
2575330
2575331
2575338
2575339
2575340
2575341
2575342
2575343
2575344
2575345
2575346
2575347
2575348
2575349
2575350
2575351
2575352
2575353
2575354
2575355
2575356
2575357
2575458
2575459
2575460
2575461
2575462
2575463
2575464
2575465
2575466
2575467
2575468
2575469
2575470
2575610
2575611
2575612
2576462
2576463
2576478
2576479
2576480
2576481
2576482
2576483
2576484
2576485
2576486
2576487
2576488
2576489
2576490
2576491
2576492
2576493
2576494
2576495
2576496
2576497
2576498
2576499
2576500
2576501
2576502
2576503
2576504
2576505
2576506
2576507
2576508
2576509
2576510
2576511
2576512
2576513
2576514
2576515
2576516
2576517
2576518
2576519
2576520
2576521
2576522
2576523
2576524
2576525
2576526
2576527
2576528
2576633
2576870
2576871
2576872
2576873
2576874
2576879
2576882
2577028
2578086
2580353
2580395
2580401
2580402
2580403
2580404
2580405
2580406
2580407
2580408
2580409
2582416
2583037
2583038
2583039
2583040
2583041
2583042
2583043
2583044
2583045
2583046
2583047
2583048
2583286
2583507
2583508
2583813
2584486
2584487
2584490
2584491
2584492
2584493
2584494
2584495
2584496
2584497
2584498
2584499
2584753
2585109
2585230
2585231
2585737
2585741
2586644
2586957
2586958
2586959
2586960
2586961
2587456
2587493
2587809
2587814
2587819
2587820
2588085
2588086
2588087
2588088
2588090
2588091
2588092
2588093
2588094
2588095
2588096
2588097
2588098
2588099
2588125
2588127
2588128
2588129
2588130
2588131
2588132
2588133
2588134
2588135
2588136
2588137
2588138
2588139
2588140
2588141
2588358
2588359
2588486
2588487
2588489
2588490
2588491
2588492
2588493
2588494
2588495
2588496
2588498
2588499
2588500
2588501
2588502
2588503
2588504
2588505
2588506
2588507
2588508
2588509
2588510
2588511
2588512
2588513
2588514
2588515
2588516
2588517
2588518
2588519
2588520
2589644
2589652
2589653
2589655
2589656
2589658
2589659
2589660
2589661
2589662
2589663
2589664
2589665
2589666
2589846
2589847
2590043
2590046
2590047
2590048
2590049
2590050
2590051
2590092
2590157
2590162
2590400
2590837
2590838
2590839
2590840
2590872
2590874
2590875
2590876
2590877
2590878
2590879
2590880
2590881
2590894
2590895
2590896
2590919
2590929
2590930
2590931
2590932
2590933
2590934
2590935
2590936
2590937
2590938
2590939
2590940
2590941
2590942
2590943
2590944
2590945
2590946
2590947
2590948
2591024
2591025
2591026
2591027
2591028
2591029
2591030
2591031
2591032
2591033
2591034
2591035
2591036
2591037
2591039
2591040
2591041
2591042
2591043
2591044
2591045
2591046
2591047
2591048
2591049
2591050
2591051
2591052
2591053
2591054
2591055
2591056
2591057
2591058
2591059
2591060
2591061
2591062
2591063
2591064
2591066
2591067
2591068
2591069
2591071
2591072
2591074
2591075
2591076
2591077
2591099
2591100
2591101
2591102
2591103
2591104
2591105
2591106
2591110
2591111
2591112
2591113
2591114
2591115
2591116
2591117
2591118
2591119
2591120
2591121
2591122
2591123
2591124
2591125
2591126
2591127
2591128
2591129
2591130
2591131
2591132
2591133
2591134
2591135
2591136
2591188
2591189
2591190
2591191
2591192
2591193
2591204
2591205
2591206
2591207
2591208
2591209
2591210
2591211
2591212
2591213
2591214
2591215
2591216
2591217
2591218
2591219
2591220
2591221
2591222
2591223
2591224
2591225
2591226
2591343
2591344
2591364
2591365
2591366
2591367
2591368
2591369
2591370
2591371
2591372
2591373
2591374
2591375
2591376
2591377
2591378
2591379
2591380
2591398
2591401
2591402
2591403
2591406
2591407
2591408
2591410
2591411
2591412
2591413
2591414
2591415
2591416
2591417
2591418
2591419
2591420
2591421
2591422
2591423
2591424
2591425
2591426
2591427
2591838
2592058
2592059
2592161
2592162
2592163
2592190
2592193
2592194
2592195
2592196
2592197
2592198
2592199
2592200
2592201
2592202
2592203
2592204
2592205
2592206
2592207
2592208
2592209
2592210
2592211
2592212
2592213
2592214
2592215
2592216
2592217
2592218
2592219
2592220
2592221
2592222
2592223
2592615
2592658
2592659
2592660
2592661
2592668
2593268
2593322
2593324
2593327
2593329
2593331
2593333
2593334
2593335
2593336
2593337
2593338
2593339
2593340
2593341
2593342
2593343
2593344
2593345
2593346
2593347
2593348
2593349
2593350
2593351
2593352
2593353
2593354
2593355
2593356
2593357
2593358
2593359
2593360
2593465
2593638
2593639
2593661
2594282
2594692
2594693
2594903
2594927
2595040
2595045
2596657
2596671
2596672
2596673
2596674
2596675
2596676
2596677
2596709
2596712
2596713
2596714
2596715
2596884
2596885
2596966
2596967
2596973
2596974
2596979
2596980
2596981
2596982
2597349
2598876
2599404
2599601
2599602
2599764
2599822
2599823
2599824
2599825
2599826
2599827
2599828
2599829
2599830
2599831
2599832
2599833
2599834
2599835
2599836
2599837
2599838
2599839
2599840
2599841
2599842
2599843
2599844
2599845
2599846
2599847
2599848
2599849
2599850
2599851
2599852
2599853
2599854
2599855
2599856
2599857
2599858
2599859
2599860
2599861
2599862
2599863
2599864
2599865
2599866
2599867
2599868
2599869
2599870
2599871
2599872
2599873
2599874
2599875
2599876
2599877
2599878
2599879
2599880
2599881
2599882
2599883
2599884
2599885
2599886
2599887
2599888
2599889
2599890
2599891
2600100
2601253
2601254
2601609
2601610
2601611
2601612
2601613
2601614
2601615
2601616
2601617
2601618
2601619
2601620
2601621
2601622
2601623
2601624
2601625
2601626
2601627
2601628
2601629
2601630
2601631
2601632
2601634
2601635
2601637
2601638
2601639
2601640
2601641
2601642
2601643
2601644
2601647
2601648
2601649
2601650
2601652
2601653
2601654
2601655
2601656
2601657
2601658
2601659
2601660
2601661
2601662
2601663
2601664
2601665
2601666
2601667
2601669
2601670
2601671
2601672
2601674
2601675
2601676
2601678
2601679
2601680
2601683
2601684
2601685
2601686
2601687
2601688
2601689
2601690
2601691
2601692
2601693
2601694
2601695
2601696
2601697
2602759
2603257
2603258
2603259
2603260
2603261
2603262
2603263
2603264
2603832
2603848
2603849
2603906
2604831
2604841
2604894
2604898
2604899
2604903
2604904
2606582
2606583
2606584
2606591
2607483
2607484
2607485
2607486
2607487
2607488
2607489
2607490
2607588
2607648
2607969
2608283
2608294
2608295
2608298
2608299
2608300
2608316
2608318
2608319
2608320
2608321
2608323
2608368
2608369
2608370
2608371
2608372
2608376
2608383
2608403
2608405
2608735
2609449
2609832
2609909
2610840
2610869
2611413
2613898
2613911
2614123
2640676
2650662
2650663
2650664
2650665
2650873
2650874
2650875
2650876
2650877
2651067
2651149
2651151
2651918
2652402
2652403
2652404
2652405
2652406
2652407
2652408
2652409
2652410
2652411
2652412
2652413
2652414
2652415
2652416
2652417
2652418
2652419
2652420
2652421
2652422
2652423
2652424
2652425
2652426
2652427
2652428
2652429
2652430
2652431
2652757
2652879
2652880
2652881
2652882
2652883
2652884
2652885
2652886
2652887
2652888
2652889
2652890
2652891
2652892
2652893
2652894
2652895
2652896
2652897
2652898
2653270
2653271
2653272
2653273
2653274
2653275
2653276
2653277
2653278
2653279
2653507
2653638
2653640
2653641
2653642
2653643
2653644
2653645
2653646
2653650
2653651
2653652
2653653
2653657
2653658
2653659
2653660
2653661
2653705
2653706
2653715
2653716
2653717
2653718
2653719
2653720
2653721
2653722
2653723
2653724
2653725
2653744
2653745
2653746
2653747
2653748
2653749
2653750
2653751
2653752
2653753
2653754
2653755
2653756
2653757
2653758
2653759
2653760
2653761
2653762
2653763
2653764
2653765
2653766
2653767
2653768
2653769
2653770
2653771
2653772
2653893
2653964
2654243
2654244
2654245
2654329
2654654
2654655
2654656
2654972
2654973
2655002
2655003
2656506
2656507
2656508
2656509
2656510
2656511
2656512
2656513
2656514
2656515
2656516
2656517
2656518
2656519
2656520
2656521
2656522
2656523
2656524
2656525
2656526
2656527
2656528
2656529
2656530
2656531
2656532
2656533
2656534
2656535
2656536
2656537
2656538
2656539
2656540
2656541
2656542
2656543
2656544
2656545
2656546
2656547
2656548
2656549
2656550
2656551
2656552
2656553
2656554
2656555
2656556
2656557
2656558
2656559
2656560
2656561
2656562
2656563
2656564
2656565
2656566
2656567
2656568
2656569
2656570
2656571
2656572
2656573
2656574
2656575
2656576
2656577
2656578
2656579
2656580
2656581
2656582
2656583
2656584
2656585
2656586
2656587
2656588
2656589
2656590
2656591
2656592
2656593
2656594
2656595
2656596
2656597
2656598
2656599
2656600
2656601
2656602
2656603
2656604
2656605
2656606
2656607
2656608
2656609
2656610
2656611
2656612
2656613
2656614
2656615
2656616
2656617
2656618
2656619
2656620
2656621
2656622
2656623
2656624
2656625
2656626
2656627
2656628
2656629
2656630
2656631
2656632
2656633
2656634
2656707
2656708
2656709
2656710
2656711
2656712
2656713
2656714
2656715
2656716
2656717
2656718
2656719
2656720
2656721
2656722
2656723
2656724
2656725
2656730
2660560
2660561
2660687
2660688
2660689
2660690
2660691
2660692
2660693
2660694
2660695
2660696
2660705
2660715
2660724
2662127
2662128
2662136
2662137
2662138
2662139
2662140
2662272
2662273
2662274
2662275
2662276
2662277
2662278
2662279
2662280
2662281
2662282
2662283
2662284
2662293
2662294
2662295
2662296
2662297
2662298
2662299
2662300
2663020
2663027
2663167
2663168
2663169
2663180
2663232
2663260
2663264
2663305
2663323
2663324
2663325
2663326
2663327
2663328
2663329
2664131
2664132
2664192
2664193
2664194
2664195
2664196
2664208
2664209
2664210
2664211
2664212
2664213
2664214
2664221
2664222
2664223
2664224
2664225
2664226
2664246
2664247
2664248
2664388
2664389
2664390
2664391
2664392
2664393
2664394
2664395
2664396
2664397
2664398
2664399
2664400
2664401
2664402
2664403
2664404
2664405
2664406
2664407
2664408
2664409
2664939
2664976
2664977
2666249
2666257
2666260
2666261
2674969
2674970
2674972
2674973
2674974
2674975
2674976
2674977
2674978
2675159
2675201
2675202
2675210
2675211
2675212
2675228
2675235
2675236
2675237
2675238
2675239
2675240
2675241
2675242
2675243
2675244
2675245
2675246
2675247
2675248
2675249
2675250
2675251
2675252
2675253
2675254
2675255
2675256
2675257
2675258
2675259
2675260
2675261
2675262
2675263
2675264
2675265
2675334
2675441
2675442
2675443
2675444
2675445
2675446
2675447
2675448
2675449
2675450
2675824
2675825
2675826
2675827
2675828
2678560
2678563
2678590
2678601
2678937
2679891
2679897
2679898
2679904
2679905
2680004
2681195
2681196
2681376
2681592
2681594
2681595
2681596
2681597
2681598
2681599
2681602
2681603
2681604
2681605
2681606
2681607
2681608
2681609
2681610
2681611
2681612
2681613
2681614
2681615
2681616
2681617
2681618
2681619
2681620
2681621
2681623
2681624
2681625
2681626
2681630
2681674
2681675
2681777
2682147
2682148
2682149
2682150
2682151
2682152
2682153
2682154
2682155
2682156
2682157
2682158
2682571
2682770
2682812
2682836
2682965
2683673
2684227
2684473
2686040
2686041
2686051
2686052
2686056
2686057
2686058
2686059
2686068
2686071
2686072
2686080
2686081
2686082
2686083
2686084
2686085
2686086
2686087
2686088
2686089
2686090
2686095
2686096
2686097
2686098
2686099
2686200
2686202
2686203
2686204
2686205
2686206
2686207
2686208
2686209
2686210
2686211
2686212
2686213
2686214
2686215
2686216
2686217
2686218
2686219
2686220
2686221
2686222
2686223
2686224
2686225
2686226
2686227
2686228
2686229
2686230
2686231
2686232
2686233
2686234
2686235
2686236
2686237
2686238
2686242
2686243
2686244
2686245
2686246
2686247
2686248
2686249
2686250
2686251
2686252
2686253
2686254
2686255
2686256
2686257
2686258
2686259
2686260
2686261
2686262
2686263
2686264
2686265
2686266
2686267
2686268
2686269
2686270
2686271
2686272
2686273
2686274
2686275
2686276
2686277
2686278
2686279
2686280
2686281
2686283
2686284
2686285
2686286
2686289
2686290
2686291
2686293
2686294
2686295
2686296
2686297
2686298
2686299
2686300
2686301
2686302
2686303
2686307
2686308
2686309
2686310
2686311
2686312
2686313
2686372
2686373
2686374
2686375
2686376
2686377
2686378
2686379
2686380
2686381
2686382
2686383
2686384
2686385
2686386
2686426
2686431
2686432
2686433
2686434
2686435
2686436
2686437
2686438
2686439
2686455
2686456
2686457
2686458
2686459
2686460
2686461
2686462
2686463
2686464
2686466
2686467
2686468
2686469
2686470
2686471
2686472
2686474
2686475
2689112
2689113
2689114
2690212
2690230
2691085
2691098
2692157
2692158
2692159
2692160
2692161
2692422
2692510
2692737
2692738
2692739
2692740
2692741
2692743
2692744
2692745
2692746
2692747
2692748
2692749
2692750
2692921
2692924
2692926
2692929
2692931
2692932
2692934
2692936
2692937
2692938
2692941
2692942
2692943
2692944
2692945
2692946
2692947
2692948
2692949
2692950
2692951
2692953
2692954
2692955
2692956
2692957
2692958
2692961
2692962
2692963
2692964
2692965
2692966
2692967
2692970
2692971
2692972
2692973
2692975
2692976
2692977
2692978
2692979
2692981
2692982
2692983
2692984
2692988
2692989
2692990
2692991
2692992
2692993
2692998
2693006
2693009
2693010
2693011
2693013
2693015
2693018
2693019
2693020
2693021
2693022
2693025
2693027
2693028
2693029
2693030
2693031
2693032
2693035
2693036
2693037
2693038
2693042
2693043
2693046
2693047
2693048
2693049
2693051
2693056
2693058
2693059
2693060
2693062
2693063
2693065
2693068
2693072
2693075
2693076
2693081
2693083
2693096
2693097
2693104
2693105
2693110
2693111
2693112
2693113
2693114
2693115
2693116
2693117
2693118
2693127
2693129
2693130
2693131
2693134
2693138
2693139
2693140
2693146
2693147
2693148
2693149
2693151
2693153
2693154
2693160
2693164
2693169
2693170
2693172
2693173
2693174
2693175
2693180
2693181
2693182
2693183
2693184
2693185
2693186
2693187
2693191
2693193
2693198
2693203
2693204
2693205
2693206
2693207
2693208
2693209
2693210
2693211
2693214
2693215
2693216
2693217
2693219
2693220
2693223
2693225
2693227
2693228
2693233
2693234
2693235
2693236
2693237
2693239
2693240
2693242
2693243
2693244
2693246
2693247
2693250
2693253
2693254
2693255
2693258
2693260
2693261
2693262
2693263
2693269
2693270
2693271
2693272
2693273
2693274
2693275
2693276
2693277
2693280
2693285
2693286
2693288
2693289
2693290
2693291
2693292
2693294
2693295
2693297
2693299
2693300
2693302
2693306
2693308
2693310
2693311
2693312
2693316
2693317
2693319
2693320
2693325
2693327
2693329
2693330
2693332
2693334
2693335
2693336
2693338
2693339
2693342
2693345
2693352
2693353
2693360
2693361
2693363
2693366
2693370
2693372
2693373
2693377
2693379
2693380
2693382
2693383
2693384
2693385
2693388
2693390
2693391
2693392
2693398
2693408
2693409
2693410
2693411
2693415
2693419
2693420
2693421
2693426
2693427
2693432
2693434
2693435
2693436
2693437
2693438
2693439
2693440
2693441
2693442
2693445
2693447
2693448
2693451
2693453
2693454
2693455
2693456
2693457
2693458
2693462
2693463
2693464
2693465
2693466
2693468
2693469
2693473
2693474
2693476
2693477
2693479
2693480
2693482
2693485
2693486
2693488
2693489
2693490
2693491
2693492
2693493
2693494
2693496
2693497
2693498
2693499
2693501
2693504
2693506
2693516
2693517
2693518
2693519
2693536
2693537
2693538
2693540
2693541
2693548
2693550
2693551
2693552
2693553
2693555
2693557
2693558
2693559
2693561
2693566
2693568
2693569
2693570
2693571
2693572
2693573
2693575
2693576
2693583
2693584
2693586
2693589
2693595
2693596
2693600
2693604
2693609
2693610
2693612
2693613
2693614
2693615
2693619
2693620
2693622
2693625
2693629
2693635
2693636
2693637
2693641
2693642
2693648
2693649
2693650
2693652
2693655
2693656
2693657
2693658
2693659
2693660
2693661
2693662
2693664
2693665
2693666
2693667
2693668
2693669
2693670
2693671
2693672
2693673
2693674
2693675
2693684
2693689
2693695
2693697
2693698
2693699
2693700
2693701
2693702
2693703
2693704
2693705
2693707
2693708
2693710
2693712
2693719
2693720
2693721
2693722
2693724
2693728
2693732
2693735
2693739
2693741
2693742
2693743
2693748
2693750
2693754
2693759
2693769
2693770
2693771
2693775
2693781
2693782
2693784
2693786
2693788
2693793
2693795
2693799
2693803
2693807
2693808
2693811
2693812
2693813
2693817
2693822
2693824
2693825
2693826
2693827
2693828
2693835
2693836
2693840
2693841
2693842
2693844
2693845
2693848
2693849
2693852
2693853
2693855
2693856
2693859
2693860
2693861
2693868
2693869
2693870
2693871
2693873
2693874
2693875
2693880
2693882
2693883
2693885
2693886
2693893
2693899
2693900
2693912
2693917
2693918
2693919
2693921
2693925
2693926
2693927
2693928
2693929
2693932
2693936
2693937
2693940
2693942
2693945
2693946
2693947
2693948
2693950
2693951
2693952
2693956
2693957
2693958
2693959
2693960
2693961
2693962
2693966
2693968
2693972
2693973
2693976
2693981
2693986
2693987
2693992
2693997
2693998
2693999
2694000
2694001
2694002
2694004
2694005
2694006
2694007
2694009
2694013
2694014
2694015
2694029
2694034
2694035
2694038
2694042
2694044
2694045
2694046
2694048
2694049
2694050
2694054
2694055
2694057
2694058
2694059
2694060
2694061
2694064
2694065
2694070
2694073
2694074
2694078
2694079
2694080
2694081
2694082
2694083
2694091
2694092
2694093
2694094
2694097
2694100
2694101
2694102
2694103
2694104
2694105
2694108
2694111
2694112
2694113
2694114
2694117
2694118
2694119
2694120
2694122
2694123
2694126
2694127
2694128
2694131
2694133
2694134
2694137
2694138
2694139
2694140
2694141
2694142
2694144
2694145
2694148
2694153
2694154
2694155
2694156
2694157
2694158
2694159
2694160
2694161
2694175
2694177
2694178
2694182
2694183
2694185
2694186
2694188
2694195
2694199
2694204
2694205
2694223
2694225
2694226
2694227
2694231
2694232
2694235
2694236
2694237
2694238
2694239
2694242
2694243
2694244
2694245
2694246
2694247
2694248
2694249
2694250
2694251
2694252
2694253
2694254
2694255
2694256
2694257
2694258
2694259
2694260
2694261
2694263
2694264
2694265
2694266
2694267
2694268
2694269
2694270
2694271
2694272
2694273
2694274
2694275
2694276
2694277
2694278
2694279
2694280
2694281
2694282
2694283
2694284
2694285
2694286
2694288
2694289
2694290
2694291
2694292
2694293
2694294
2694295
2694296
2694297
2694299
2694300
2694301
2694302
2694304
2694305
2694306
2694307
2694308
2694309
2694310
2694311
2694312
2694313
2694314
2694316
2694317
2694318
2694319
2694320
2694321
2694322
2694323
2694324
2694325
2694326
2694328
2694329
2694330
2694334
2694335
2694336
2694337
2694338
2694339
2694340
2694341
2694342
2694343
2694346
2694347
2694348
2694349
2694350
2694351
2694352
2694353
2694354
2694355
2694356
2694357
2694359
2694360
2694361
2694362
2694363
2694364
2694365
2694366
2694367
2694368
2694369
2694370
2694371
2694372
2694373
2694374
2694375
2694376
2694377
2694378
2694379
2694380
2694383
2694384
2694385
2694386
2694387
2694388
2694389
2694390
2694392
2694393
2694398
2694399
2694400
2694401
2694403
2694404
2694405
2694406
2694409
2694410
2694413
2694414
2694415
2694416
2694417
2694420
2694421
2694422
2694423
2694424
2694425
2694427
2694433
2694435
2694436
2694437
2694438
2694439
2694440
2694441
2694443
2694444
2694445
2694446
2694447
2694448
2694450
2694451
2694452
2694455
2694456
2694457
2694458
2694459
2694461
2694462
2694463
2694464
2694466
2694467
2694468
2694469
2694470
2694471
2694472
2694473
2694474
2694475
2694476
2694477
2694478
2694479
2694480
2694481
2694482
2694483
2694485
2694486
2694487
2694488
2694489
2694490
2694491
2694492
2694493
2694494
2694499
2694501
2694502
2694503
2694504
2694505
2694506
2694507
2694508
2694509
2694510
2694512
2694513
2694516
2694517
2694518
2694519
2694520
2694521
2694522
2694523
2694524
2694525
2694526
2694527
2694528
2694529
2694530
2694531
2694532
2694533
2694534
2694535
2694536
2694537
2694538
2694539
2694544
2694545
2694546
2694547
2694548
2694549
2694550
2694551
2694554
2694555
2694556
2694558
2694560
2694561
2694562
2694563
2694564
2694565
2694566
2694567
2694568
2694569
2694570
2694572
2694573
2694574
2694575
2694576
2694577
2694578
2694579
2694580
2694582
2694583
2694584
2694585
2694586
2694587
2694588
2694589
2694590
2694591
2694597
2694598
2694599
2694601
2694602
2694603
2694604
2694605
2694606
2694607
2694608
2694609
2694610
2694611
2694612
2694613
2694614
2694615
2694616
2694617
2694618
2694619
2694620
2694621
2694623
2694624
2694625
2694628
2694629
2694632
2694635
2694636
2694641
2694642
2694643
2694644
2694645
2694646
2694647
2694648
2694649
2694650
2694651
2694654
2694655
2694656
2694657
2694659
2694661
2694662
2694664
2694665
2694667
2694668
2694669
2694670
2694671
2694672
2694673
2694674
2694675
2694676
2694677
2694679
2694680
2694681
2694682
2694683
2694684
2694685
2694686
2694687
2694688
2694689
2694690
2694691
2694692
2694693
2694694
2694695
2694698
2694699
2694700
2694701
2694702
2694711
2694713
2694714
2694715
2694716
2694717
2694718
2694721
2694722
2694724
2694725
2694726
2694727
2694728
2694729
2694730
2694731
2694732
2694735
2694736
2694739
2694740
2694741
2694742
2694743
2694744
2694745
2694746
2694747
2694748
2694752
2694753
2694754
2694756
2694758
2694759
2694761
2694762
2694763
2694764
2694765
2694766
2694767
2694768
2694769
2694770
2694771
2694772
2694773
2694774
2694775
2694776
2694777
2694778
2694779
2694780
2694781
2694782
2694783
2694784
2694785
2694786
2694787
2694788
2694789
2694790
2694791
2694792
2694793
2694794
2694795
2694797
2694798
2694977
2695836
2695837
2695838
2695839
2695840
2695841
2695842
2695843
2695844
2695845
2695846
2695847
2695848
2695849
2695850
2695851
2696336
2696337
2696338
2696339
2696340
2696343
2696344
2696345
2696354
2696355
2696356
2696357
2696358
2696359
2696360
2696361
2696362
2696363
2696364
2696365
2696366
2696367
2696368
2696369
2696370
2696371
2696372
2696373
2696374
2696375
2696376
2696377
2696378
2696379
2696380
2696381
2696383
2696384
2696385
2696386
2696387
2696388
2696389
2696390
2696391
2696392
2696393
2696394
2696395
2696396
2696397
2696398
2696399
2696400
2696401
2696402
2696403
2696404
2696405
2696406
2696407
2696408
2696409
2696410
2696411
2696412
2696413
2696414
2696415
2696416
2696417
2696418
2696419
2696420
2696421
2696422
2696423
2696424
2696425
2696426
2696427
2696428
2696429
2696430
2696431
2696432
2696433
2696434
2696435
2696436
2696437
2696438
2696439
2696440
2696441
2696442
2696443
2696444
2696445
2696446
2696447
2696448
2696449
2696450
2696451
2696452
2696453
2696454
2696455
2696456
2696457
2696458
2696459
2696460
2696461
2696462
2696679
2697005
2697090
2697091
2697092
2697093
2697094
2697095
2697238
2697472
2697473
2697474
2697475
2697476
2697477
2697508
2697509
2697512
2697513
2697536
2697537
2697538
2697539
2697540
2698415
2698416
2698726
2698729
2698730
2698904
2698905
2698906
2698907
2698908
2698909
2698910
2698911
2698912
2698913
2698915
2698916
2698917
2698918
2698921
2698922
2698923
2698924
2698925
2698926
2698927
2698928
2698929
2698930
2698933
2698934
2698939
2698940
2698943
2698944
2698945
2698946
2698947
2698948
2698949
2698950
2698951
2698952
2698953
2698954
2698955
2698958
2698959
2698962
2698963
2698965
2698966
2698967
2698968
2698969
2698970
2698971
2698972
2698973
2698974
2698975
2698976
2698979
2698980
2698981
2698989
2698990
2698991
2698992
2698993
2698994
2698995
2698996
2698997
2699377
2699378
2699738
2699794
2699877
2700089
2700090
2703653
2703960
2704027
2704028
2704031
2704033
2704034
2704035
2704036
2704037
2704038
2704039
2704040
2704041
2704042
2704043
2704044
2704064
2704065
2704066
2704067
2704068
2704069
2704070
2704418
2704937
2704938
2704939
2704940
2704941
2704943
2704944
2705110
2705347
2705348
2705349
2705350
2705351
2705352
2705353
2705354
2705355
2705356
2705357
2705358
2705359
2705360
2705361
2705362
2705363
2705364
2705365
2705366
2705367
2705368
2705369
2705370
2705371
2705372
2705441
2705462
2706128
2706778
2706841
2707030
2707031
2707331
2708562
2708592
2708629
2708630
2708631
2708632
2708633
2708634
2709316
2709317
2709754
2710493
2710494
2710495
2710496
2710497
2710498
2710499
2710500
2710501
2710502
2710503
2710504
2710505
2710506
2710507
2710508
2710509
2710510
2710511
2710512
2710513
2710514
2710515
2710516
2710517
2710518
2710519
2711163
2711164
2711165
2711169
2711170
2711171
2711172
2711173
2711174
2711175
2711176
2711177
2711178
2711179
2711180
2711181
2711182
2711183
2711184
2711185
2711210
2711211
2711212
2711213
2712060
2712932
2712933
2712934
2712935
2712938
2712940
2712941
2712942
2712943
2712944
2712945
2712956
2712957
2712958
2712960
2712961
2712962
2712966
2712970
2712971
2712972
2712973
2712974
2712976
2712977
2712978
2712979
2713010
2713011
2713012
2713013
2713014
2713015
2713016
2713017
2713018
2713019
2713020
2713021
2713022
2713023
2713024
2713025
2713026
2713027
2713028
2713029
2713030
2713031
2713145
2713154
2713155
2713205
2713210
2713217
2713222
2713223
2713224
2713230
2713231
2713232
2713233
2713234
2713235
2713236
2713237
2713238
2713239
2713240
2713241
2713242
2713243
2713244
2713245
2713246
2713247
2713248
2713249
2713250
2713256
2713257
2713258
2713259
2713260
2713261
2713262
2713263
2713264
2713265
2713266
2713267
2713268
2713269
2713273
2713274
2713275
2713276
2713277
2713278
2713279
2713280
2713281
2713282
2713283
2713284
2713285
2713286
2713287
2713288
2713289
2713290
2713291
2713292
2713293
2713294
2713295
2713296
2713297
2713298
2713299
2713300
2713301
2713302
2713303
2713304
2713305
2713306
2713307
2713308
2713309
2713310
2713311
2713312
2713313
2713314
2713315
2713316
2713317
2713318
2713319
2713320
2713321
2713322
2713323
2713324
2713325
2713326
2713327
2713328
2713464
2713465
2714183
2714184
2714735
2714736
2715801
2715802
2715803
2715804
2715931
2716170
2716322
2716350
2716351
2716352
2716353
2716354
2716355
2716727
2716728
2716729
2717165
2717584
2718472
2718473
2718474
2718475
2718476
2718477
2718478
2718479
2718480
2718481
2718482
2718493
2718494
2718495
2718496
2718941
2718942
2718943
2718947
2719179
2719180
2719181
2719183
2719184
2719185
2719186
2719187
2719188
2719189
2719190
2719191
2719192
2719193
2719194
2719195
2719196
2719197
2719198
2719199
2719200
2719202
2719203
2719204
2719205
2719206
2719207
2719208
2719209
2719210
2719212
2719567
2719568
2719569
2719570
2719571
2719572
2719573
2719574
2719575
2719576
2719592
2719593
2719594
2719595
2719596
2719597
2719598
2719599
2719600
2719601
2719602
2719603
2719604
2719605
2719606
2719607
2719608
2719609
2719610
2719611
2719835
2719836
2719837
2719838
2720215
2721235
2721556
2721756
2721757
2721760
2721792
2723238
2723239
2723240
2723241
2723242
2723243
2723248
2723726
2723727
2723728
2723742
2723743
2723754
2723755
2723758
2723759
2723761
2723762
2723763
2723766
2723769
2723770
2723771
2723772
2723773
2723774
2723892
2723893
2723894
2723896
2723897
2723898
2723899
2723900
2723901
2723902
2723903
2723904
2723905
2723906
2723907
2723909
2723910
2723911
2723937
2723938
2723960
2723990
2724167
2724168
2724179
2724180
2724182
2724183
2724308
2724309
2724310
2724311
2724322
2724323
2724325
2724326
2724327
2724331
2724332
2724352
2724897
2724898
2724899
2724900
2725268
2725603
2725604
2725605
2725606
2725607
2725608
2725609
2725612
2725613
2725614
2725615
2725616
2725617
2725618
2725619
2725620
2725621
2725622
2725623
2725624
2725625
2725626
2725627
2725628
2725629
2725630
2725631
2725632
2725633
2725634
2725635
2725636
2725637
2725638
2725639
2725640
2725641
2725642
2725643
2725644
2725645
2725646
2725647
2725648
2725649
2725650
2725651
2725652
2725676
2725678
2725679
2725680
2725681
2725682
2725683
2725750
2725751
2725752
2725753
2725754
2725755
2725864
2725865
2725866
2725867
2726708
2726968
2726969
2727865
2727866
2727867
2727868
2727869
2727870
2727871
2727872
2727873
2727874
2727875
2727876
2727877
2728916
2728917
2728918
2728919
2728920
2728921
2728922
2728923
2729189
2729190
2729191
2729382
2729539
2729541
2729542
2729545
2729566
2729567
2729568
2729569
2729570
2729574
2729575
2729592
2729631
2729632
2729638
2729639
2729677
2730087
2730535
2730536
2730537
2731207
2731208
2731215
2731216
2731217
2731333
2731618
2731619
2731621
2731622
2731623
2731624
2731625
2731643
2731645
2731646
2731647
2731648
2731649
2731650
2731651
2731652
2731653
2731671
2731672
2731673
2731674
2731675
2731676
2731677
2731689
2731690
2731691
2731695
2731926
2731927
2731928
2731929
2731930
2731931
2731932
2731933
2731934
2731935
2731936
2731937
2731938
2731939
2731940
2731941
2731942
2731943
2731944
2731945
2731946
2731947
2731948
2731949
2731950
2731951
2731952
2731953
2731954
2731955
2731956
2731957
2731958
2731959
2731960
2731961
2731962
2731963
2731964
2731965
2731966
2731967
2731968
2731969
2731970
2731971
2731972
2731973
2731974
2731975
2731976
2731977
2731978
2731979
2731980
2731981
2731982
2731983
2731984
2731985
2731986
2731987
2731988
2731989
2731990
2731991
2732012
2732013
2732014
2732016
2732017
2732019
2732020
2732021
2732022
2732023
2732024
2732025
2732026
2732027
2732028
2732029
2732030
2732031
2732032
2732033
2732034
2732035
2732037
2732038
2732045
2732046
2732047
2732049
2732050
2732051
2732061
2732062
2732063
2732064
2732065
2732066
2732068
2732086
2732254
2732255
2732588
2732589
2732591
2732592
2732595
2732596
2732597
2732598
2732599
2732600
2732601
2732602
2732603
2732604
2732605
2732612
2732613
2732614
2732675
2732676
2732677
2732678
2732679
2732680
2732681
2732682
2732683
2732684
2732685
2732686
2732687
2732688
2732689
2732690
2732691
2732692
2732693
2732694
2732695
2732697
2732698
2732699
2732700
2732701
2732702
2732703
2732704
2732705
2732706
2732708
2732709
2732710
2732711
2732712
2732713
2732714
2732762
2732763
2732764
2732765
2732775
2732776
2732777
2732778
2732779
2732780
2732781
2732782
2732783
2732784
2732785
2732786
2732787
2732788
2732789
2732909
2732910
2732911
2732912
2732913
2732914
2732915
2732916
2732917
2732918
2732920
2732921
2732922
2732923
2732924
2732925
2732926
2732927
2732928
2732929
2732930
2732931
2732932
2732933
2732937
2732938
2732939
2732960
2732961
2732962
2732963
2732964
2732965
2732966
2732968
2732969
2732970
2732971
2732972
2732973
2732974
2732975
2732976
2732977
2732978
2732979
2732980
2732981
2732982
2732983
2732984
2732985
2732986
2732987
2732988
2732989
2732990
2733081
2733082
2733083
2733084
2733085
2733086
2733087
2733088
2733089
2733090
2733091
2733092
2733093
2733094
2733095
2733096
2733097
2733098
2733099
2733100
2733101
2733102
2733103
2733104
2733105
2733106
2733107
2733108
2733109
2733110
2733111
2733112
2733113
2733114
2733115
2733116
2733117
2733118
2733119
2733120
2733121
2733122
2733123
2733124
2733125
2733126
2733127
2733128
2733129
2733130
2733131
2733132
2733133
2733134
2733135
2733136
2733137
2733138
2733139
2733140
2733141
2733142
2733143
2733145
2733146
2733147
2733148
2733149
2733150
2733151
2733152
2733153
2733154
2733155
2733156
2733157
2733158
2733159
2733160
2733161
2733162
2733163
2733164
2733165
2733166
2733167
2733168
2733169
2733170
2733171
2733172
2733173
2733174
2733175
2733176
2733177
2733178
2733179
2733180
2733181
2733182
2733183
2733184
2733185
2733186
2733187
2733188
2733189
2733190
2733191
2733192
2733193
2733194
2733195
2733196
2733197
2733198
2733199
2733200
2733201
2733202
2733203
2733204
2733205
2733206
2733207
2733208
2733209
2733210
2733211
2733212
2733213
2733214
2733215
2733216
2733217
2733218
2733219
2733220
2733221
2733222
2733315
2733316
2733317
2733318
2733319
2733320
2733321
2733323
2733324
2733325
2733326
2733327
2733328
2733329
2733330
2733331
2733332
2733333
2733334
2733335
2733336
2733337
2733338
2733339
2733340
2733341
2733342
2733343
2733344
2733345
2733346
2733347
2733348
2733349
2733350
2733351
2733352
2733353
2733354
2733355
2733356
2733357
2733358
2733359
2733360
2733361
2733362
2733363
2733364
2733365
2733366
2733367
2733368
2733369
2733370
2733371
2733372
2733373
2733374
2733375
2733376
2733377
2733395
2733574
2733575
2733576
2733577
2733578
2733579
2733580
2733581
2733583
2733584
2733585
2733586
2733587
2733588
2733589
2733590
2733591
2733592
2733593
2733594
2733595
2733596
2733597
2733598
2733599
2733600
2733601
2733602
2733603
2733604
2733605
2733606
2733607
2733608
2733609
2733610
2733611
2733612
2733613
2733614
2733615
2733616
2733617
2733618
2733619
2733620
2733621
2733622
2733623
2733624
2733625
2733626
2733627
2733628
2733629
2733630
2733631
2733632
2733633
2733634
2733635
2733636
2733637
2733638
2733639
2733640
2733641
2733642
2733643
2733644
2733645
2733646
2733647
2733648
2733649
2733650
2733651
2733652
2733653
2733654
2733655
2733656
2733657
2733658
2733659
2733660
2733661
2733662
2733663
2733664
2733665
2733666
2733667
2733668
2733669
2733670
2733671
2733672
2733673
2733674
2733675
2733676
2733677
2733678
2733679
2733680
2733681
2733682
2733683
2733684
2733685
2733869
2733870
2733871
2733872
2733873
2733874
2733875
2733876
2733877
2733878
2733879
2733880
2733881
2733882
2733883
2733884
2733885
2733886
2733887
2733888
2733889
2733890
2733891
2733892
2733893
2733894
2733895
2733896
2733897
2733898
2733899
2733900
2733901
2733902
2733903
2733904
2733905
2733906
2733907
2733916
2733917
2733918
2733919
2733920
2733921
2733922
2733923
2733924
2733925
2733926
2733927
2733928
2733929
2733930
2733931
2733932
2733933
2733934
2733935
2733936
2733937
2733938
2733939
2733940
2733941
2733942
2733943
2733944
2733945
2733946
2733947
2733948
2733949
2733950
2733951
2733952
2733953
2733954
2733955
2733956
2733957
2733958
2733959
2733960
2733961
2733962
2733963
2733964
2733965
2733966
2733967
2733968
2733969
2733970
2733971
2733972
2733973
2733974
2733975
2733976
2733977
2733978
2733979
2733980
2733981
2733982
2733983
2733984
2733985
2733986
2733987
2733988
2733989
2733990
2733991
2733992
2733993
2733994
2733995
2733996
2733997
2733998
2733999
2734000
2734001
2734002
2734003
2734004
2734005
2734006
2734007
2734008
2734009
2734010
2734011
2734012
2734013
2734014
2734015
2734016
2734018
2734019
2734020
2734021
2734022
2734023
2734024
2734025
2734026
2734027
2734028
2734029
2734030
2734031
2734032
2734033
2734034
2734035
2734036
2734037
2734038
2734040
2734041
2734042
2734043
2734044
2734045
2734046
2734047
2734048
2734049
2734050
2734051
2734052
2734053
2734055
2734056
2734057
2734058
2734059
2734060
2734061
2734062
2734063
2734064
2734065
2734067
2734068
2734069
2734070
2734071
2734072
2734073
2734074
2734076
2734077
2734078
2734079
2734080
2734081
2734082
2734083
2734084
2734085
2734086
2734087
2734088
2734089
2734090
2734091
2734092
2734093
2734094
2734095
2734096
2734097
2734098
2734099
2734100
2734101
2734102
2734103
2734104
2734105
2734106
2734108
2734109
2734110
2734111
2734112
2734113
2734114
2734115
2734116
2734117
2734118
2734119
2734120
2734121
2734122
2734124
2734125
2734126
2734127
2734128
2734129
2734130
2734131
2734132
2734133
2734134
2734135
2734136
2734137
2734138
2734139
2734140
2734141
2734142
2734143
2734144
2734145
2734146
2734147
2734148
2734149
2734150
2734151
2734152
2734153
2734154
2734155
2734156
2734157
2734158
2734159
2734160
2734161
2734162
2734163
2734186
2734187
2734188
2734189
2734190
2734191
2734192
2734193
2734194
2734195
2734196
2734197
2734198
2734199
2734200
2734201
2734202
2734203
2734204
2734205
2734206
2734207
2734208
2734209
2734210
2734211
2734212
2734213
2734214
2734215
2734216
2734217
2734218
2734219
2734220
2734221
2734222
2734223
2734224
2734225
2734226
2734227
2734228
2734229
2734230
2734231
2734232
2734233
2734234
2734235
2734236
2734237
2734238
2734239
2734240
2734241
2734242
2734243
2734244
2734245
2734246
2734247
2734248
2734249
2734250
2734251
2734252
2734253
2734254
2734255
2734256
2734257
2734258
2734259
2734260
2734261
2734262
2734263
2734264
2734265
2734266
2734267
2734268
2734269
2734270
2734271
2734272
2734273
2734274
2734275
2734276
2734277
2734278
2734279
2734280
2734281
2734282
2734283
2734284
2734285
2734286
2734287
2734288
2734289
2734290
2734291
2734292
2734642
2734808
2734809
2735125
2735171
2735264
2735300
2735301
2735302
2735435
2735531
2735532
2735533
2735534
2735535
2735572
2735669
2736181
2736182
2736183
2736185
2736186
2736188
2736189
2736190
2736192
2736193
2736194
2736195
2736196
2736197
2736198
2736199
2736200
2736201
2736202
2736203
2736204
2736205
2736208
2736209
2736210
2736211
2736212
2736213
2736214
2736215
2736216
2736217
2736218
2736219
2736220
2736221
2736222
2736223
2736224
2736225
2736226
2736227
2736228
2736229
2736230
2736231
2736232
2736233
2736234
2736235
2736236
2736238
2736239
2736256
2736257
2736258
2736259
2736260
2736261
2736262
2736263
2736264
2736265
2736266
2736267
2736268
2736269
2736270
2736271
2736272
2736273
2736274
2736275
2736279
2736280
2736281
2736282
2736286
2736287
2736288
2736296
2736303
2736304
2736305
2736306
2736307
2736308
2736309
2736310
2736311
2736312
2736313
2736314
2736315
2736316
2736317
2736318
2736319
2736320
2736321
2736322
2736323
2736324
2736325
2736326
2736327
2736328
2736329
2736330
2736331
2736332
2736333
2736334
2736335
2736336
2736337
2736338
2736339
2736340
2736341
2736343
2736346
2736347
2736364
2736365
2736366
2736477
2736478
2736479
2736480
2736481
2736482
2736483
2736484
2736485
2736486
2736487
2736488
2736489
2736490
2736491
2736492
2736493
2736494
2736495
2736496
2736497
2736498
2736499
2736500
2736501
2736502
2736503
2736504
2736505
2736506
2736507
2736508
2736509
2736510
2736511
2736512
2736632
2736651
2736817
2736912
2736913
2736930
2736931
2736932
2736933
2737665
2738138
2738372
2738373
2738374
2738376
2738809
2739751
2739752
2739753
2739754
2739833
2739834
2740180
2740181
2740182
2740292
2740427
2740745
2740798
2740799
2740800
2740801
2740802
2740803
2740804
2740805
2741065
2741072
2741073
2741074
2741075
2741076
2741077
2741341
2741717
2742107
2742108
2742112
2742113
2742114
2742414
2742446
2742944
2742945
2742946
2742947
2742948
2742950
2742951
2742952
2742954
2742955
2742958
2743402
2743403
2743404
2743525
2743776
2743777
2743779
2743780
2743781
2743782
2743783
2743784
2743785
2743786
2743787
2743788
2743789
2743790
2743791
2743792
2743793
2743794
2743795
2743796
2743797
2743798
2743799
2743800
2743801
2743802
2743803
2743804
2743805
2743806
2743807
2743808
2743809
2743810
2743811
2743812
2743813
2743814
2743815
2743816
2743817
2743818
2743819
2743820
2743821
2743822
2743823
2743824
2743825
2743826
2743827
2743828
2743829
2743830
2743831
2743832
2743833
2743834
2743835
2743836
2743837
2743838
2743839
2743840
2743841
2743842
2743843
2743844
2743845
2743846
2743847
2743848
2743849
2743850
2743851
2743852
2743853
2743854
2743855
2743856
2743857
2743858
2743859
2743860
2743861
2743862
2743863
2743864
2743865
2743866
2743867
2743868
2743869
2743870
2743871
2743872
2743873
2743874
2743875
2743876
2743877
2743878
2743879
2743880
2743881
2743882
2743883
2743884
2743885
2743886
2743887
2743888
2743889
2743890
2743891
2743892
2743893
2743894
2743895
2743896
2743897
2743898
2743899
2743900
2743901
2743903
2743904
2743905
2743906
2743907
2743908
2743909
2743910
2743911
2743912
2743913
2743914
2743915
2743916
2743917
2743918
2743919
2743920
2743921
2743922
2743923
2743924
2743925
2743926
2743927
2743928
2743929
2743930
2743931
2743932
2743933
2743934
2743936
2743937
2743938
2743939
2743940
2743960
2743961
2743962
2743964
2743965
2743966
2743967
2743968
2743969
2743970
2743982
2743983
2743984
2743985
2743986
2743987
2743988
2743989
2743990
2743991
2743992
2743993
2743994
2743995
2743996
2743997
2743998
2743999
2744000
2744001
2744002
2744003
2744004
2744005
2744006
2744007
2744008
2744009
2744010
2744011
2744012
2744409
2744412
2744413
2744415
2744416
2744417
2744419
2744420
2744422
2744423
2744424
2744425
2744426
2744427
2744428
2744429
2744430
2744481
2744482
2744802
2745512
2745558
2745560
2745561
2745562
2745563
2745565
2745570
2745571
2745643
2745644
2745645
2745646
2745647
2745648
2745649
2745650
2745662
2745663
2745664
2745665
2745666
2745667
2745668
2745669
2745670
2745671
2745672
2745673
2745674
2745675
2745676
2745677
2745678
2745679
2745680
2745681
2745684
2745685
2745686
2745687
2745688
2745689
2745691
2745692
2745693
2745694
2745695
2745696
2745697
2745698
2745699
2745703
2745897
2745898
2745900
2745901
2745902
2746072
2746074
2746075
2746222
2746223
2746227
2746228
2746235
2746891
2746928
2747485
2747542
2747780
2747781
2747782
2748050
2748341
2748343
2748344
2748345
2748346
2748347
2748348
2748349
2748350
2748351
2748352
2748353
2748354
2748688
2748756
2748757
2748758
2748760
2748764
2748765
2749186
2749212
2749214
2749215
2749216
2749255
2749257
2749258
2749259
2749260
2749261
2749302
2749303
2749352
2749381
2749412
2749414
2749415
2749416
2749417
2749424
2749425
2749426
2749427
2749428
2749429
2749430
2749668
2749846
2749937
2749938
2749939
2749940
2749941
2749994
2750264
2750276
2750277
2750278
2750279
2750280
2750281
2750283
2750284
2750285
2750846
2750847
2750848
2750849
2750850
2750851
2750852
2750853
2750854
2750856
2750857
2750858
2751371
2751372
2751373
2751374
2751375
2751376
2751377
2751378
2751379
2751380
2751381
2751382
2751383
2751384
2751385
2751386
2751387
2751388
2751389
2751390
2751391
2751392
2751393
2751394
2751395
2752514
2752520
2752521
2752524
2752528
2752529
2752530
2752531
2752533
2752534
2752536
2752547
2752548
2752549
2752550
2752567
2752569
2752570
2752589
2752795
2752797
2752798
2752799
2753148
2753150
2753151
2753152
2753153
2753154
2753541
2753656
2753730
2753731
2753732
2753733
2754975
2755132
2755143
2755401
2755402
2756144
2756145
2756217
2756218
2756239
2757715
2757716
2757721
2758312
2758313
2758660
2759019
2759020
2759021
2759119
2759120
2759121
2759125
2759131
2759177
2759178
2759179
2759180
2759182
2759186
2759187
2759188
2759191
2759192
2759193
2759194
2759195
2759196
2759197
2759198
2759199
2759200
2759201
2759202
2759203
2759204
2759205
2759206
2759207
2759208
2759209
2759210
2759211
2759212
2759213
2759214
2759216
2759217
2759218
2759219
2759272
2759275
2759276
2759277
2759278
2759334
2759335
2759380
2759381
2759387
2759388
2759389
2759390
2759391
2759392
2759393
2759394
2759395
2759396
2759397
2759398
2759399
2759400
2759401
2759451
2759452
2759453
2759454
2759455
2759456
2759457
2759458
2759459
2759460
2759461
2759462
2759463
2759464
2759465
2759489
2759599
2759708
2759709
2759710
2759711
2759712
2759713
2759714
2759715
2759716
2759718
2759719
2759720
2759721
2759722
2759723
2759724
2759725
2759726
2759727
2759728
2759729
2759730
2759731
2759732
2760772
2760774
2760844
2761108
2761109
2761110
2761126
2761363
2761364
2761370
2761371
2761631
2761632
2761633
2761634
2761708
2762027
2762278
2762279
2762280
2762281
2762282
2762283
2762285
2762287
2762288
2762289
2762290
2762303
2762304
2762386
2762389
2762390
2762391
2762392
2762393
2762394
2762395
2762396
2762397
2762398
2762399
2762400
2762401
2762402
2762403
2762404
2762405
2762406
2762407
2762408
2762409
2762410
2762411
2762412
2762413
2762414
2762415
2762416
2762417
2762418
2762419
2762420
2762421
2762422
2762423
2762424
2762425
2762426
2762427
2762428
2762429
2762430
2762431
2762478
2762479
2762480
2762556
2762560
2762666
2762667
2762669
2762670
2762671
2762672
2762715
2762718
2762719
2762720
2762809
2762810
2762811
2762812
2762813
2762814
2762815
2762819
2762820
2762821
2762822
2762823
2762824
2762825
2762826
2762827
2762828
2762829
2762830
2762831
2762832
2762833
2762834
2762835
2762836
2762837
2762838
2762839
2762840
2762841
2763093
2763101
2763102
2763103
2763137
2763519
2763520
2763521
2763522
2763523
2763524
2763525
2763526
2763527
2763528
2763529
2763530
2763531
2763532
2764915
2764916
2764917
2764918
2764919
2764920
2764921
2764949
2764950
2764951
2764952
2764953
2764954
2764955
2764956
2764957
2764958
2764959
2764960
2764961
2764962
2764963
2764964
2764965
2764966
2764967
2764968
2764969
2764970
2764971
2764972
2764973
2764974
2764975
2764976
2764977
2764978
2764979
2764980
2764981
2764982
2764983
2764984
2764985
2764986
2764987
2764988
2764989
2764990
2764991
2764992
2764993
2765371
2766470
2766478
2766704
2766705
2766830
2766836
2766946
2766968
2766990
2767194
2767195
2767196
2767198
2767513
2767544
2767545
2767546
2767547
2767548
2767549
2767550
2767551
2767552
2767553
2767554
2767555
2767556
2767557
2767558
2767559
2767560
2767561
2767562
2767563
2767564
2767565
2767566
2767567
2767568
2767569
2767570
2767571
2767572
2767573
2767574
2767575
2767576
2767577
2767578
2767579
2767580
2767581
2767582
2767583
2767584
2767585
2767586
2767587
2767588
2767589
2767846
2767901
2767903
2768128
2768129
2768133
2768134
2768135
2768136
2768137
2768138
2768139
2768140
2768141
2768142
2768689
2768772
2768773
2768774
2768775
2768784
2769326
2769330
2769331
2769332
2769334
2769335
2769337
2769348
2769357
2769358
2769359
2769433
2769437
2769573
2769805
2769806
2769807
2769808
2770078
2770327
2770328
2770329
2770330
2770772
2770786
2770925
2771289
2771290
2771350
2771379
2771509
2772015
2772016
2772017
2772018
2772019
2772020
2772021
2772022
2772023
2772024
2772025
2772026
2772027
2772028
2772029
2772030
2772031
2772032
2772055
2772056
2772057
2772059
2772060
2772061
2772062
2772063
2772064
2772065
2772066
2772067
2772068
2772069
2772070
2772071
2772072
2772073
2772074
2772075
2772076
2772077
2772078
2772079
2772080
2772081
2772082
2772083
2772084
2772085
2772086
2772087
2772088
2772089
2772090
2772091
2772092
2772093
2772094
2772095
2772313
2772447
2772448
2772511
2772516
2772517
2772518
2772519
2772520
2772521
2772610
2773263
2773926
2773933
2774152
2774189
2774190
2774416
2774417
2774418
2774419
2775043
2775045
2775098
2775099
2775100
2775261
2775262
2776148
2776725
2776734
2776735
2776752
2776765
2776766
2776767
2776769
2776770
2776771
2776772
2776773
2776776
2776777
2776807
2776813
2776814
2776815
2776816
2776817
2776818
2776819
2776820
2776821
2776822
2776823
2776830
2776831
2776832
2776833
2776836
2776837
2776838
2776839
2776840
2776841
2776842
2776843
2776844
2776845
2776846
2776847
2776848
2776849
2776850
2776851
2776852
2776853
2776854
2776855
2776856
2776857
2776858
2776859
2776860
2776861
2776862
2776863
2776864
2776865
2776866
2776867
2776868
2776869
2776870
2776871
2776872
2776873
2776874
2776875
2776876
2776877
2776878
2776879
2776880
2776881
2776882
2777210
2777211
2777212
2777213
2777214
2777215
2777216
2777217
2777218
2777219
2777220
2777221
2777222
2777223
2777224
2777225
2777226
2777229
2777230
2777232
2777233
2777234
2777235
2777300
2777301
2777309
2777310
2777311
2777312
2777313
2777318
2777319
2777320
2777321
2777322
2777323
2777324
2777325
2777326
2777327
2777328
2777329
2777330
2777331
2777332
2777347
2777348
2777349
2777351
2777352
2777353
2777359
2777360
2777361
2777362
2777363
2777364
2777365
2777366
2777368
2777369
2777370
2777371
2777372
2777373
2777374
2777375
2777376
2777377
2777378
2777379
2777380
2777381
2777382
2777383
2777384
2777385
2777386
2777387
2777388
2777389
2777390
2777391
2777392
2777393
2777394
2777395
2777396
2777397
2777398
2777399
2777400
2777401
2777402
2777403
2777404
2777405
2777406
2777407
2777577
2778435
2778586
2778948
2779202
2779655
2780070
2780091
2780166
2780167
2780170
2780377
2780378
2780379
2780380
2780512
2781113
2781358
2781359
2781360
2781361
2781362
2781363
2781364
2781365
2781366
2781367
2781368
2781369
2781370
2781373
2781607
2781608
2781896
2782149
2782522
2782523
2782524
2782564
2782565
2782718
2782719
2783517
2783539
2783540
2783541
2783542
2783543
2783544
2783545
2783546
2783547
2783548
2783549
2783550
2783551
2783552
2783558
2783559
2783560
2783561
2783562
2783563
2783564
2783565
2783667
2783668
2783669
2783673
2783674
2783800
2783801
2783802
2783803
2783804
2783805
2783833
2783859
2783867
2784187
2785027
2785079
2785247
2785248
2785332
2785385
2785386
2785439
2785444
2785452
2785523
2785525
2785744
2785801
2785983
2785984
2785985
2785986
2785987
2785988
2785989
2785990
2785991
2785992
2785993
2785994
2785995
2785996
2785997
2785998
2785999
2786000
2786001
2786002
2786003
2786004
2786005
2786006
2786007
2786008
2786009
2786010
2786011
2786012
2786013
2786014
2786015
2786016
2786017
2786018
2786019
2786020
2786021
2786022
2786023
2786024
2786025
2786026
2786027
2786028
2786029
2786030
2786031
2786032
2786033
2786034
2786035
2786036
2786037
2786038
2786039
2786040
2786041
2786042
2786043
2786044
2786045
2786046
2786047
2786048
2786049
2786050
2786051
2786052
2786053
2786054
2786055
2786056
2786057
2786058
2786059
2786060
2786061
2786062
2786063
2786064
2786065
2786066
2786067
2786068
2786069
2786070
2786071
2786072
2786073
2786074
2786075
2786076
2786077
2786078
2786079
2786080
2786081
2786082
2786083
2786084
2786085
2786086
2786087
2786088
2786089
2786090
2786091
2786092
2786093
2786094
2786095
2786096
2786097
2786098
2786099
2786100
2786101
2786102
2786103
2786104
2786105
2786106
2786107
2786108
2786109
2786110
2786111
2786112
2786113
2786114
2786115
2786116
2786117
2786118
2786119
2786120
2786121
2786122
2786123
2786124
2786125
2786126
2786127
2786128
2786129
2786130
2786131
2786132
2786133
2786134
2786135
2786136
2786137
2786138
2786139
2786140
2786141
2786142
2786143
2786144
2786145
2786146
2786147
2786148
2786149
2786150
2786151
2786152
2786153
2786154
2786155
2786156
2786157
2786158
2786159
2786160
2786161
2786162
2786163
2786164
2786165
2786166
2786167
2786168
2786169
2786170
2786171
2786172
2786173
2786174
2786175
2786176
2786177
2786178
2786179
2786180
2786181
2786182
2786183
2786184
2786185
2786186
2786187
2786188
2786189
2786190
2786191
2786192
2786193
2786194
2786195
2786196
2786197
2786198
2786199
2786200
2786201
2786202
2786203
2786204
2786205
2786206
2786207
2786208
2786209
2786210
2786211
2786212
2786213
2786214
2786215
2786216
2786217
2786218
2786219
2786220
2786221
2786222
2786223
2786224
2786225
2786226
2786227
2786228
2786229
2786230
2786231
2786232
2786233
2786234
2786235
2786236
2786237
2786238
2786239
2786240
2786241
2786242
2786243
2786244
2786245
2786246
2786247
2786248
2786249
2786250
2786251
2786252
2786253
2786254
2786255
2786256
2786257
2786258
2786259
2786260
2786261
2786262
2786263
2786264
2786265
2786266
2786267
2786268
2786269
2786270
2786271
2786272
2786273
2786274
2786275
2786276
2786277
2786278
2786279
2786280
2786281
2786282
2786283
2786284
2786285
2786286
2786287
2786288
2786289
2786290
2786291
2786292
2786293
2786294
2786295
2786296
2786297
2786298
2786299
2786300
2786301
2786302
2786303
2786304
2786305
2786306
2786307
2786308
2786309
2786310
2786311
2786312
2786313
2786314
2786315
2786316
2786317
2786318
2786319
2786320
2786321
2786322
2786323
2786324
2786325
2786326
2786327
2786328
2786329
2786330
2786331
2786332
2786333
2786334
2786335
2786336
2786337
2786338
2786339
2786340
2786341
2786342
2786343
2786344
2786345
2786346
2786347
2786348
2786349
2786350
2786351
2786352
2786353
2786354
2786355
2786356
2786357
2786358
2786359
2786360
2786361
2786362
2786363
2786364
2786365
2786366
2786367
2786368
2786369
2786370
2786371
2786372
2786373
2786374
2786375
2786378
2786379
2786380
2786381
2786382
2786383
2786384
2786385
2786386
2786387
2786388
2786389
2786390
2786391
2786392
2786393
2786394
2786395
2786396
2786397
2786398
2786399
2786400
2786401
2786402
2786403
2786404
2786405
2786406
2786407
2786408
2786409
2786410
2786411
2786412
2786413
2786414
2786415
2786416
2786417
2786418
2786419
2786420
2786421
2786422
2786423
2786424
2786425
2786426
2786427
2786428
2786429
2786430
2786431
2786432
2786433
2786434
2786435
2786436
2786437
2786438
2786439
2786440
2786441
2786442
2786443
2786444
2786445
2786446
2786447
2786448
2786449
2786450
2786451
2786452
2786453
2786454
2786455
2786456
2786457
2786458
2786459
2786460
2786461
2786462
2786463
2786464
2786465
2786466
2786467
2786468
2786469
2786470
2786471
2786472
2786473
2786474
2786475
2786476
2786477
2786478
2786479
2786480
2786481
2786482
2786483
2786484
2786485
2786486
2786487
2786488
2786489
2786490
2786491
2786492
2786493
2786494
2786495
2786496
2786497
2786498
2786499
2786500
2786501
2786502
2786503
2786504
2786505
2786506
2786507
2786508
2786509
2786510
2786511
2786512
2786513
2786514
2786515
2786516
2786517
2786518
2786519
2786520
2786521
2786522
2786523
2786524
2786525
2786526
2786527
2786528
2786529
2786530
2786531
2786532
2786533
2786534
2786535
2786536
2786537
2786538
2786539
2786540
2786541
2786542
2786543
2786544
2786545
2786546
2786547
2786548
2786549
2786550
2786551
2786552
2786553
2786554
2786555
2786556
2786557
2786558
2786559
2786560
2786561
2786562
2786563
2786564
2786565
2786566
2786567
2786568
2786569
2786570
2786571
2786572
2786573
2786574
2786575
2786576
2786577
2786578
2786579
2786580
2786581
2786582
2786583
2786584
2786585
2786586
2786587
2786588
2786589
2786590
2786591
2786592
2786593
2786594
2786595
2786596
2786597
2786598
2786599
2786600
2786601
2786602
2786603
2786604
2786605
2786606
2786607
2786608
2786609
2786610
2786611
2786612
2786613
2786614
2786615
2786616
2786617
2786618
2786619
2786620
2786621
2786622
2786623
2786624
2786625
2786626
2786627
2786628
2786629
2786630
2786631
2786632
2786633
2786634
2786635
2786636
2786637
2786638
2786639
2786640
2786641
2786642
2786643
2786644
2786645
2786646
2786647
2786648
2786649
2786650
2786651
2786652
2786653
2786654
2786655
2786656
2786657
2786658
2786659
2786660
2786661
2786662
2786663
2786664
2786665
2786666
2786667
2786668
2786669
2786670
2786671
2786672
2786673
2786674
2786675
2786676
2786677
2786678
2786679
2786680
2786681
2786682
2786683
2786684
2786685
2786686
2786687
2786688
2786689
2786690
2786691
2786692
2786693
2786694
2786695
2786696
2786697
2786698
2786699
2786700
2786701
2786702
2786703
2786704
2786705
2786706
2786707
2786708
2786709
2786710
2786711
2786712
2786713
2786714
2786715
2786716
2786717
2786718
2786719
2786720
2786721
2786722
2786723
2786724
2786725
2786726
2786727
2786728
2786729
2786730
2786731
2786732
2786733
2786734
2786735
2786736
2786737
2786738
2786739
2786740
2786741
2786742
2786743
2786744
2786745
2786746
2786747
2786748
2786749
2786750
2786751
2786752
2786753
2786754
2786755
2786756
2786757
2786758
2786759
2786760
2786761
2786762
2786763
2786764
2786765
2786766
2786767
2786768
2786769
2786770
2786771
2786772
2786773
2786774
2786775
2786776
2786777
2786778
2786779
2786780
2786781
2786782
2786783
2786784
2786785
2786786
2786787
2786788
2786789
2786790
2786791
2786792
2786793
2786794
2786795
2786796
2786797
2786798
2786799
2786800
2786801
2786802
2786803
2786804
2786805
2786806
2786807
2786808
2786809
2786810
2786811
2786812
2786813
2786814
2786815
2786816
2786817
2786818
2786819
2786820
2786821
2786822
2786823
2786824
2786825
2786826
2786827
2786828
2786829
2786830
2786831
2786832
2786833
2786834
2786835
2786836
2786837
2786838
2786839
2786840
2786841
2786842
2786843
2786844
2786845
2786846
2786847
2786848
2786849
2786850
2786851
2787014
2787015
2788000
2788001
2788002
2788035
2788039
2788040
2788042
2788049
2788057
2788065
2788068
2788091
2788095
2788125
2788135
2788139
2788140
2788144
2788145
2788159
2788162
2788165
2788174
2788176
2788235
2788238
2788246
2788251
2788266
2788272
2788273
2788300
2788301
2788302
2788304
2788325
2788360
2788361
2788367
2788368
2788374
2788383
2788390
2788392
2788398
2788436
2788456
2788466
2788471
2788472
2788481
2788506
2788529
2788558
2788561
2788586
2788588
2788597
2788631
2788638
2788643
2788644
2788646
2788649
2788655
2788657
2788663
2788664
2788667
2788670
2788671
2788674
2788679
2788685
2788748
2788768
2788777
2788778
2788787
2788788
2788790
2788791
2788799
2788800
2788884
2788885
2788886
2788950
2789014
2789016
2789204
2789207
2789657
2789809
2789810
2789811
2789812
2790011
2790304
2790305
2790306
2790307
2790336
2790345
2790346
2790347
2790659
2790660
2790983
2790984
2790985
2790986
2790987
2790988
2790989
2790990
2790991
2790992
2790993
2790994
2790995
2791000
2791003
2791035
2792036
2793260
2793345
2793677
2793694
2793695
2793696
2793697
2793698
2793699
2793700
2793701
2793702
2793703
2793704
2793705
2793706
2793707
2793708
2793710
2794360
2794361
2794362
2794363
2794364
2794365
2794366
2794367
2794368
2794369
2794370
2794371
2794372
2794373
2794374
2794375
2794376
2794377
2794827
2794847
2794848
2794891
2794927
2794941
2794944
2794945
2794946
2794947
2794948
2794949
2794950
2794951
2794952
2794953
2794954
2794955
2794956
2794957
2794958
2794959
2795059
2795221
2795238
2795294
2795667
2795668
2795669
2795670
2795745
2795746
2796496
2796498
2796499
2796500
2796502
2796512
2796513
2796514
2796515
2796516
2796517
2796518
2796519
2796520
2796521
2796522
2796523
2796524
2797114
2797115
2797298
2797299
2797300
2797301
2797302
2797303
2797304
2797305
2797306
2797307
2797309
2797312
2797313
2797314
2797315
2797317
2797318
2797319
2797320
2797321
2797323
2797324
2797326
2797327
2797407
2797408
2797416
2797417
2797420
2797423
2797424
2797425
2797426
2798043
2798045
2798594
2798595
2798596
2798597
2798598
2798599
2798600
2798601
2798602
2798603
2798604
2798605
2798606
2798607
2798608
2798609
2798610
2798611
2798612
2798613
2798614
2798615
2798616
2798617
2798618
2798619
2798620
2798621
2798622
2798623
2798624
2798625
2798626
2798627
2798628
2798629
2798630
2798631
2798632
2798633
2798634
2798635
2798636
2798637
2798638
2798639
2798640
2798641
2798642
2798643
2798644
2798645
2798646
2798647
2798648
2798649
2798650
2798651
2798652
2798653
2798654
2798655
2798656
2798657
2798658
2798659
2798660
2798661
2798662
2798663
2798664
2798665
2798666
2798667
2798668
2798669
2798670
2798671
2798672
2798673
2798674
2798675
2798676
2798677
2798678
2798679
2798680
2798681
2798682
2798683
2798684
2798685
2798686
2798687
2798688
2798689
2798690
2798691
2798692
2798693
2798694
2798695
2798696
2798697
2798698
2798699
2798700
2798701
2798702
2798703
2798704
2798705
2798706
2798707
2798708
2798709
2798710
2798711
2798712
2798713
2798714
2798715
2798716
2798717
2798718
2798719
2798805
2798806
2798882
2799623
2799672
2799684
2799685
2800113
2800706
2800822
2800823
2800824
2800825
2800826
2800827
2800828
2801032
2801343
2801344
2801345
2801346
2801354
2801355
2801356
2801357
2801358
2801359
2801360
2801361
2801362
2801364
2801365
2801366
2801367
2801368
2801381
2801382
2801383
2801384
2801385
2801386
2801387
2801401
2801402
2801403
2801406
2801475
2801476
2801477
2801478
2801479
2801480
2801482
2801497
2801504
2801505
2801506
2801510
2801511
2801512
2801513
2801514
2801515
2801516
2801517
2801518
2801519
2801520
2801521
2801522
2801523
2801524
2801525
2801526
2801527
2801528
2801529
2801530
2801531
2801532
2801533
2801534
2801535
2801536
2801537
2801538
2801546
2801547
2801548
2801549
2801550
2801551
2801552
2801553
2801554
2801555
2801556
2801557
2801558
2801559
2801560
2801561
2801562
2801563
2801564
2801565
2801566
2801567
2801568
2801569
2801570
2801571
2801572
2801573
2801574
2801575
2801576
2801577
2801814
2801815
2801816
2801817
2801830
2801831
2801832
2801833
2801834
2801835
2801836
2801837
2801839
2801856
2801857
2801858
2801859
2801860
2801861
2801862
2801863
2801864
2801866
2801867
2801868
2801869
2801870
2801871
2801872
2801873
2801874
2801875
2801876
2801884
2801885
2801886
2801887
2801888
2801889
2801890
2801891
2801892
2801893
2801894
2801895
2801896
2801897
2801898
2802002
2802026
2802443
2802960
2802961
2803186
2803369
2803381
2803736
2803737
2803779
2803888
2804237
2804238
2805014
2805015
2805016
2805017
2805018
2805019
2805020
2805021
2805022
2805023
2805024
2805025
2805026
2805027
2805028
2805029
2805030
2805031
2805032
2805746
2805747
2805748
2805749
2805750
2805751
2805752
2805824
2805825
2805826
2805827
2805828
2805831
2805832
2805833
2805834
2805835
2805836
2805837
2805838
2805839
2805840
2805841
2805842
2805843
2805844
2805859
2806022
2806547
2806548
2806549
2806550
2806603
2806604
2806605
2806696
2806697
2807316
2807649
2808969
2809056
2809057
2809110
2809244
2810367
2810369
2810370
2810526
2810527
2810528
2810704
2811249
2811507
2811508
2811509
2811510
2812440
2812849
2812854
2812861
2812862
2812882
2812883
2812887
2812888
2812899
2812900
2812901
2812902
2812903
2812932
2812933
2812934
2812935
2812936
2812937
2812938
2812939
2813163
2813164
2813165
2813166
2813167
2813168
2813169
2813172
2813173
2813174
2813175
2813176
2813177
2813209
2813210
2813211
2813212
2813213
2813214
2813215
2813216
2813217
2813218
2813219
2813220
2813221
2813222
2813223
2813224
2813225
2813226
2813227
2813228
2813229
2813230
2813231
2813232
2813233
2813234
2813235
2813236
2813237
2813238
2813239
2813240
2813241
2813242
2813243
2813244
2813245
2813246
2813247
2813248
2813249
2813250
2813251
2813252
2813253
2813254
2813255
2813256
2813257
2813258
2813259
2813260
2813261
2813262
2813263
2813264
2813265
2813266
2813267
2813268
2813269
2813270
2813271
2813272
2813273
2813301
2813338
2813339
2813340
2813341
2813342
2813343
2813344
2813345
2813346
2813347
2813751
2813838
2814286
2814453
2814691
2814692
2814693
2814694
2814695
2814699
2814700
2814701
2814702
2814703
2814704
2814705
2814712
2814919
2815304
2815605
2815606
2815607
2815608
2815609
2815610
2815611
2815612
2815613
2815614
2815615
2815616
2815617
2815618
2815619
2815620
2815621
2815622
2815623
2815624
2815625
2815626
2815627
2815628
2815629
2815630
2815631
2815632
2815633
2815634
2815635
2815636
2815637
2815638
2815639
2815640
2815641
2815642
2815643
2815644
2815747
2815750
2815753
2815754
2815755
2815756
2815768
2816140
2816141
2816142
2816143
2816144
2816145
2816146
2816147
2816148
2816149
2816150
2816151
2816152
2816153
2816154
2816155
2816156
2816157
2816158
2816159
2816160
2816161
2816162
2816163
2816164
2816165
2816166
2816167
2816168
2816169
2816170
2816171
2816172
2816173
2816174
2816175
2816176
2816177
2816178
2816179
2816180
2816181
2816182
2816183
2816184
2816185
2816186
2816187
2816188
2816459
2816460
2816461
2816462
2816463
2816464
2816465
2816466
2816467
2816468
2816469
2816470
2816471
2816472
2816863
2816864
2816865
2816866
2816867
2816868
2816869
2816870
2816871
2816872
2816873
2816874
2816879
2820393
2820394
2820395
2820396
2820397
2820398
2820456
2821255
2821410
2821411
2821412
2821413
2821414
2821746
2821802
2822579
2822580
2822581
2822582
2822583
2822584
2822586
2822587
2822588
2822589
2822590
2822680
2822848
2822858
2822859
2822864
2822865
2822866
2823533
2823534
2823535
2823536
2823537
2823538
2823539
2823540
2823541
2823542
2823543
2823544
2823545
2823546
2823547
2823548
2823549
2823550
2823551
2823552
2823553
2823554
2823555
2823556
2823557
2823558
2823559
2823560
2823561
2823562
2823563
2823564
2823565
2823566
2823567
2823568
2823569
2823570
2823571
2823572
2823573
2823574
2823575
2823576
2823577
2823578
2823579
2823580
2823581
2823582
2823583
2823584
2823585
2823586
2823587
2823588
2823589
2823590
2823591
2823592
2823593
2823594
2823595
2823596
2823597
2823598
2823599
2823600
2823601
2823602
2823603
2823604
2823605
2823606
2823607
2823608
2823609
2823610
2823611
2823612
2823613
2823619
2823683
2823852
2823854
2823951
2823952
2823953
2823954
2824131
2824851
2824964
2825012
2825013
2825014
2825015
2825016
2825017
2825018
2825019
2825020
2825021
2825022
2825023
2825024
2825025
2825026
2825027
2825028
2825029
2825030
2825031
2825032
2825033
2825034
2825035
2825036
2825037
2825038
2825039
2825040
2825041
2825042
2825043
2825044
2825045
2825046
2825047
2825048
2825049
2825050
2825051
2825052
2825053
2825054
2825055
2825056
2825057
2825058
2825059
2825060
2825061
2825062
2825063
2825067
2825068
2825069
2825070
2825071
2825072
2825073
2825074
2825075
2825076
2825077
2825078
2825079
2825080
2825081
2825082
2825083
2825084
2825085
2825086
2825087
2825088
2825089
2825090
2825091
2825092
2825093
2825094
2825095
2825096
2825097
2825098
2825099
2825100
2825101
2825102
2825103
2825104
2825105
2825106
2825107
2825108
2825109
2825110
2825111
2825112
2825113
2825114
2825115
2825116
2825117
2825118
2825119
2825120
2825121
2825122
2825123
2825124
2825125
2825126
2825127
2825128
2825129
2825130
2825131
2825132
2825133
2825134
2825135
2825136
2825137
2825138
2825139
2825140
2825141
2825142
2825143
2825144
2825145
2825146
2825147
2825148
2825149
2825150
2825151
2825152
2825153
2825154
2825155
2825156
2825157
2825158
2825159
2825160
2825161
2825162
2825163
2825164
2825165
2825166
2825167
2825168
2825169
2825170
2825171
2825172
2825173
2825174
2825175
2825176
2825177
2825178
2825179
2825180
2825181
2825182
2825187
2825188
2825189
2825190
2825191
2825192
2825193
2825194
2825195
2825196
2825197
2825198
2825199
2825200
2825201
2825202
2825203
2825204
2825205
2825206
2825207
2825208
2825209
2825210
2825211
2825212
2825213
2825214
2825215
2825216
2825217
2825218
2825219
2825220
2825221
2825222
2825223
2825224
2825225
2825226
2825227
2825228
2825229
2825230
2825231
2825232
2825233
2825234
2825235
2825236
2825237
2825238
2825239
2825240
2825241
2825242
2825243
2825244
2825245
2825246
2825247
2825248
2825249
2825250
2825251
2825252
2825253
2825254
2825255
2825256
2825257
2825258
2825259
2825260
2825261
2825262
2825263
2825264
2825265
2825266
2825267
2825268
2825269
2825270
2825271
2825272
2825273
2825274
2825275
2825276
2825277
2825278
2825279
2825280
2825281
2825282
2825283
2825284
2825285
2825286
2825287
2825288
2825289
2825290
2825291
2825292
2825293
2825294
2825295
2825296
2825297
2825298
2825299
2825300
2825301
2825302
2825303
2825304
2825305
2825306
2825307
2825308
2825309
2825310
2825311
2825313
2825314
2825315
2825316
2825317
2825318
2825319
2825320
2825321
2825322
2825323
2825324
2825325
2825326
2825327
2825328
2825329
2825330
2825331
2825332
2825333
2825334
2825335
2825336
2825337
2825338
2825339
2825340
2825341
2825342
2825343
2825344
2825345
2825346
2825347
2825348
2825349
2825350
2825351
2825352
2825353
2825354
2825355
2825356
2825357
2825358
2825359
2825360
2825361
2825362
2825363
2825364
2825365
2825366
2825367
2825368
2825369
2825370
2825371
2825372
2825373
2825374
2825375
2825376
2825377
2825378
2825379
2825380
2825381
2825382
2825383
2825384
2825385
2825386
2825387
2825388
2825389
2825390
2825391
2825392
2825393
2825394
2825395
2825396
2825397
2825398
2825399
2825400
2825401
2825402
2825403
2825404
2825405
2825406
2825407
2825408
2825409
2825410
2825411
2825412
2825413
2825414
2825415
2825416
2825417
2825418
2825419
2825420
2825421
2825422
2825423
2825424
2825425
2825426
2825427
2825428
2825429
2825430
2825431
2825432
2825433
2825434
2825435
2825436
2825437
2825438
2825439
2825440
2825441
2825442
2825443
2825444
2825445
2825446
2825447
2825448
2825449
2825450
2825451
2825452
2825453
2825454
2825455
2825456
2825457
2825458
2825459
2825460
2825461
2825462
2825463
2825464
2825465
2825466
2825467
2825468
2825469
2825470
2825471
2825472
2825473
2825474
2825475
2825476
2825477
2825478
2825479
2825480
2825481
2825482
2825483
2825484
2825485
2825486
2825487
2825488
2825489
2825490
2825491
2825492
2825493
2825494
2825495
2825496
2825497
2825498
2825499
2825500
2825501
2825502
2825503
2825504
2825505
2825506
2825507
2825508
2825509
2825510
2825511
2825512
2825513
2825514
2825515
2825516
2825517
2825518
2825519
2825520
2825521
2825522
2825523
2825524
2825525
2825526
2825527
2825528
2825529
2825530
2825531
2825532
2825533
2825534
2825535
2825536
2825537
2825538
2825539
2825540
2825541
2825542
2825543
2825544
2825545
2825546
2825547
2825548
2825549
2825550
2825551
2825552
2825553
2825554
2825555
2825556
2825557
2825558
2825559
2825560
2825561
2825562
2825563
2825564
2825565
2825566
2825567
2825568
2825569
2825570
2825571
2825572
2825573
2825574
2825575
2825576
2825577
2825578
2825579
2825580
2825581
2825582
2825583
2825584
2825585
2825586
2825587
2825588
2825589
2825590
2825591
2825592
2825593
2825594
2825595
2825596
2825597
2825598
2825599
2825600
2825601
2825602
2825603
2825604
2825605
2825606
2825608
2825609
2825610
2825611
2825612
2825613
2825614
2825615
2825616
2825617
2825618
2825619
2825620
2825621
2825622
2825623
2825624
2825625
2825626
2825627
2825628
2825629
2825630
2825631
2825632
2825633
2825634
2825635
2825636
2825637
2825638
2825639
2825640
2825641
2825642
2825643
2825644
2825645
2825646
2825647
2825648
2825649
2825650
2825651
2825652
2825653
2825654
2825655
2825656
2825657
2825658
2825659
2825660
2825661
2825662
2825663
2825664
2825665
2825666
2825667
2825668
2825669
2825670
2825671
2825672
2825673
2825674
2825675
2825676
2825677
2825678
2825679
2825680
2825681
2825682
2825683
2825684
2825685
2825686
2825687
2825688
2825689
2825690
2825691
2825692
2825693
2825694
2825695
2825696
2825697
2825698
2825699
2825700
2825701
2825702
2825703
2825704
2825705
2825706
2825707
2825708
2825709
2825710
2825711
2825712
2825713
2825714
2825715
2825716
2825717
2825718
2825719
2825720
2825721
2825722
2825723
2825724
2825725
2825726
2825727
2825728
2825729
2825730
2825731
2825732
2825733
2825734
2825735
2825736
2825737
2825738
2825739
2825740
2825741
2825742
2825743
2825744
2825745
2825746
2825747
2825748
2825750
2825751
2825752
2825753
2825754
2825755
2825756
2825757
2825758
2825759
2825760
2825761
2825762
2825763
2825764
2825765
2825766
2825767
2825768
2825769
2825770
2825771
2825772
2825773
2825774
2825789
2825790
2825791
2825792
2825793
2825794
2825795
2825796
2825797
2825798
2825799
2825831
2825832
2825834
2825835
2825836
2825837
2825838
2825839
2826083
2826084
2826085
2826166
2826167
2826168
2826169
2826170
2826171
2826172
2826173
2826175
2826176
2826177
2826178
2826179
2826180
2826181
2826182
2826183
2826184
2826185
2826186
2826187
2826188
2826189
2826190
2826191
2826192
2826193
2826194
2826195
2826196
2826197
2826198
2826199
2826200
2826201
2826202
2826203
2826204
2826205
2826206
2826207
2826208
2826209
2826210
2826211
2826212
2826213
2826214
2826215
2826216
2826217
2826218
2826219
2826220
2826221
2826222
2826223
2826224
2826225
2826226
2826227
2826228
2826229
2826230
2826231
2826232
2826233
2826234
2826235
2826236
2826237
2826238
2826239
2826240
2826241
2826242
2826243
2826244
2826245
2826246
2826247
2826248
2826249
2826250
2826251
2826252
2826253
2826254
2826255
2826256
2826257
2826258
2826259
2826260
2826261
2826262
2826263
2826264
2826265
2826266
2826267
2826268
2826269
2826270
2826271
2826272
2826273
2826274
2826275
2826276
2826277
2826278
2826279
2826280
2826281
2826282
2826283
2826284
2826285
2826286
2826287
2826288
2826289
2826290
2826291
2826292
2826293
2826294
2826295
2826296
2826297
2826298
2826299
2826300
2826301
2826302
2826303
2826305
2826306
2826307
2826308
2826309
2826310
2826311
2826312
2826313
2826314
2826315
2826316
2826317
2826318
2826319
2826320
2826321
2826322
2826323
2826324
2826325
2826326
2826327
2826328
2826329
2826330
2826331
2826332
2826333
2826334
2826335
2826336
2826337
2826338
2826339
2826340
2826341
2826342
2826343
2826344
2826345
2826346
2826348
2826349
2826350
2826351
2826352
2826353
2826354
2826355
2826356
2826357
2826358
2826359
2826360
2826361
2826362
2826363
2826364
2826365
2826366
2826367
2826368
2826369
2826370
2826371
2826372
2826373
2826374
2826375
2826376
2826377
2826378
2826379
2826380
2826381
2826382
2826383
2826384
2826385
2826386
2826387
2826388
2826389
2826390
2826391
2826392
2826393
2826394
2826395
2826396
2826397
2826398
2826399
2826400
2826401
2826402
2826403
2826404
2826405
2826406
2826407
2826408
2826409
2826410
2826411
2826412
2826413
2826414
2826415
2826416
2826417
2826418
2826419
2826420
2826421
2826422
2826423
2826424
2826425
2826426
2826427
2826428
2826429
2826430
2826431
2826432
2826433
2826434
2826435
2826436
2826437
2826438
2826439
2826440
2826441
2826442
2826443
2826444
2826445
2826446
2826447
2826448
2826449
2826450
2826451
2826452
2826453
2826454
2826455
2826456
2826457
2826458
2826459
2826460
2826461
2826462
2826463
2826464
2826465
2826466
2826467
2826468
2826469
2826470
2826471
2826472
2826473
2826474
2826475
2826476
2826477
2826478
2826479
2826480
2826481
2826482
2826483
2826484
2826485
2826486
2826487
2826488
2826489
2826490
2826491
2826492
2826493
2826494
2826495
2826496
2826497
2826498
2826499
2826500
2826501
2826502
2826503
2826504
2826505
2826506
2826507
2826508
2826509
2826510
2826511
2826512
2826513
2826514
2826515
2826516
2826517
2826518
2826519
2826520
2826521
2826522
2826523
2826524
2826525
2826526
2826527
2826528
2826529
2826530
2826531
2826532
2826533
2826534
2826535
2826536
2826537
2826538
2826539
2826540
2826541
2826542
2826543
2826544
2826545
2826546
2826547
2826548
2826549
2826550
2826551
2826552
2826553
2826554
2826555
2826556
2826557
2826558
2826559
2826560
2826561
2826562
2826563
2826564
2826565
2826566
2826567
2826568
2826569
2826570
2826571
2826572
2826573
2826574
2826575
2826576
2826577
2826578
2826579
2826580
2826581
2826582
2826583
2826584
2826585
2826586
2826587
2826588
2826589
2826590
2826591
2826592
2826593
2826594
2826595
2826596
2826597
2826598
2826599
2826600
2826601
2826602
2826603
2826604
2826605
2826606
2826607
2826608
2826609
2826610
2826611
2826612
2826613
2826614
2826615
2826616
2826617
2826618
2826619
2826620
2826621
2826622
2826623
2826624
2826625
2826626
2826627
2826628
2826629
2826630
2826631
2826632
2826633
2826634
2826635
2826636
2826637
2826638
2826639
2826641
2826642
2826643
2826644
2826645
2826646
2826647
2826648
2826649
2826650
2826651
2826652
2826653
2826654
2826655
2826656
2826657
2826658
2826659
2826660
2826661
2826662
2826663
2826664
2826665
2826666
2826667
2826668
2826669
2826670
2826671
2826672
2826673
2826674
2826675
2826676
2826677
2826678
2826679
2826680
2826681
2826682
2826683
2826684
2826685
2826686
2826687
2826688
2826689
2826690
2826691
2826692
2826693
2826694
2826695
2826696
2826697
2826698
2826699
2826700
2826701
2826702
2826703
2826704
2826705
2826706
2826707
2826708
2826709
2826710
2826711
2826712
2826713
2826714
2826715
2826716
2826717
2826718
2826719
2826720
2826721
2826722
2826747
2826748
2826749
2826750
2826751
2826752
2826753
2826754
2826764
2826765
2826766
2826767
2826768
2826769
2826770
2826771
2826772
2826773
2826774
2826775
2826776
2826777
2826778
2826779
2826780
2826781
2826782
2826783
2826784
2826785
2826786
2826787
2826820
2826822
2826823
2826824
2826825
2826826
2826827
2827271
2827272
2827273
2827274
2827275
2827276
2827277
2827278
2827279
2827280
2827281
2827282
2827283
2827284
2827285
2827286
2827287
2827288
2827289
2827290
2827291
2827292
2827293
2827294
2827295
2827296
2827297
2827557
2827558
2827559
2827560
2827561
2827562
2827563
2827564
2827565
2827566
2827567
2827568
2827569
2827570
2827571
2827572
2827573
2827574
2827575
2827576
2827577
2827578
2827579
2827580
2827581
2827582
2827583
2827584
2827585
2827586
2827587
2827588
2827589
2827590
2827591
2827592
2827593
2827594
2827595
2827596
2827597
2827598
2827599
2827600
2827601
2827602
2827603
2827604
2827605
2827606
2827607
2827608
2827609
2827610
2827611
2827612
2827613
2827614
2827615
2827616
2827617
2827618
2827619
2827620
2827621
2827628
2827629
2827630
2827631
2827632
2827633
2827634
2827635
2827636
2827637
2827638
2827639
2827640
2827652
2827653
2827654
2827655
2827656
2827657
2827658
2827659
2827660
2827661
2827662
2827663
2827664
2827665
2827666
2827667
2827668
2827669
2827670
2827671
2827672
2827673
2827674
2827675
2827676
2827677
2827678
2827679
2827680
2827681
2827682
2827683
2827684
2827685
2827686
2827687
2827688
2827689
2827690
2827691
2827692
2827693
2827694
2827695
2827696
2827697
2827698
2827699
2827700
2827701
2827702
2827703
2827704
2827705
2827706
2827707
2827708
2827709
2827710
2827711
2827712
2827713
2827714
2827715
2827716
2827717
2827718
2827719
2827720
2827721
2827722
2827723
2827724
2827725
2827726
2827727
2827728
2827729
2827730
2827731
2827732
2827733
2827734
2827735
2827736
2827737
2827738
2827739
2827740
2827741
2827742
2827743
2827744
2827745
2827746
2827747
2827748
2827749
2827750
2827751
2827752
2827753
2827754
2827755
2827756
2827757
2827758
2827759
2827760
2827761
2827762
2827763
2827764
2827765
2827766
2827767
2827768
2827769
2827770
2827771
2827772
2827773
2827774
2827775
2827776
2827777
2827778
2827779
2827780
2827781
2827782
2827783
2827784
2827785
2827786
2827787
2827788
2827789
2827790
2827791
2827792
2827793
2827794
2827795
2827796
2827797
2827798
2827799
2827800
2827801
2827802
2827803
2827804
2827805
2827806
2827807
2827808
2827809
2827810
2827811
2827812
2827813
2827814
2827815
2827816
2827817
2827818
2827819
2827820
2827821
2827822
2827823
2827824
2827825
2827826
2827827
2827828
2827829
2827830
2827831
2827832
2827833
2827834
2827835
2827836
2827837
2827838
2827839
2827840
2827841
2827842
2827843
2827844
2827845
2827846
2827847
2827848
2827849
2827850
2827851
2827852
2827853
2827854
2827855
2827856
2827857
2827858
2827859
2827861
2827862
2827863
2827864
2827865
2827866
2827867
2827868
2827869
2827870
2827871
2827872
2827873
2827874
2827875
2827876
2827877
2827878
2827879
2827880
2827881
2827882
2827883
2827884
2827885
2827886
2827887
2827888
2827889
2827890
2827891
2827892
2827893
2827894
2827895
2827896
2827897
2827898
2827899
2827900
2827901
2827902
2827903
2827904
2827905
2827906
2827907
2827908
2827909
2827910
2827911
2827912
2827913
2827914
2827915
2827916
2827917
2827918
2827919
2827920
2827921
2827922
2827923
2827924
2827925
2827926
2827927
2827928
2827929
2827930
2827931
2827932
2827933
2827934
2827935
2827936
2827937
2827938
2827939
2827940
2827941
2827942
2827943
2827944
2827945
2827946
2827947
2827948
2827949
2827950
2827951
2827952
2827953
2827954
2827955
2827956
2827957
2827958
2827959
2827960
2827961
2827962
2827963
2827964
2827965
2827966
2827967
2827968
2827969
2827970
2827971
2827972
2827973
2827974
2827975
2827976
2827977
2827978
2827979
2827980
2827981
2827982
2828003
2828004
2828005
2828006
2828007
2828008
2828009
2828010
2828014
2828016
2828072
2828073
2828074
2828075
2828076
2828077
2828078
2828079
2828081
2828082
2828083
2828089
2828090
2828091
2828092
2828093
2828094
2828095
2828096
2828097
2828098
2828099
2828100
2828101
2828102
2828103
2828104
2828105
2828106
2828107
2828108
2828109
2828110
2828111
2828112
2828113
2828114
2828115
2828116
2828117
2828118
2828119
2828120
2828121
2828122
2828123
2828124
2828125
2828126
2828127
2828128
2828129
2828130
2828131
2828132
2828133
2828134
2828135
2828136
2828137
2828138
2828139
2828140
2828141
2828142
2828143
2828144
2828145
2828146
2828147
2828148
2828149
2828150
2828151
2828152
2828153
2828154
2828155
2828156
2828157
2828158
2828159
2828160
2828161
2828162
2828163
2828164
2828165
2828166
2828167
2828168
2828169
2828170
2828171
2828172
2828173
2828174
2828175
2828176
2828177
2828178
2828179
2828180
2828181
2828182
2828183
2828184
2828185
2828186
2828187
2828188
2828189
2828190
2828191
2828192
2828193
2828194
2828195
2828196
2828197
2828198
2828199
2828200
2828201
2828202
2828203
2828204
2828205
2828206
2828207
2828208
2828209
2828210
2828211
2828212
2828213
2828214
2828215
2828216
2828217
2828218
2828219
2828220
2828221
2828222
2828223
2828224
2828225
2828226
2828227
2828228
2828229
2828230
2828231
2828232
2828233
2828234
2828235
2828236
2828237
2828238
2828239
2828240
2828241
2828242
2828243
2828244
2828245
2828246
2828769
2828770
2828771
2829145
2829146
2829230
2829366
2829367
2829386
2829387
2829388
2829389
2829390
2829391
2829392
2829393
2829394
2829395
2829396
2829397
2829398
2829408
2829800
2829845
2829846
2829847
2830470
2830837
2831169
2831170
2831171
2831174
2831176
2831177
2831178
2831179
2831181
2831612
2831613
2831640
2831670
2831671
2831672
2831677
2831678
2831679
2831680
2831681
2831865
2831943
2832315
2832316
2832317
2832318
2832319
2832320
2832321
2832322
2832323
2832338
2832339
2832340
2832341
2832342
2832565
2832567
2832595
2832643
2832663
2832697
2832700
2832866
2833019
2833053
2833062
2833089
2833262
2833274
2833309
2833322
2833427
2833428
2833429
2833430
2833431
2833432
2833438
2833439
2833440
2833441
2833442
2833443
2833444
2833445
2833876
2834246
2834247
2834248
2834249
2834250
2834252
2834253
2834254
2834256
2834257
2834259
2834265
2834266
2834267
2834268
2834269
2834275
2834877
2834970
2834971
2834980
2834981
2835638
2835890
2835891
2835892
2835893
2835894
2835895
2835896
2835897
2835898
2835899
2835900
2835926
2835927
2835934
2835935
2835936
2835940
2835941
2835942
2835943
2835944
2835947
2835948
2835949
2835950
2835951
2835952
2835953
2835954
2835955
2835956
2835957
2835958
2835959
2835960
2835961
2835962
2835963
2835964
2835965
2835966
2835967
2835968
2835969
2835970
2835971
2835972
2835973
2835974
2835975
2835976
2835977
2835978
2835979
2835980
2835981
2835982
2835983
2835984
2835985
2835986
2835987
2835988
2835989
2835990
2835991
2835992
2835993
2835994
2835995
2835996
2835997
2835998
2835999
2836000
2836001
2836007
2836008
2836009
2836010
2836011
2836012
2836013
2836014
2836015
2836016
2836017
2836018
2836019
2836020
2836021
2836022
2836023
2836024
2836025
2836026
2836041
2836042
2836043
2836044
2836045
2836046
2836047
2836048
2836049
2836050
2836051
2836052
2836053
2836069
2836072
2836074
2836075
2836076
2836077
2836078
2836079
2836080
2836081
2836082
2836083
2836084
2836085
2836086
2836087
2836088
2836089
2836090
2836091
2836092
2836093
2836094
2836095
2836096
2836097
2836098
2836099
2836100
2836101
2836102
2836103
2836104
2836105
2836106
2836107
2836108
2836109
2836110
2836111
2836112
2836113
2836115
2836116
2836117
2836118
2836120
2836121
2836122
2836125
2836126
2836127
2836128
2836129
2836130
2836131
2836132
2836133
2836134
2836135
2836136
2836137
2836138
2836139
2836140
2836336
2838316
2838363
2838368
2838911
2838912
2839745
2839956
2841276
2841277
2841278
2841279
2841280
2841281
2841282
2841283
2841299
2841300
2841302
2841303
2841874
2842055
2842056
2842057
2842320
2842327
2842328
2842329
2842333
2842373
2842397
2842409
2842410
2842411
2842412
2842413
2842414
2842416
2842417
2842418
2842419
2842421
2842422
2842423
2842424
2842425
2842517
2842518
2842519
2842520
2842521
2842522
2842523
2842524
2842525
2842526
2842527
2842528
2842529
2842530
2842539
2842540
2842543
2842544
2842545
2842546
2842570
2842573
2842574
2842582
2842583
2842586
2842588
2842593
2842608
2842609
2842616
2842619
2842641
2842653
2842654
2842657
2842658
2842661
2842662
2842663
2842684
2842692
2842696
2842707
2842711
2842713
2842716
2842721
2842725
2842727
2842728
2842730
2842737
2842739
2842751
2842757
2842758
2842764
2842766
2842774
2842775
2842776
2842785
2842786
2842796
2842805
2842814
2842816
2842819
2842820
2842828
2842852
2842856
2842857
2842862
2842869
2842870
2842880
2842881
2842888
2842889
2842892
2842908
2842911
2842934
2842942
2842944
2842946
2842966
2842972
2842973
2842974
2842976
2842977
2842979
2842991
2842993
2843000
2843003
2843008
2843014
2843015
2843016
2843017
2843019
2843027
2843034
2843047
2843048
2843051
2843060
2843064
2843069
2843096
2843105
2843112
2843115
2843116
2843119
2843122
2843126
2843127
2843128
2843129
2843141
2843147
2843155
2843156
2843159
2843161
2843162
2843193
2843342
2843343
2843344
2843345
2843346
2843347
2843348
2843349
2843350
2843351
2843352
2843353
2843354
2843355
2843356
2843357
2843358
2843359
2843360
2843361
2843362
2843363
2843364
2843365
2843366
2843367
2843368
2843369
2843370
2843371
2843372
2843373
2843374
2843375
2843376
2843377
2843378
2843379
2843380
2843381
2843382
2843383
2843384
2843385
2843386
2843387
2843388
2843389
2843390
2843391
2843392
2843393
2843394
2843395
2843396
2843397
2843398
2843399
2843400
2843401
2843402
2843403
2843404
2843405
2843406
2843407
2843408
2843409
2843410
2843411
2843412
2843413
2843414
2843415
2843416
2843417
2843418
2843419
2843420
2843421
2843422
2843423
2843424
2843425
2843426
2843427
2843428
2843429
2843430
2843431
2843432
2843433
2843434
2843435
2843436
2843437
2843438
2843439
2843440
2843441
2843442
2843443
2843444
2843445
2843446
2843447
2843448
2843449
2843450
2843451
2843452
2843453
2843454
2843455
2843456
2843457
2843458
2843459
2843460
2843461
2843462
2843463
2843464
2843465
2843466
2843467
2843468
2843469
2843470
2843471
2843472
2843473
2843474
2843475
2843476
2843477
2843478
2843620
2843621
2843622
2843623
2843624
2843625
2843626
2843627
2843628
2843629
2843630
2843631
2843632
2843633
2843634
2843635
2843636
2843637
2843638
2843639
2843640
2843641
2843645
2843646
2843647
2843648
2843649
2843650
2843651
2843652
2843653
2843654
2843655
2843656
2843681
2843682
2843684
2843695
2843721
2843722
2843723
2843724
2843725
2843726
2843727
2843728
2843729
2843731
2843732
2843733
2843734
2843736
2843749
2843750
2843751
2843752
2843753
2843754
2843755
2843756
2843757
2843758
2843759
2843760
2843761
2843762
2843763
2843764
2843765
2843766
2843767
2843768
2843769
2843770
2843771
2843772
2843773
2843774
2843775
2843776
2843777
2843778
2843779
2843780
2843781
2843782
2843783
2843784
2843785
2843786
2843787
2843788
2843789
2843790
2843791
2843792
2843793
2843794
2843846
2843847
2843882
2843896
2843897
2843926
2843952
2843953
2843954
2843955
2843956
2843957
2843958
2843959
2843966
2843967
2843968
2843969
2843970
2843971
2843972
2843973
2843974
2843975
2843976
2843977
2843978
2843979
2843980
2843981
2843982
2843983
2843984
2843985
2843986
2843987
2843988
2843989
2843990
2843991
2843992
2843993
2844016
2844017
2844018
2844019
2844032
2844034
2844035
2844036
2844071
2844087
2844109
2844119
2844120
2844121
2844122
2844123
2844124
2844125
2844126
2844127
2844128
2844129
2844130
2844131
2844132
2844133
2844134
2844135
2844136
2844137
2844138
2844139
2844140
2844141
2844142
2844143
2844144
2844145
2844146
2844147
2844148
2844149
2844150
2844151
2844163
2844164
2844165
2844166
2844167
2844168
2844169
2844170
2844171
2844172
2844173
2844174
2844175
2844178
2844179
2844180
2844181
2844182
2844183
2844184
2844185
2844186
2844187
2844188
2844189
2844190
2844191
2844192
2844193
2844194
2844195
2844196
2844197
2844198
2844199
2844200
2844201
2844202
2844203
2844204
2844205
2844206
2844207
2844208
2844209
2844210
2844211
2844212
2844213
2844214
2844215
2844216
2844217
2844218
2844219
2844220
2844221
2844222
2844223
2844224
2844225
2844226
2844227
2844228
2844229
2844230
2844231
2844232
2844233
2844234
2844235
2844236
2844237
2844239
2844240
2844241
2844242
2844243
2844245
2844247
2844249
2844251
2844252
2844253
2844254
2844255
2844256
2844257
2844258
2844259
2844260
2844261
2844262
2844263
2844264
2844265
2844266
2844267
2844268
2844286
2844287
2844288
2844289
2844290
2844291
2844292
2844293
2844294
2844295
2844296
2844297
2844298
2844299
2844300
2844301
2844309
2844393
2844394
2844395
2844396
2844397
2844398
2844399
2844404
2844658
2844659
2844660
2844661
2844662
2844663
2844664
2844665
2844666
2844667
2844668
2844669
2844670
2844671
2844672
2844673
2844674
2844675
2844676
2844677
2844678
2844679
2844816
2844817
2845074
2845075
2845076
2845077
2845078
2845079
2845080
2845081
2845082
2845083
2845084
2845085
2845086
2845087
2845088
2845089
2845090
2845091
2845092
2845093
2845094
2845095
2845097
2845099
2845101
2845103
2845104
2845105
2845106
2845107
2845108
2845109
2845110
2845111
2845126
2845127
2845128
2845129
2845130
2845131
2845132
2845133
2845134
2845135
2845136
2845137
2845138
2845139
2845140
2845141
2845142
2845143
2845144
2845145
2845146
2845147
2845148
2845149
2845150
2845151
2845152
2845153
2845154
2845155
2845156
2845157
2845158
2845159
2845160
2845161
2845162
2845163
2845164
2845165
2845166
2845167
2845168
2845169
2845170
2845171
2845172
2845173
2845174
2845175
2845176
2845177
2845178
2845179
2845180
2845181
2845182
2845183
2845184
2845185
2845186
2845187
2845188
2845189
2845190
2845191
2845386
2845387
2845388
2845389
2845390
2845391
2845392
2845393
2845394
2845395
2845396
2845397
2845398
2845399
2845400
2845401
2845402
2845403
2845404
2845405
2845406
2845407
2845408
2845409
2845410
2845411
2845412
2845413
2845414
2845415
2845416
2845417
2845418
2845419
2845420
2845421
2845422
2845423
2845424
2845425
2845426
2845427
2845428
2845429
2845430
2845431
2845432
2845433
2845434
2845435
2845436
2845437
2845438
2845439
2845440
2845441
2845442
2845443
2845444
2845445
2845446
2845447
2845448
2845449
2845450
2845451
2845452
2845453
2845454
2845455
2845456
2845457
2845458
2845459
2845460
2845461
2845462
2845463
2845464
2845465
2845466
2845467
2845468
2845469
2845470
2845471
2845472
2845473
2845474
2845475
2845476
2845477
2845478
2845479
2845480
2845481
2845497
2845498
2845501
2845502
2845503
2845506
2845507
2845508
2845509
2845520
2845521
2845522
2845587
2845588
2845589
2845590
2845591
2845592
2845593
2845594
2845595
2845596
2845597
2845598
2845648
2845649
2845650
2845651
2845652
2845653
2845654
2845655
2845656
2845657
2845658
2845669
2845688
2845689
2845690
2845703
2845704
2845705
2845732
2845733
2845734
2845735
2845736
2845737
2845738
2845739
2845740
2845741
2845742
2845743
2845744
2845745
2845746
2845747
2845748
2845749
2845750
2845756
2845757
2845758
2845759
2845760
2845776
2845777
2845778
2845779
2845814
2845815
2845816
2845817
2845836
2845837
2845938
2845939
2845940
2845941
2845942
2845949
2845950
2845951
2845952
2845953
2845954
2845955
2845956
2845957
2845958
2845959
2845960
2845961
2845962
2845963
2845964
2845965
2845966
2845967
2845968
2845969
2845970
2846038
2846039
2846040
2846041
2846042
2846043
2846044
2846045
2846046
2846047
2846048
2846049
2846050
2846051
2846052
2846060
2846061
2846062
2846064
2846069
2846074
2846075
2846079
2846081
2846082
2846083
2846084
2846085
2846087
2846088
2846089
2846090
2846091
2846092
2846093
2846094
2846095
2846096
2846097
2846098
2846099
2846100
2846101
2846102
2846103
2846104
2846105
2846106
2846107
2846108
2846109
2846110
2846111
2846112
2846113
2846114
2846115
2846116
2846117
2846118
2846119
2846120
2846121
2846122
2846123
2846124
2846125
2846126
2846127
2846128
2846129
2846130
2846131
2846132
2846133
2846134
2846135
2846136
2846137
2846138
2846139
2846140
2846141
2846142
2846179
2846180
2846181
2846182
2846183
2846184
2846185
2846186
2846197
2846198
2846199
2846200
2846201
2846203
2846204
2846205
2846206
2846232
2846247
2846248
2846249
2846250
2846251
2846252
2846253
2846254
2846255
2846256
2846257
2846258
2846259
2846260
2846261
2846262
2846263
2846264
2846265
2846266
2846267
2846268
2846269
2846270
2846271
2846272
2846273
2846274
2846275
2846276
2846277
2846278
2846279
2846280
2846281
2846282
2846283
2846284
2846285
2846286
2846287
2846288
2846289
2846290
2846291
2846292
2846293
2846294
2846295
2846296
2846297
2846298
2846299
2846300
2846301
2846302
2846371
2846372
2846373
2846374
2846375
2846376
2846377
2846378
2846379
2846380
2846381
2846382
2846388
2846389
2846390
2846391
2846392
2846393
2846394
2846395
2846396
2846398
2846399
2846400
2846401
2846402
2846403
2846404
2846405
2846407
2846408
2846414
2846415
2846435
2846436
2846599
2846600
2846601
2846602
2846603
2846604
2846605
2846606
2846607
2846608
2846609
2846671
2846672
2846673
2846680
2846681
2846682
2846739
2846877
2846878
2846879
2847044
2847055
2847056
2847057
2847058
2847059
2847060
2847061
2847062
2847063
2847072
2847073
2847105
2847106
2847107
2847108
2847109
2847282
2847283
2847284
2847766
2847815
2847816
2847818
2847822
2847823
2847995
2848038
2848039
2848047
2848074
2848075
2848091
2848092
2848093
2848094
2848096
2848097
2848881
2848882
2848883
2848884
2848885
2848886
2848887
2848970
2848971
2848982
2849016
2849018
2849019
2849068
2849079
2849080
2849081
2849092
2849096
2849097
2849099
2849100
2849244
2849245
2849246
2849598
2849599
2849600
2849625
2849626
2849628
2849662
2849675
2849676
2849700
2849703
2849704
2849971
2849972
2850656
2851026
2851027
2851028
2851029
2851030
2851032
2851033
2851034
2851035
2851068
2851069
2851070
2851072
2851075
2851076
2851077
2851080
2851081
2851082
2851083
2851084
2851085
2851086
2851093
2851094
2851095
2851096
2851097
2851098
2851099
2851100
2851101
2851102
2851103
2851104
2851105
2851106
2851107
2851108
2851109
2851110
2851111
2851112
2851113
2851114
2851115
2851116
2851954
2851955
2851956
2851957
2851958
2851970
2851971
2851972
2851973
2851974
2851975
2851976
2851977
2851978
2851979
2851980
2851981
2851982
2851983
2851984
2851985
2851986
2851987
2851988
2851989
2851990
2851991
2851992
2851993
2851994
2852003
2852004
2852005
2852006
2852007
2852008
2852009
2852010
2852011
2852012
2852013
2852014
2852015
2852016
2852017
2852018
2852019
2852020
2852021
2852022
2852023
2852024
2852025
2852026
2852027
2852028
2852029
2852030
2852031
2852032
2852033
2852034
2852035
2852036
2852037
2852038
2852039
2852040
2852103
2852111
2852114
2852115
2852116
2852127
2852130
2852144
2852150
2852151
2852159
2852167
2852170
2852174
2852178
2852180
2852183
2852200
2852220
2852224
2852233
2852239
2852241
2852246
2852261
2852264
2852265
2852274
2852277
2852312
2852324
2852351
2852355
2852362
2852370
2852375
2852378
2852380
2852388
2852390
2852393
2852399
2852405
2852407
2852408
2852418
2852420
2852433
2852434
2852440
2852450
2852458
2852460
2852465
2852466
2852473
2852475
2852476
2852486
2852502
2852509
2852513
2852514
2852516
2852520
2852523
2852525
2852529
2852533
2852560
2852561
2852572
2852573
2852580
2852582
2852587
2852594
2852600
2852601
2852605
2852608
2852657
2852662
2852667
2852671
2852693
2852695
2852703
2852712
2852726
2852729
2852740
2852746
2852760
2852761
2852775
2852783
2852796
2852797
2852801
2852810
2852814
2852817
2852819
2852823
2852826
2852842
2852857
2852867
2852873
2852875
2852880
2852881
2852888
2852892
2852896
2852913
2852926
2852929
2852964
2852968
2852969
2852970
2852977
2852983
2852985
2852986
2852987
2852998
2852999
2853007
2853010
2853011
2853013
2853019
2853022
2853023
2853025
2853078
2853091
2853092
2853094
2853095
2853169
2853265
2853266
2853267
2853441
2853976
2855484
2856175
2856177
2856178
2856180
2856554
2856824
2856860
2856996
2856997
2857089
2857500
2857501
2859059
2859060
2859072
2859073
2859245
2859246
2859247
2859281
2859282
2859283
2859284
2859285
2859289
2859290
2859291
2859292
2859293
2859294
2859295
2859296
2859297
2859298
2859299
2859300
2859301
2859302
2859303
2859304
2859305
2859306
2859307
2859308
2859309
2859310
2859311
2859312
2859313
2859314
2859315
2859316
2859317
2859318
2859319
2859320
2859321
2859322
2859323
2859324
2859325
2859326
2859327
2859328
2859329
2859330
2859331
2859332
2859333
2859334
2859335
2859336
2859337
2859338
2859339
2859340
2859341
2859342
2859343
2859344
2859345
2859346
2859347
2859348
2859349
2859350
2859351
2859352
2859353
2859354
2859355
2859356
2859357
2859358
2859359
2859360
2859361
2859362
2859363
2859364
2859473
2859474
2859475
2859476
2859477
2859478
2859479
2859480
2859481
2859487
2859488
2859489
2859490
2859491
2859492
2859493
2859494
2859495
2859496
2859509
2859510
2859511
2859512
2859513
2859517
2859518
2859519
2859524
2859525
2859526
2859527
2859528
2859562
2859563
2859564
2859565
2859632
2859633
2859634
2859635
2859636
2859637
2859638
2859649
2859650
2859651
2859652
2859653
2859654
2859655
2859656
2859657
2859658
2859659
2859660
2859661
2859662
2859663
2860312
2860313
2860314
2860315
2860316
2860317
2860370
2860371
2860372
2860373
2860374
2860375
2860376
2860377
2860969
2860996
2860997
2860998
2860999
2861000
2861001
2861002
2861003
2861004
2861006
2861007
2861008
2861009
2861054
2861055
2861056
2861059
2861289
2861366
2861701
2861703
2861974
2861975
2862015
2862016
2862017
2862018
2862019
2862020
2862021
2862022
2862023
2862024
2862025
2862026
2862027
2862028
2862029
2862030
2862031
2862032
2862033
2862034
2862035
2862036
2862037
2862038
2862039
2862040
2862041
2862042
2862043
2862044
2862046
2862047
2862048
2862049
2862050
2862051
2862052
2862053
2862054
2862055
2862056
2862057
2862058
2862059
2862060
2862061
2862062
2862063
2862064
2862065
2862066
2862067
2862068
2862069
2862070
2862071
2862072
2862073
2862074
2862075
2862076
2862077
2862078
2862079
2862080
2862081
2862082
2862083
2862084
2862085
2862086
2862087
2862100
2862101
2862102
2862103
2862104
2862105
2862106
2862107
2862108
2862109
2862110
2862111
2862112
2862113
2862114
2862503
2862717
2862735
2862736
2862737
2862739
2862773
2862774
2862775
2862776
2862950
2862954
2862993
2862994
2862995
2862996
2862997
2862998
2863001
2863002
2863003
2863004
2863148
2863149
2863150
2863151
2863152
2863189
2863193
2863194
2863195
2863196
2863253
2863254
2863255
2863256
2863257
2863258
2863259
2863260
2863261
2863262
2863263
2863264
2863265
2863266
2863267
2863268
2863269
2863270
2863271
2863272
2863273
2863274
2863275
2863276
2863277
2863278
2863279
2863675
2863676
2863679
2863680
2863681
2863830
2863831
2863832
2863833
2863838
2863839
2863840
2863842
2863843
2863844
2863846
2863847
2863848
2863849
2863850
2863851
2863852
2863853
2863854
2863855
2863856
2864045
2864046
2864047
2864048
2864049
2864050
2864051
2864052
2864053
2864054
2864055
2864056
2864057
2864058
2864059
2864060
2864061
2864062
2864063
2864064
2864065
2864066
2864067
2864068
2864069
2864070
2864071
2864072
2864073
2864074
2864075
2864076
2864077
2864078
2864079
2864080
2864081
2864082
2864083
2864084
2864085
2864086
2864087
2864088
2864360
2864361
2864362
2864363
2864364
2864365
2864366
2864367
2864368
2864369
2865103
2865759
2865785
2865786
2865787
2865788
2865789
2865790
2865791
2865792
2865793
2865794
2865795
2865796
2865797
2865798
2865799
2865800
2865801
2865802
2865803
2865804
2865805
2865806
2865807
2865808
2865809
2865810
2865811
2865812
2865813
2865814
2865815
2865816
2865817
2865818
2865819
2865820
2865821
2865822
2865823
2865824
2865825
2865826
2865827
2865828
2865829
2865830
2865959
2866006
2866007
2866008
2866009
2866010
2866159
2866318
2866319
2866320
2866321
2866322
2866323
2866324
2866325
2866326
2866327
2866328
2866329
2866330
2866331
2866332
2866333
2866334
2866335
2866336
2866337
2866656
2866657
2866659
2866660
2866661
2866662
2866663
2866664
2866684
2866685
2866686
2866687
2866688
2866689
2866690
2866691
2866692
2866693
2866694
2866695
2866696
2866697
2866698
2866699
2866700
2866701
2866702
2866703
2866765
2866803
2866804
2866837
2867265
2867278
2867296
2867297
2867298
2867299
2867468
2867469
2867470
2867471
2867472
2867473
2867474
2867475
2867476
2867477
2867478
2867479
2867480
2867481
2869450
2869543
2869544
2869545
2869546
2869547
2869548
2869549
2869550
2869551
2869552
2869553
2869554
2869555
2869556
2869557
2869558
2869559
2869560
2869561
2869562
2869563
2869564
2869565
2869566
2869567
2869568
2869569
2869570
2869571
2869572
2869573
2869574
2870529
2870625
2870751
2870866
2870867
2870868
2871158
2871159
2871510
2871511
2871512
2871513
2871514
2871515
2871516
2871517
2871518
2871519
2871520
2871521
2871522
2871523
2871524
2871525
2871526
2871527
2871528
2871529
2871530
2871531
2871532
2871533
2871534
2871535
2871537
2871538
2871539
2871540
2871541
2871542
2871543
2871544
2871545
2871546
2871547
2871548
2871549
2871897
2871898
2871899
2871900
2871901
2872011
2872297
2872337
2872338
2872631
2872632
2872674
2872675
2872676
2873326
2873327
2873344
2873345
2873346
2873347
2873348
2873349
2873352
2873353
2873371
2873372
2873373
2873374
2873375
2873376
2873380
2873387
2873388
2873389
2873401
2873402
2873403
2873404
2873405
2873406
2873407
2873408
2873409
2873413
2873443
2873444
2873445
2873446
2873447
2873448
2873449
2873450
2873451
2873452
2873453
2873454
2873455
2873456
2873457
2873458
2873459
2873460
2873461
2873462
2873522
2873523
2873524
2873525
2873526
2873527
2873528
2873529
2873530
2873531
2873532
2873533
2873534
2873535
2873536
2873537
2873842
2873946
2874295
2874852
2874853
2874854
2874855
2874856
2874857
2874858
2874859
2874860
2874861
2874862
2874863
2874864
2874865
2874866
2874867
2874868
2874869
2874870
2874871
2874872
2874873
2874874
2874875
2874876
2874877
2874878
2874879
2874880
2874881
2874882
2874883
2874884
2874885
2874886
2874887
2874888
2874889
2874890
2874891
2874892
2874893
2874894
2875358
2875651
2875652
2875653
2875654
2875655
2875656
2875657
2875690
2875705
2875711
2875712
2875713
2875714
2875715
2875716
2875717
2875718
2875719
2875720
2875721
2875722
2875723
2875839
2875840
2875841
2875843
2875844
2875845
2875968
2875969
2875970
2876046
2876083
2876084
2876085
2876086
2876111
2876201
2876567
2876568
2876569
2876570
2876571
2876595
2876596
2876597
2876608
2876716
2876724
2876728
2876729
2876730
2876731
2876782
2876783
2876784
2876785
2876786
2876878
2876879
2876880
2877427
2877522
2877926
2877931
2877935
2877937
2877942
2877945
2877946
2877977
2877978
2877979
2877980
2877981
2877982
2877983
2877984
2877985
2877986
2877987
2877988
2877989
2877990
2877991
2877992
2877993
2877994
2877995
2877996
2877997
2877998
2877999
2878000
2878001
2878002
2878003
2878004
2878005
2878006
2878007
2878008
2878009
2878010
2878011
2878012
2878013
2878084
2878085
2878260
2878264
2878557
2879120
2879804
2879805
2879808
2879967
2880361
2880362
2880537
2880538
2880539
2880540
2880541
2880542
2880884
2880885
2880886
2880887
2880888
2880889
2880890
2880891
2880892
2880893
2880894
2880895
2880896
2880897
2880898
2880936
2880937
2880938
2880939
2880949
2880950
2880951
2880953
2880991
2880992
2880993
2880994
2881011
2881012
2881013
2881016
2881018
2881221
2881391
2881392
2881397
2881398
2881399
2881400
2881401
2881409
2881410
2883041
2883137
2883572
2883936
2883940
2883941
2883942
2883943
2883944
2883945
2883946
2883949
2884083
2884419
2884420
2884421
2884422
2884423
2884424
2884426
2884427
2884430
2884431
2884451
2884452
2884453
2884825
2885152
2885153
2885683
2885684
2885685
2885686
2885687
2885908
2885909
2885911
2885915
2885922
2885972
2885973
2885974
2885975
2885976
2885977
2885978
2885979
2885980
2885981
2885982
2885983
2885984
2885985
2885986
2885987
2885988
2885989
2886029
2886030
2886031
2886032
2886033
2886034
2886035
2886036
2886042
2886106
2886109
2886196
2886209
2886210
2886211
2886363
2886364
2886365
2886897
2886898
2886899
2886900
2886901
2886902
2886918
2886919
2886922
2886925
2886926
2886927
2886930
2887182
2888520
2888752
2890802
2890803
2890804
2890805
2890806
2890807
2890808
2890809
2890810
2890811
2890812
2890813
2890814
2890815
2890816
2890817
2890818
2890819
2890820
2890821
2890822
2890823
2890824
2890825
2890826
2890827
2890828
2890829
2890830
2890831
2890879
2890912
2890957
2890992
2891195
2891196
2891197
2891198
2891199
2891200
2891525
2891955
2891956
2891957
2891958
2891959
2892339
2892340
2892341
2892342
2892343
2892344
2892345
2892346
2892347
2892348
2892349
2892350
2892351
2893232
2893233
2893391
2893764
2893950
2893951
2893953
2893954
2894001
2894002
2894003
2894004
2894286
2894287
2894288
2894289
2894290
2894291
2894292
2894293
2894294
2894297
2894298
2894299
2894300
2894301
2894302
2894303
2894304
2894305
2894335
2894336
2894344
2894347
2894348
2894349
2894350
2894351
2894352
2894354
2894355
2894356
2894359
2894361
2894362
2894364
2894367
2894387
2894393
2894394
2894395
2894396
2894397
2894398
2894399
2894400
2894580
2894581
2894584
2894585
2894587
2894588
2894589
2894590
2894591
2894592
2894593
2894594
2894595
2894596
2894597
2894598
2894599
2894600
2894716
2894717
2894718
2894719
2894720
2894721
2894722
2894723
2894724
2894725
2894726
2894727
2894728
2894729
2894730
2894731
2894732
2894733
2894734
2894735
2894736
2894737
2894738
2894739
2894740
2894741
2894742
2894743
2894744
2894745
2894746
2894747
2894748
2894749
2894750
2894751
2894752
2894753
2894773
2894774
2894778
2894779
2894780
2894781
2894782
2894783
2894784
2894785
2894786
2894787
2894788
2894789
2894790
2894791
2894792
2894793
2894794
2894795
2894796
2894797
2894798
2894799
2894800
2894801
2894802
2894803
2894804
2894805
2894806
2894807
2894808
2894809
2895571
2895572
2895851
2895852
2895853
2895854
2895855
2895856
2895857
2895858
2895859
2895860
2895861
2895862
2895863
2895864
2895865
2895866
2895867
2895868
2895869
2895870
2895871
2895872
2895873
2895874
2895875
2895876
2895877
2895878
2895879
2895880
2895881
2895882
2895883
2895884
2895885
2895886
2895887
2895888
2895889
2895890
2895891
2895892
2895893
2895894
2895895
2895896
2895897
2895898
2895899
2895900
2895901
2895902
2895903
2895904
2895905
2895906
2895907
2895908
2895909
2895910
2895911
2895912
2895913
2895914
2895915
2895916
2895917
2895918
2895919
2895920
2895921
2895922
2895923
2895924
2895925
2895926
2895927
2895928
2895929
2895930
2895931
2896794
2897164
2897410
2897426
2898457
2898538
2898539
2898540
2898541
2898542
2898543
2898832
2898833
2898834
2898836
2898837
2898838
2899278
2899279
2900126
2900127
2900128
2900133
2900137
2900138
2900147
2900148
2900266
2900267
2900268
2900269
2900270
2900271
2900272
2900273
2900296
2900297
2900301
2900302
2900303
2900304
2900307
2900313
2900314
2900318
2900330
2900331
2900338
2900339
2900353
2900569
2901176
2901257
2901335
2901336
2901337
2901338
2901339
2901340
2901341
2901342
2901343
2901344
2901345
2901346
2901347
2901348
2901349
2901350
2901351
2901352
2901353
2901354
2901355
2901356
2901357
2901358
2901359
2901360
2901361
2901362
2901363
2901364
2901365
2901366
2901367
2901368
2901369
2901370
2901371
2901372
2901373
2901374
2901375
2901376
2901377
2901378
2901387
2901837
2902295
2902660
2902661
2902662
2902663
2902664
2902665
2902666
2902667
2902668
2902669
2902670
2902671
2902672
2902673
2902674
2902675
2902676
2902677
2902678
2902679
2902680
2902681
2902682
2902683
2902684
2902685
2902686
2902687
2902688
2902689
2902690
2902691
2902692
2902693
2902694
2902744
2902745
2902746
2902747
2902792
2902794
2902800
2902832
2902837
2902838
2902839
2902840
2902841
2902842
2902874
2902875
2902876
2902881
2902882
2902889
2902890
2902891
2902892
2902893
2902900
2902904
2902905
2902907
2902952
2903992
2904307
2904308
2904309
2904596
2904709
2904710
2904711
2904712
2904713
2905421
2905674
2905675
2905681
2905685
2905688
2905721
2905727
2905728
2905834
2905835
2905836
2905837
2905838
2905840
2905867
2905920
2905923
2905945
2905946
2905959
2905963
2905964
2905965
2906028
2906466
2906467
2906468
2906558
2906560
2906561
2906742
2906743
2906745
2906746
2906747
2906748
2906749
2906751
2906752
2906753
2906754
2906755
2906756
2907222
2907285
2907286
2907287
2907288
2907314
2907796
2907829
2907830
2907831
2907832
2907833
2907834
2907835
2907836
2907838
2907955
2907956
2907963
2907964
2908019
2908095
2908096
2908097
2908098
2908111
2908113
2908114
2908115
2908151
2908152
2908166
2908167
2908168
2908169
2908172
2908173
2908224
2908240
2908260
2908616
2908628
2908629
2908630
2908631
2908634
2908635
2908714
2908744
2908745
2908746
2909139
2909140
2909265
2909266
2909581
2909582
2909584
2909703
2909704
2909738
2909739
2909740
2909741
2909742
2909743
2909744
2909745
2909746
2909747
2910155
2910156
2910159
2910191
2910591
2910752
2910753
2910754
2910755
2910756
2910757
2910758
2910759
2910760
2910761
2910762
2910763
2910764
2910765
2910766
2910767
2910768
2910775
2910776
2910779
2910780
2910781
2910783
2910784
2910785
2910786
2910925
2910926
2910927
2910934
2910935
2910936
2910937
2910938
2910939
2910940
2910948
2910949
2910950
2910951
2910954
2910955
2910956
2910957
2910958
2910959
2910960
2911094
2911153
2911154
2911155
2911156
2911157
2911158
2911159
2911160
2911161
2911162
2911163
2911164
2911430
2911431
2911432
2911433
2911435
2911439
2911440
2911441
2911442
2911443
2911444
2911511
2911515
2911581
2911644
2911656
2911659
2911660
2911661
2911663
2911664
2911665
2911669
2911670
2911671
2911672
2911673
2912239
2912240
2912287
2912288
2912289
2912290
2912291
2912292
2912293
2912294
2912295
2912296
2912297
2912298
2912299
2912300
2912301
2912302
2912554
2912555
2912556
2912557
2912558
2912559
2912560
2912561
2912562
2912595
2912627
2912641
2912642
2912643
2912644
2912645
2912646
2912647
2912648
2912649
2912650
2912651
2912652
2912653
2912654
2912655
2912656
2912657
2912676
2912677
2913092
2913128
2913129
2913131
2913140
2913142
2913143
2913144
2913378
2913520
2913883
2913884
2913972
2913973
2913974
2913975
2913976
2913977
2913978
2913979
2913981
2913982
2914003
2914004
2914005
2914006
2914007
2914008
2914009
2914010
2914011
2914012
2914013
2914014
2914015
2914016
2914017
2914018
2914019
2914020
2914021
2914022
2914023
2914024
2914025
2914026
2914027
2914028
2914029
2914030
2914035
2914036
2914037
2914160
2914166
2914167
2914168
2914169
2914171
2914172
2914173
2914174
2914178
2914179
2914180
2914220
2914438
2914441
2914442
2914443
2914444
2914445
2914446
2914449
2914450
2914463
2914470
2914489
2914490
2914491
2914492
2914493
2914494
2914495
2914496
2914497
2914498
2914499
2914500
2914501
2914502
2914503
2914504
2914505
2914506
2914839
2914840
2914841
2914842
2914843
2914844
2914845
2914846
2914847
2914848
2914849
2914850
2914851
2914852
2914853
2914854
2914855
2914856
2914857
2914858
2914859
2914860
2914861
2914862
2915324
2915325
2915326
2915327
2915328
2915329
2915330
2915331
2915332
2915342
2915343
2915344
2915345
2915352
2915353
2915354
2915355
2915356
2915357
2915629
2916443
2916444
2916630
2916706
2916975
2916976
2916977
2917113
2917157
2917158
2917159
2917160
2917161
2917162
2917333
2917416
2917704
2917961
2917962
2917963
2917964
2918264
2918517
2918647
2918648
2918649
2918650
2918656
2918832
2918862
2918863
2918864
2918865
2918866
2918867
2918868
2918869
2918870
2918871
2918872
2918873
2918874
2918875
2918876
2918877
2918878
2918879
2918880
2918896
2918897
2918898
2918919
2918920
2918921
2918922
2918923
2918924
2918925
2918926
2918927
2918928
2918929
2918930
2918931
2918932
2918933
2918934
2919543
2919544
2919545
2919546
2919547
2919548
2919549
2919550
2919551
2919552
2919553
2919554
2920374
2920882
2920883
2920884
2920885
2920886
2920887
2920888
2920889
2920890
2920891
2920892
2920893
2920894
2920920
2920921
2920922
2920923
2920924
2920927
2920928
2920929
2920930
2920931
2920932
2920962
2920963
2920964
2920967
2921312
2922203
2922204
2922205
2922210
2922211
2922212
2922213
2922214
2922215
2922216
2922217
2922218
2922219
2922220
2922221
2922222
2922223
2922318
2922319
2922320
2922321
2922322
2922323
2922324
2922325
2922326
2922327
2922328
2922329
2922330
2922331
2922332
2922333
2922334
2922985
2922987
2922988
2922989
2922990
2922991
2922992
2922993
2922994
2922995
2922996
2922997
2922998
2922999
2923000
2923001
2923002
2923003
2923004
2923005
2923006
2923007
2923008
2923009
2923096
2923097
2923098
2923251
2923252
2923253
2923254
2923255
2923284
2923285
2923373
2923374
2923419
2923420
2923421
2924072
2924073
2924712
2924713
2924714
2924715
2924716
2924860
2924861
2924863
2924865
2924878
2924879
2924880
2924881
2924882
2924883
2924884
2924885
2924886
2924887
2924888
2924889
2924890
2924891
2924892
2924893
2924894
2924895
2924896
2924897
2924898
2924899
2924900
2924901
2924902
2924903
2924904
2924905
2924906
2924907
2924908
2924909
2924910
2924911
2924912
2924913
2924916
2924917
2924918
2924919
2924920
2924921
2924922
2924923
2924924
2924925
2924926
2924927
2924928
2924929
2924930
2924973
2925320
2925423
2926076
2926077
2926078
2926079
2926080
2926081
2926082
2926083
2926084
2926085
2926086
2926087
2926089
2926090
2926091
2926092
2926093
2926094
2926095
2926096
2926097
2926098
2926099
2926100
2926101
2926102
2926103
2926104
2926105
2926106
2926107
2926108
2926475
2926659
2927008
2927237
2927238
2927239
2927240
2927241
2927242
2927243
2927244
2927245
2927246
2927247
2927248
2927249
2927250
2927251
2927252
2927253
2927254
2927255
2927256
2927257
2927258
2927259
2927260
2927261
2927262
2927263
2927264
2927265
2927266
2927267
2927268
2927269
2927270
2927271
2927272
2927273
2927274
2927275
2927276
2927277
2927278
2927279
2927280
2927281
2927282
2927283
2927284
2927285
2927286
2927287
2927288
2927289
2927290
2927291
2927292
2927293
2927294
2927295
2927296
2927297
2927298
2927299
2927622
2927634
2927635
2927794
2927825
2927892
2927893
2927981
2927982
2927983
2927984
2927985
2927986
2927987
2927988
2927989
2927990
2927991
2927992
2928022
2928431
2928440
2928444
2928613
2928614
2928615
2928616
2928617
2928618
2928619
2928620
2928621
2928622
2928623
2928624
2928625
2928626
2928627
2928628
2928629
2928680
2928681
2928682
2928683
2928684
2928685
2928686
2928691
2928692
2928717
2928718
2928719
2928720
2928721
2928722
2928723
2928724
2928725
2928726
2928727
2928738
2928746
2928750
2928751
2928752
2928754
2928757
2928758
2928759
2928829
2928830
2928831
2928832
2928833
2928834
2928836
2928840
2928844
2928845
2928846
2928847
2928848
2928849
2928850
2928859
2928860
2928861
2928862
2928863
2928864
2928949
2928950
2928951
2928952
2928953
2929628
2930315
2930316
2930317
2930318
2930328
2930329
2930331
2930332
2930333
2930334
2930338
2930339
2930340
2930341
2930342
2930343
2930344
2930345
2930390
2930391
2930392
2930393
2930394
2930395
2930396
2930397
2930398
2930399
2932198
2932672
2932673
2932851
2932859
2932860
2932861
2932862
2932863
2932864
2932865
2932866
2932867
2932877
2932878
2932879
2932880
2932881
2932882
2932888
2933069
2933275
2933280
2933955
2933956
2933957
2933958
2934807
2935022
2935023
2935024
2935060
2935061
2935062
2935085
2935098
2935099
2935100
2935101
2935102
2935103
2935104
2935105
2935106
2935107
2935108
2935109
2935110
2935111
2935112
2935113
2935114
2935115
2935116
2935117
2935118
2935119
2935120
2935121
2935122
2935123
2935124
2935125
2935126
2935127
2935128
2935129
2935130
2935131
2935132
2935133
2935134
2935135
2935136
2935137
2935138
2935139
2935140
2935141
2935142
2935143
2935144
2935145
2935146
2935147
2935148
2935149
2935150
2935151
2935152
2935153
2935154
2935155
2935156
2935157
2935158
2935159
2935160
2935161
2935162
2935163
2935164
2935165
2935166
2935167
2935168
2935169
2935170
2935171
2935172
2935173
2935174
2935175
2935176
2935177
2935178
2935179
2935180
2935181
2935182
2935183
2935184
2935185
2935186
2935187
2935188
2935189
2935190
2935191
2935192
2935193
2935194
2935195
2935196
2935197
2935198
2935199
2935200
2935201
2935202
2935203
2935204
2935205
2935206
2935207
2935208
2935209
2935210
2935211
2935212
2935213
2935214
2935215
2935216
2935217
2935218
2935219
2935220
2935221
2935222
2935223
2935224
2935225
2935226
2935227
2935228
2935229
2935230
2935231
2935232
2935233
2935234
2935235
2935236
2935237
2935238
2935239
2935240
2935241
2935242
2935243
2935244
2935245
2935246
2935247
2935248
2935249
2935250
2935251
2935252
2935253
2935254
2935255
2935256
2935257
2935258
2935259
2935260
2935261
2935262
2935263
2935264
2935265
2935266
2935267
2935268
2935269
2935270
2935271
2935272
2935273
2935274
2935275
2935276
2935277
2935278
2935279
2935280
2935281
2935282
2935283
2935284
2935285
2935286
2935287
2935288
2935289
2935290
2935291
2935292
2935293
2935294
2935295
2935296
2935297
2935298
2935299
2935300
2935301
2935302
2935303
2935304
2935305
2935306
2935307
2935308
2935309
2935310
2935311
2935312
2935313
2935314
2935315
2935316
2935317
2935318
2935319
2935320
2935321
2935322
2935323
2935324
2935325
2935326
2935327
2935328
2935329
2935330
2935331
2935332
2935333
2935334
2935335
2935336
2935337
2935338
2935339
2935340
2935341
2935342
2935343
2935344
2935345
2935346
2935347
2935348
2935349
2935350
2935351
2935352
2935353
2935354
2935355
2935356
2935357
2935358
2935359
2935360
2935361
2935362
2935363
2935364
2935365
2935366
2935367
2935368
2935369
2935370
2935371
2935372
2935373
2935374
2935375
2935376
2935377
2935378
2935379
2935380
2935381
2935382
2935383
2935384
2935385
2935386
2935387
2935388
2935389
2935390
2935391
2935392
2935393
2935394
2935395
2935396
2935397
2935398
2935399
2935400
2935401
2935402
2935403
2935404
2935405
2935406
2935407
2935408
2935409
2935410
2935411
2935412
2935413
2935414
2935415
2935416
2935417
2935418
2935419
2935420
2935421
2935422
2935423
2935424
2935425
2935426
2935427
2935428
2935429
2935430
2935431
2935432
2935433
2935434
2935435
2935436
2935437
2935438
2935439
2935440
2935441
2935507
2935508
2935510
2935511
2935512
2935513
2935708
2935709
2935722
2935723
2935725
2935726
2935728
2935729
2935730
2935731
2935732
2935733
2935734
2935866
2935878
2936457
2936515
2936516
2936517
2936518
2936519
2936520
2936521
2936527
2936528
2936529
2936530
2936531
2936647
2936648
2936812
2936813
2936814
2936815
2936816
2936817
2936818
2936822
2936828
2936829
2936830
2936831
2936871
2936889
2936904
2936905
2936906
2936907
2936908
2936909
2936911
2936912
2936913
2936914
2936915
2936916
2936917
2936918
2936919
2936920
2936921
2936922
2936923
2936924
2936925
2936927
2936938
2936939
2936940
2936941
2936942
2936943
2936944
2936945
2936946
2936947
2937314
2937408
2937409
2937733
2937734
2938905
2938950
2938951
2939038
2939039
2939122
2939123
2939124
2939125
2939126
2939127
2939128
2939129
2939130
2939131
2939132
2939133
2939134
2939261
2939502
2939647
2939654
2939733
2939734
2939735
2939766
2940090
2941485
2941486
2941487
2941488
2942215
2942418
2942676
2942677
2942680
2942888
2942894
2942963
2942964
2942965
2942966
2942967
2942968
2942969
2942970
2942971
2942972
2942973
2942974
2942975
2942976
2942977
2942978
2942979
2942980
2942981
2942982
2942989
2942990
2942991
2942992
2942993
2942994
2942995
2943001
2943002
2943003
2943004
2943005
2943006
2943007
2943008
2943009
2943010
2943011
2943012
2943013
2943014
2943015
2943016
2943017
2943018
2943019
2943020
2943831
2943832
2943833
2943834
2943835
2943836
2943837
2943838
2943839
2943840
2943841
2944247
2944499
2944500
2944501
2944502
2944503
2944504
2944505
2944506
2944507
2944508
2944509
2944510
2944511
2944512
2944513
2944514
2944515
2944516
2944653
2944654
2944656
2944657
2944849
2944850
2944912
2944913
2944951
2944952
2944953
2944954
2944955
2944956
2945129
2945715
2945892
2945893
2945895
2945902
2945903
2945904
2945908
2945915
2945916
2945923
2945929
2945937
2945938
2945939
2945940
2945941
2945945
2945954
2945955
2945957
2945958
2945959
2945960
2945961
2945962
2945963
2945964
2945965
2945967
2945968
2945969
2945970
2945971
2945972
2945973
2945974
2945975
2945976
2945977
2945978
2945979
2946013
2946014
2946076
2946077
2946078
2946079
2946080
2946081
2946082
2946083
2946084
2946085
2946086
2946087
2946088
2946089
2946090
2946091
2946092
2946093
2946094
2946095
2946096
2946097
2946098
2946099
2946100
2946101
2946102
2946103
2946104
2946105
2946106
2946107
2946108
2946109
2946110
2946111
2946112
2946113
2946114
2946115
2946116
2946117
2946118
2946119
2946120
2946121
2946122
2946123
2946124
2946125
2946155
2946156
2946157
2946158
2946159
2946160
2946161
2946162
2946163
2946164
2946165
2946166
2946167
2946168
2946169
2946170
2946171
2946172
2946173
2946174
2946175
2946180
2946181
2946182
2946184
2946185
2946190
2946191
2946193
2946623
2946625
2946626
2946628
2946629
2946631
2946632
2946634
2946636
2946642
2946644
2946645
2946646
2946647
2946648
2946721
2946722
2946723
2946763
2946787
2946789
2946794
2946795
2946797
2946800
2946804
2946805
2946806
2946808
2946810
2946811
2946813
2946814
2946815
2946816
2946818
2946819
2946820
2946821
2946828
2946829
2946830
2946832
2946833
2946834
2946835
2948587
2948588
2948589
2948593
2948594
2948595
2948596
2948597
2948598
2948599
2948600
2948601
2948602
2948603
2948604
2948605
2948606
2948607
2948608
2948609
2948610
2948611
2948639
2948640
2948641
2948642
2948643
2948644
2948645
2948646
2948647
2948648
2948649
2948651
2948652
2948653
2948654
2948655
2948656
2948657
2948659
2948660
2948662
2948663
2948665
2948666
2948667
2948668
2948671
2948672
2948674
2948677
2948678
2948679
2948680
2948682
2948684
2948687
2948688
2948689
2948690
2948691
2948692
2948693
2948694
2948695
2948696
2948697
2948698
2948703
2948704
2948705
2948706
2948708
2948709
2948710
2948711
2948712
2948713
2948714
2948722
2948723
2948724
2948725
2948726
2948728
2948729
2948731
2948732
2948733
2948735
2948736
2948738
2948752
2948753
2948754
2948755
2948756
2948757
2948760
2948761
2948764
2948765
2948766
2948767
2948768
2948769
2948770
2948771
2948772
2948773
2948774
2948775
2948776
2948777
2948778
2948779
2948780
2948781
2948782
2948784
2948785
2948786
2948787
2948788
2948789
2948790
2948791
2948793
2948796
2948797
2948798
2948800
2948801
2948802
2948803
2948804
2948806
2948807
2948808
2948809
2948810
2948812
2948813
2948814
2948816
2948821
2948822
2948823
2948824
2948826
2948827
2948828
2948829
2948831
2948832
2948833
2948836
2948838
2948839
2948842
2948845
2948846
2948847
2948849
2948854
2948855
2948856
2948859
2948860
2948861
2948864
2948865
2948866
2948867
2948869
2948870
2948872
2948873
2948874
2948875
2948876
2948877
2948878
2948880
2948884
2948885
2948886
2948887
2948888
2948889
2948890
2948891
2948894
2948896
2948898
2948899
2948900
2948901
2948904
2948905
2948906
2948910
2948911
2948912
2948913
2948914
2948917
2948922
2948925
2948926
2948927
2948931
2948933
2948935
2948936
2948937
2948939
2948942
2948946
2948947
2948949
2948951
2948952
2948953
2948954
2948956
2948959
2948960
2948963
2949128
2949298
2950151
2950152
2950297
2950298
2950300
2950301
2950302
2950303
2950304
2950305
2950306
2950307
2950308
2950309
2950327
2950328
2950457
2950458
2950459
2950460
2950461
2950462
2950463
2950464
2950465
2950466
2950467
2950468
2950469
2950470
2950471
2950472
2950473
2950474
2950724
2950725
2950726
2950727
2950728
2950756
2950757
2950758
2950759
2950760
2950761
2950762
2950763
2950764
2950765
2950766
2950767
2950768
2950769
2950770
2950771
2950772
2950773
2950774
2950775
2950776
2950777
2950778
2950779
2950780
2950781
2950782
2950783
2950784
2950785
2950786
2950787
2950793
2950794
2950795
2951174
2951181
2951182
2951183
2951185
2951191
2951193
2951194
2951196
2951198
2951199
2951200
2951201
2951202
2951204
2951205
2951206
2951207
2951208
2951227
2951233
2951234
2951235
2951236
2951239
2951240
2951241
2951242
2951243
2951244
2951247
2951248
2951249
2951250
2951251
2951252
2951253
2951254
2951255
2951262
2951263
2951264
2951265
2951266
2951267
2951268
2951269
2951270
2951271
2951272
2951273
2951274
2951275
2951332
2951333
2951334
2951335
2951336
2951337
2951338
2951339
2951340
2951341
2951358
2951359
2951360
2951389
2951390
2951391
2951392
2951393
2951394
2951395
2951396
2951397
2951398
2951399
2951400
2951401
2951402
2951403
2951404
2951410
2951632
2951735
2951961
2951965
2951966
2951967
2951968
2951969
2951970
2951971
2951972
2951973
2951974
2951975
2951976
2951977
2952367
2952374
2952612
2953242
2953243
2953244
2953245
2953246
2953247
2953248
2953249
2953250
2953251
2953252
2953253
2953254
2953255
2953256
2953612
2953613
2953614
2953615
2953616
2953617
2953618
2953619
2953620
2953621
2953622
2953623
2953624
2953625
2953626
2953627
2954874
2955228
2955229
2955232
2955233
2955234
2955235
2955236
2955237
2955324
2955325
2955326
2955327
2955328
2955329
2955331
2955332
2955333
2955334
2955335
2955336
2955337
2955338
2955339
2955340
2955341
2955342
2955343
2955344
2955345
2955346
2955347
2955348
2955349
2955350
2955351
2955352
2955353
2955354
2955358
2955363
2955364
2955374
2955375
2955377
2955378
2955380
2955382
2955383
2955384
2955385
2955386
2955387
2955390
2955391
2955392
2955393
2955394
2955395
2955396
2955397
2955398
2955399
2955400
2955401
2955402
2955403
2955404
2955405
2955406
2955407
2955410
2955411
2955412
2955413
2955414
2955415
2955416
2955417
2955418
2955419
2955420
2955421
2955422
2955423
2955424
2955425
2955426
2955427
2955428
2955429
2955496
2955497
2955498
2955499
2955500
2955501
2955502
2955503
2955504
2955505
2955506
2955507
2955508
2955509
2955510
2955511
2955512
2955513
2955514
2955515
2955532
2955533
2955534
2955535
2955536
2955537
2955538
2955539
2955541
2955542
2955543
2955544
2955545
2955546
2955547
2955548
2955549
2955550
2955551
2955552
2955553
2955554
2955555
2955556
2955557
2955558
2955559
2955560
2955561
2955562
2955563
2955564
2955565
2955566
2955567
2955568
2955569
2955570
2955571
2955572
2955573
2955574
2955575
2955576
2955577
2955578
2955579
2955581
2955582
2955583
2955592
2955593
2955594
2955595
2955596
2955597
2955598
2955599
2955602
2955603
2955604
2955605
2955606
2955607
2955608
2955609
2955610
2955611
2955612
2955613
2955614
2955615
2955616
2955617
2955618
2955619
2955620
2955621
2955622
2955623
2955624
2955625
2955626
2955627
2955628
2955629
2955630
2955631
2955632
2955633
2955634
2955635
2955636
2955637
2955638
2955639
2955640
2955641
2955642
2955643
2955644
2955645
2955646
2955647
2955648
2955649
2955650
2955651
2955652
2955653
2955654
2955655
2955656
2955657
2955658
2955659
2955660
2955661
2955662
2955663
2955664
2955665
2955666
2955667
2955668
2955669
2955670
2955671
2955672
2955673
2955674
2955675
2955676
2955677
2955678
2955679
2955680
2955681
2955682
2955683
2955684
2955685
2955686
2955687
2955688
2955689
2955690
2955691
2955692
2955693
2955694
2955697
2955698
2955699
2955700
2955701
2955704
2955705
2955706
2955707
2955708
2955709
2955710
2955711
2955712
2955718
2955719
2955722
2955723
2955724
2955725
2955726
2955727
2955735
2955736
2955737
2955738
2955739
2955740
2955741
2955750
2955751
2955752
2955753
2955754
2955755
2955756
2955757
2955758
2955759
2955761
2955762
2955764
2955765
2955840
2955841
2955842
2955843
2955844
2955845
2955846
2955847
2955848
2955849
2955850
2955851
2955852
2955853
2955859
2955860
2955861
2955862
2955874
2955875
2955877
2955878
2955879
2955880
2955881
2955882
2955883
2955884
2955885
2955887
2955888
2955890
2955891
2955892
2955893
2955894
2955895
2955896
2955897
2955898
2955899
2955900
2955901
2955902
2955903
2955904
2955905
2955907
2955912
2955913
2955914
2955915
2955916
2955917
2955918
2955919
2955920
2955921
2955922
2955923
2955924
2955942
2955943
2955944
2955945
2955946
2955947
2955948
2955949
2955950
2955951
2955952
2955953
2955956
2955957
2955958
2955960
2955961
2955962
2955963
2955964
2955965
2955966
2955968
2955969
2955971
2955972
2955973
2955974
2955975
2955976
2955977
2955978
2955979
2955982
2955983
2955984
2955986
2955989
2955990
2955992
2955994
2955995
2955996
2955997
2955998
2955999
2956000
2956001
2956010
2956011
2956012
2956013
2956014
2956015
2956025
2956026
2956027
2956028
2956029
2956030
2956031
2956032
2956033
2956034
2956035
2956036
2956037
2956038
2956039
2956040
2956041
2956042
2956043
2956044
2956045
2956046
2956047
2956048
2956049
2956050
2956051
2956052
2956053
2956054
2956055
2956056
2956057
2956059
2956060
2956061
2956062
2956063
2956064
2956065
2956066
2956067
2956068
2956069
2956070
2956071
2956072
2956073
2956074
2956075
2956076
2956077
2956078
2956079
2956080
2956081
2956082
2956083
2956084
2956085
2956086
2956087
2956088
2956089
2956090
2956091
2956092
2956093
2956094
2956095
2956096
2956097
2956099
2956102
2956103
2956104
2956105
2956106
2956108
2956109
2956110
2956111
2956112
2956113
2956114
2956115
2956116
2956117
2956118
2956119
2956120
2956121
2956122
2956123
2956125
2956126
2956131
2956132
2956133
2956134
2956135
2956136
2956137
2956138
2956144
2956145
2956146
2956179
2956180
2956181
2956185
2956186
2956190
2956191
2956192
2956193
2956194
2956195
2956196
2956198
2956199
2956200
2956201
2956202
2956203
2956204
2956205
2956206
2956208
2956210
2956211
2956212
2956214
2956221
2956222
2956223
2956229
2956234
2956235
2956236
2956237
2956238
2956240
2956255
2956256
2956257
2956258
2956259
2956260
2956261
2956262
2956263
2956264
2956265
2956266
2956268
2956269
2956270
2956271
2956272
2956274
2956275
2956276
2956277
2956278
2956279
2956280
2956281
2956283
2956300
2956301
2956302
2956303
2956304
2956305
2956306
2956307
2956308
2956309
2956310
2956311
2956314
2956315
2956316
2956317
2956318
2956319
2956320
2956321
2956325
2956326
2956329
2956330
2956338
2956340
2956341
2956342
2956343
2956344
2956345
2956346
2956347
2956352
2956353
2956354
2956355
2956356
2956357
2956358
2956360
2956361
2956362
2956364
2956365
2956366
2956367
2956376
2956377
2956378
2956379
2956380
2956382
2956385
2956386
2956387
2956388
2956389
2956390
2956391
2956392
2956393
2956394
2956395
2956396
2956398
2956400
2956401
2956426
2956430
2956431
2956432
2956433
2956437
2956438
2956439
2956440
2956441
2956442
2956443
2956444
2956456
2956457
2956458
2956459
2956460
2956461
2956462
2956463
2956464
2956465
2956466
2956467
2956469
2956470
2956474
2956475
2956476
2956477
2956491
2956495
2956496
2956497
2956498
2956499
2956500
2956501
2956502
2956503
2956504
2956505
2956506
2956507
2956508
2956509
2956510
2956511
2956512
2956513
2956514
2956515
2956529
2956530
2956531
2956532
2956533
2956534
2956535
2956536
2956537
2956543
2956556
2956557
2956559
2956560
2956561
2956562
2956563
2956564
2956565
2956566
2956567
2956568
2956569
2956570
2956571
2956572
2956573
2956574
2956575
2956577
2956578
2956579
2956580
2956581
2956629
2956635
2956636
2956637
2956638
2956639
2956640
2956641
2956645
2956649
2956650
2956655
2956656
2956657
2956658
2956659
2956660
2956661
2956662
2956663
2956664
2956665
2956666
2956667
2956668
2956669
2956670
2956672
2956679
2956680
2956681
2956682
2956683
2956684
2956685
2956686
2956687
2956688
2956689
2956690
2956691
2956692
2956693
2956694
2956695
2956696
2956697
2956698
2956699
2956700
2956702
2956706
2956707
2956710
2956711
2956712
2956713
2956796
2956799
2956800
2956801
2956802
2956803
2956804
2956808
2956809
2956810
2956811
2956812
2956813
2956814
2956815
2956816
2957750
2959429
2959430
2959431
2959432
2959672
2959768
2959776
2959784
2959791
2959801
2959825
2959830
2959849
2959876
2959878
2959908
2959910
2959926
2959945
2959947
2959955
2959976
2959983
2959999
2960002
2960019
2960048
2960058
2960088
2960092
2960140
2960143
2960146
2960190
2960195
2960198
2960207
2960211
2960228
2960251
2960257
2960265
2960280
2960284
2960287
2960337
2960350
2960353
2960360
2960362
2960372
2960393
2960463
2960470
2960486
2960490
2960492
2960496
2960508
2960510
2960516
2960518
2960532
2960544
2960554
2960575
2960584
2960591
2960593
2960609
2960610
2960632
2960636
2960650
2960660
2960679
2960683
2960690
2960744
2960757
2960762
2960776
2960802
2960815
2960834
2960845
2960861
2960885
2960887
2960891
2960903
2960932
2960936
2960950
2960951
2960980
2960983
2961005
2961044
2961046
2961058
2961064
2961073
2961075
2961108
2961128
2961130
2961173
2961189
2961191
2961204
2961221
2961227
2961236
2961251
2961254
2961256
2961265
2961277
2961304
2961317
2961329
2961344
2961356
2961360
2961364
2961365
2961374
2961396
2961416
2961437
2961448
2961456
2961482
2961505
2961508
2961510
2961680
2961681
2961682
2961683
2961684
2961685
2961686
2961687
2961688
2961702
2961703
2961705
2961707
2961708
2961709
2961710
2961711
2961713
2961714
2961718
2961719
2961838
2961839
2961840
2961841
2961842
2961843
2961844
2961845
2961954
2961974
2961975
2961976
2961977
2961978
2961979
2961980
2961981
2961984
2961985
2961987
2961988
2961989
2961990
2961991
2962598
2962599
2962600
2962601
2962747
2962748
2962749
2962750
2962773
2963163
2963164
2963165
2963166
2963167
2963168
2963169
2963170
2963171
2963172
2963173
2963174
2963175
2963176
2963177
2963178
2963179
2963180
2963181
2963182
2963183
2963184
2963185
2963186
2963187
2963188
2963189
2963190
2963191
2963192
2963193
2963194
2963195
2963196
2963197
2963198
2963199
2963200
2963201
2963202
2963203
2963204
2963205
2963206
2963207
2963208
2963209
2963210
2963211
2965058
2965059
2965060
2965061
2965062
2965063
2965179
2965180
2965181
2965182
2965183
2965184
2965185
2965186
2965187
2965188
2965189
2965190
2965191
2965192
2965193
2965194
2965195
2965196
2965197
2965198
2965199
2965200
2965201
2965202
2965203
2965204
2965205
2965206
2965207
2965208
2965209
2965210
2965211
2965212
2965213
2965214
2965215
2965216
2965217
2965218
2965219
2965220
2965221
2965222
2965223
2965224
2965225
2965226
2966440
2966441
2966442
2966443
2966444
2966556
2966625
2966626
2966627
2966628
2967960
2967961
2968245
2968246
2968247
2968248
2968255
2968270
2968370
2968371
2968382
2968431
2968432
2968433
2968434
2968436
2968514
2968515
2968516
2968517
2968518
2968519
2968520
2968521
2968522
2968527
2968528
2968529
2968530
2968531
2968532
2968533
2968534
2968535
2968536
2968537
2968538
2968539
2968540
2968541
2968542
2968543
2968544
2968545
2968546
2968547
2968548
2968549
2968550
2968551
2968552
2968553
2968554
2968555
2968556
2968557
2968558
2968559
2968560
2968561
2968562
2968563
2968564
2968565
2968566
2968567
2968568
2968569
2968570
2968571
2968572
2968573
2968574
2968575
2968576
2968577
2968578
2968579
2968580
2968581
2968582
2968583
2968584
2968585
2968586
2968587
2968588
2968589
2968590
2968591
2968592
2968593
2968594
2968595
2968596
2968597
2968598
2968599
2968600
2968601
2968602
2968603
2968604
2968605
2968606
2968607
2968608
2968609
2968610
2968611
2968612
2968613
2968614
2968615
2968616
2968617
2968618
2968619
2968620
2968621
2968622
2968623
2968624
2968625
2968626
2968627
2968628
2968629
2968630
2968631
2968632
2968633
2968634
2968635
2968636
2968637
2968638
2968639
2968640
2968641
2968642
2968643
2968644
2968645
2968646
2968647
2968648
2968649
2968650
2968651
2968652
2968653
2968654
2968655
2968656
2968657
2968658
2968659
2968660
2968661
2968662
2968663
2968664
2968665
2968666
2968667
2968668
2968669
2968670
2968671
2968672
2968673
2968674
2968675
2968676
2968677
2968678
2968679
2968680
2968681
2968682
2968683
2968684
2968685
2968686
2968687
2968688
2968689
2968690
2968691
2968692
2968693
2968694
2968695
2968696
2968697
2968698
2968699
2968700
2968701
2968702
2968703
2968704
2968705
2968706
2968707
2968708
2968709
2968710
2968711
2968712
2968713
2968714
2968715
2968716
2968717
2968718
2968719
2968720
2968721
2968722
2968723
2968724
2968725
2968726
2968727
2968728
2968729
2968730
2968731
2968732
2968733
2968734
2968735
2968818
2969230
2969231
2969232
2969233
2969234
2969235
2969236
2969237
2969238
2969239
2969240
2969241
2969242
2969243
2969244
2969245
2969246
2969296
2969415
2969416
2969417
2969418
2969419
2969420
2969421
2969422
2969423
2969424
2969425
2969426
2969427
2969428
2969429
2969430
2969432
2969433
2969440
2969441
2969442
2969597
2969602
2969603
2969604
2969605
2969606
2969607
2969608
2969609
2969610
2969611
2969612
2969613
2969614
2969615
2969616
2969617
2969618
2969619
2969639
2969640
2969641
2969642
2969643
2969644
2969645
2969659
2969982
2969983
2969991
2969992
2970321
2970322
2970323
2970324
2970325
2970326
2970333
2970334
2970335
2970336
2970337
2970338
2970348
2970349
2970350
2970351
2970352
2970353
2970354
2970355
2970356
2970483
2970486
2970487
2970488
2970489
2970490
2970491
2970496
2970497
2970507
2970508
2970509
2970510
2970511
2970512
2970513
2970514
2970515
2970516
2970517
2970518
2970519
2970520
2970521
2970522
2970523
2970524
2970525
2970526
2970527
2970528
2970529
2970530
2970907
2970965
2971099
2971100
2971101
2971102
2971103
2971104
2971105
2971106
2971107
2971108
2971109
2971113
2971114
2971115
2971116
2971117
2971118
2971119
2971120
2971121
2971122
2971123
2971124
2971125
2971126
2971127
2971255
2971625
2972140
2972141
2972142
2972143
2972144
2972145
2972146
2972385
2972386
2972387
2972435
2972436
2972437
2972438
2972439
2972440
2972441
2972462
2972463
2972464
2972465
2972467
2972468
2972469
2972470
2972471
2972476
2972490
2972491
2972492
2972493
2972494
2972495
2972496
2972500
2972501
2972502
2972503
2972504
2972506
2972507
2972508
2972509
2972510
2972511
2972512
2972513
2972514
2972515
2972516
2972517
2972532
2972533
2972534
2972535
2972536
2972541
2972748
2972749
2972787
2972788
2972789
2972790
2972791
2972792
2972793
2972794
2972795
2972796
2972797
2972798
2972799
2972800
2972801
2972802
2972803
2972804
2972805
2972806
2972807
2972808
2972809
2972810
2972811
2972812
2972813
2972814
2972815
2972816
2972817
2972818
2972819
2972820
2972821
2972822
2972823
2972824
2972825
2972826
2972827
2972828
2972829
2972830
2972831
2972832
2972833
2972834
2972835
2972836
2972837
2972838
2972839
2972840
2972841
2972842
2972843
2972844
2972845
2972846
2972847
2972848
2972849
2972850
2972851
2972852
2972853
2972854
2972867
2972868
2972869
2972870
2972871
2972872
2972873
2972874
2973486
2973487
2973488
2973489
2973490
2973496
2973497
2973498
2973499
2973500
2973502
2973503
2973522
2973654
2973655
2973659
2973660
2973661
2973662
2973715
2973716
2973717
2973718
2973719
2973720
2973721
2973722
2973723
2973724
2973725
2973726
2973727
2973728
2973924
2973925
2973926
2973927
2974047
2974048
2974049
2974050
2974051
2974052
2974451
2974452
2974453
2974455
2974473
2974726
2974727
2974900
2975007
2975222
2975442
2975529
2975530
2975531
2975532
2975533
2975534
2975535
2975536
2976353
2976424
2976425
2976426
2976427
2976428
2976429
2976430
2976900
2976901
2976943
2976944
2976956
2976977
2977434
2977435
2977436
2977437
2977438
2977439
2977440
2977441
2977442
2977443
2977444
2977445
2977446
2977447
2977448
2977449
2977450
2977451
2977452
2977453
2977454
2977455
2977456
2977457
2977458
2977459
2977460
2977461
2977462
2977463
2977464
2977465
2977466
2977467
2977468
2977469
2977470
2977471
2977472
2977473
2977474
2977475
2977476
2977477
2977478
2977479
2977480
2977481
2977482
2977483
2977484
2977485
2977486
2977487
2977488
2977489
2977490
2977491
2977492
2977493
2977494
2977495
2977496
2977497
2977498
2977794
2977795
2977796
2977797
2977798
2977799
2977800
2977801
2977802
2978124
2978480
2978481
2978482
2978483
2978484
2978485
2978486
2978487
2978488
2978489
2978490
2978491
2978492
2978493
2978494
2978495
2978496
2978497
2978498
2978499
2978500
2978501
2978502
2978503
2978670
2978683
2978919
2978975
2978976
2978977
2978978
2978979
2978980
2978981
2978982
2978983
2979339
2979340
2979341
2979342
2979343
2979344
2979345
2979346
2979347
2979348
2979349
2979350
2979351
2979352
2979353
2979354
2979355
2979356
2979357
2979358
2979359
2979360
2979361
2979362
2979363
2979595
2979596
2979597
2979958
2979959
2979960
2979961
2979962
2979963
2979964
2979965
2979966
2979967
2979968
2979969
2979970
2979971
2979972
2979973
2979974
2979975
2979976
2979977
2979978
2979979
2979980
2979981
2979982
2979983
2979984
2979985
2979986
2980031
2980032
2980033
2980034
2980035
2980036
2980037
2980038
2980039
2980040
2980041
2980042
2980043
2980044
2980045
2980046
2980047
2980048
2980049
2980050
2980051
2980052
2980053
2980054
2980055
2980056
2980057
2980058
2980059
2980060
2980061
2980062
2980063
2980064
2980065
2980066
2980067
2980068
2980069
2980070
2980071
2980072
2980073
2980074
2980075
2980076
2980077
2980078
2980079
2980080
2980081
2980082
2980083
2980084
2980085
2980086
2980087
2980088
2980089
2980400
2980423
2980500
2980503
2980504
2980505
2980552
2980554
2981540
2981541
2981543
2981545
2981546
2981547
2981548
2981549
2981550
2981551
2981552
2981553
2981554
2981564
2981565
2981566
2981567
2981568
2981574
2981577
2981578
2981580
2981581
2981584
2981585
2981586
2981587
2981588
2981625
2981850
2982032
2982033
2982171
2982223
2982224
2982727
2982742
2982834
2982871
2982872
2982875
2982876
2982877
2982878
2982892
2982893
2982894
2982895
2982896
2982897
2982898
2982899
2982901
2982902
2982903
2982904
2982905
2982913
2982914
2982915
2982916
2982917
2982918
2982919
2982920
2982921
2982923
2983321
2983322
2983323
2983324
2983349
2983350
2983351
2983352
2983353
2983354
2983355
2983356
2983357
2983358
2983359
2983360
2983361
2984075
2984217
2984218
2984832
2984833
2984969
2984970
2984971
2984972
2984973
2984974
2984975
2984976
2984977
2984978
2984979
2984980
2984981
2985242
2985243
2985286
2985287
2985293
2985294
2985295
2985308
2985309
2985310
2985311
2985312
2985313
2985314
2985315
2985316
2985317
2985318
2985319
2985320
2985321
2985322
2985323
2985324
2985325
2985326
2985327
2985328
2985329
2985330
2985331
2985443
2985444
2985544
2985545
2985546
2985548
2985549
2985550
2985551
2985552
2985553
2985556
2985557
2985558
2985559
2985560
2985561
2985562
2985563
2985564
2985565
2985566
2985567
2985568
2985569
2985604
2985605
2985606
2985607
2985608
2985609
2985610
2985611
2985612
2985613
2985614
2985615
2985616
2985617
2985618
2985619
2985620
2985621
2985622
2985623
2985624
2985625
2985626
2985627
2985628
2985629
2985630
2985631
2985632
2985645
2985646
2985647
2985648
2985649
2985650
2985651
2985652
2985653
2985654
2985655
2985656
2985657
2985658
2985659
2985660
2985661
2985662
2985663
2985664
2985665
2985666
2985667
2986045
2986080
2986081
2986082
2986083
2986084
2986085
2986086
2986087
2986088
2986089
2986090
2986091
2986092
2986093
2986094
2986141
2986142
2986143
2986144
2986145
2986386
2986394
2986395
2986396
2986397
2986398
2986399
2986400
2986401
2986402
2986403
2986404
2986405
2986406
2986407
2986408
2986409
2986410
2986411
2986412
2986413
2986414
2986415
2986416
2986417
2986418
2986419
2986420
2986505
2986506
2986507
2986508
2986509
2986510
2986511
2986913
2987730
2989509
2989511
2989512
2989513
2989751
2989752
2989753
2989754
2989755
2989756
2989757
2989758
2989759
2989760
2989850
2989853
2989854
2991262
2991282
2991283
2991512
2991513
2991514
2991860
2991861
2991862
2991863
2991864
2991865
2991866
2991867
2992017
2992037
2992157
2992158
2992159
2992160
2992161
2992162
2992576
2992577
2992578
2992639
2992641
2992645
2992777
2992778
2992779
2992780
2992781
2992782
2992783
2992784
2992785
2992786
2992787
2992788
2992789
2992846
2992927
2992928
2992929
2992931
2993106
2993718
2993856
2993857
2993858
2993859
2993860
2993912
2993953
2994038
2994039
2994040
2994041
2994042
2994044
2994045
2994047
2994053
2994055
2994057
2994463
2994676
2994963
2994964
2994995
2994996
2994999
2995115
2995278
2995279
2995280
2995601
2995626
2995628
2995629
2995630
2995631
2995632
2995633
2995634
2995639
2995640
2995678
2995679
2995680
2995681
2995682
2996046
2996047
2996048
2996049
2996053
2996057
2996058
2996059
2996060
2996062
2996063
2996064
2996065
2996070
2996071
2996073
2996074
2996075
2996088
2996089
2996090
2996091
2996092
2996093
2996096
2996101
2996104
2996108
2996109
2996110
2996116
2996118
2996120
2996123
2996149
2996150
2996151
2996153
2996154
2996155
2996156
2996161
2996162
2996175
2996176
2996180
2996182
2996320
2996374
2997395
2997396
2997397
2997398
2997399
2997400
2997401
2997402
2997403
2997404
2997409
2997410
2998095
2998497
2998498
2998499
2998841
2998861
2998886
2998887
2998888
2998889
2998890
2998891
2998892
2998893
2998894
2998979
2998980
2998981
2998982
2998984
2998985
2998986
2998987
2998988
2998989
2998990
2998991
2998992
2998994
2998995
2998996
2998997
2998998
2999012
2999013
2999014
2999015
2999016
2999017
2999018
2999047
2999048
2999049
2999050
2999051
2999052
2999053
2999054
2999055
2999056
2999057
2999079
2999102
2999103
2999104
2999105
2999106
2999280
2999281
3002891
3002892
3003230
3003231
3003232
3003233
3003234
3003235
3003236
3003237
3003240
3003351
3003362
3003363
3003364
3003365
3003366
3003367
3003368
3003369
3003370
3003371
3003372
3003373
3003559
3003584
3003586
3003587
3003612
3003613
3003614
3003615
3003628
3003632
3003633
3003634
3003693
3003694
3003695
3003696
3003697
3003698
3003699
3003700
3003704
3003705
3003706
3003715
3003716
3003717
3003719
3003720
3003725
3003726
3003727
3003728
3003729
3003730
3003731
3003732
3003733
3003734
3003735
3003736
3003737
3003742
3003743
3003744
3003786
3003787
3003788
3003789
3003790
3003794
3003795
3003796
3003797
3003800
3003801
3003808
3003809
3003819
3003820
3003821
3003822
3003823
3003824
3003825
3003826
3003827
3003828
3003829
3003830
3003831
3003832
3003833
3003834
3003835
3003836
3003838
3003839
3003840
3003841
3003842
3004205
3004221
3012326
3012327
3012328
3012329
3014035
3014452
3014808
3014809
3015287
3015288
3015289
3015290
3015291
3015292
3015293
3015294
3015295
3015296
3015297
3015298
3015299
3015300
3015910
3015924
3015925
3016015
3016016
3016017
3016026
3016027
3016028
3016029
3016030
3016031
3016032
3016033
3016034
3016035
3016036
3016037
3016038
3016039
3016040
3016041
3016383
3016384
3016905
3016906
3016938
3016939
3016940
3016941
3016942
3016943
3017068
3017166
3017167
3017168
3017169
3017283
3017287
3017288
3017289
3017290
3017291
3017292
3017297
3017298
3017299
3017300
3017301
3017302
3017303
3017304
3017305
3017306
3017307
3017308
3017309
3017310
3017311
3017312
3017776
3017777
3017778
3017780
3017785
3017786
3017787
3017788
3017790
3017791
3017792
3017793
3017794
3017795
3017796
3017797
3017798
3017799
3017800
3017801
3017802
3018028
3018029
3018283
3018284
3018522
3018523
3018524
3018525
3018526
3018527
3018528
3018529
3018530
3018531
3018631
3018995
3018996
3019005
3019178
3019184
3019185
3019840
3019910
3020045
3020384
3020389
3020390
3020391
3020392
3020393
3020394
3020395
3020396
3020397
3020398
3020399
3020453
3020854
3021017
3021412
3022012
3022055
3022056
3022057
3022451
3022452
3022453
3022454
3022455
3022456
3022457
3022458
3022459
3022460
3022461
3022462
3022905
3023082
3023091
3023092
3023093
3023094
3023095
3023096
3023097
3023098
3023099
3023100
3023101
3023102
3023103
3023104
3023105
3023106
3023107
3023108
3023109
3023110
3023111
3023112
3023113
3023114
3023115
3023340
3023455
3023519
3024148
3024173
3024174
3024175
3024176
3024177
3024178
3024179
3024180
3024181
3024182
3024423
3025308
3025372
3025375
3025402
3025403
3025404
3025408
3025409
3025410
3025411
3025412
3025413
3025418
3025420
3025422
3025423
3025445
3025494
3025622
3026122
3026123
3026124
3026125
3026126
3026127
3026128
3026977
3026978
3026979
3026980
3026981
3026982
3026983
3026984
3026985
3027006
3027007
3027324
3027357
3027584
3027585
3027586
3027587
3027588
3027589
3027590
3027591
3027592
3027599
3027600
3027601
3027602
3027603
3027604
3027605
3027606
3027607
3027608
3027609
3027610
3027611
3027612
3027613
3027614
3027615
3027616
3027617
3027618
3027619
3027620
3027621
3027622
3027623
3027624
3027625
3027626
3027627
3027628
3027629
3027630
3027631
3027632
3027633
3027634
3027635
3027636
3027637
3027638
3027639
3027640
3027641
3027642
3027643
3027644
3027645
3027646
3027647
3027648
3027649
3027650
3027651
3027652
3027653
3027654
3027655
3027656
3027657
3027678
3027679
3027681
3027682
3027683
3027684
3027685
3027686
3027687
3027688
3027689
3027690
3027691
3027692
3027693
3027694
3027695
3027696
3027697
3027698
3027699
3027700
3027701
3027702
3027703
3027704
3027705
3027706
3027707
3027708
3027979
3027980
3027981
3027982
3027985
3028120
3028121
3028122
3028123
3028139
3028140
3028143
3028144
3028151
3028153
3028154
3028161
3028162
3028171
3028172
3028190
3028191
3028192
3028214
3028284
3028449
3028470
3028471
3028472
3028473
3028474
3028475
3028476
3028482
3028483
3028484
3028485
3028486
3028487
3028488
3028489
3028490
3028491
3028492
3028493
3028494
3028495
3028513
3028514
3028515
3028896
3028897
3028898
3028899
3028900
3028901
3028902
3028903
3028904
3028905
3028906
3028907
3028908
3028909
3028910
3028911
3029063
3029064
3029065
3029066
3029067
3029068
3029069
3029070
3029071
3029074
3029265
3029277
3029570
3029571
3029831
3030635
3031237
3031246
3031339
3031940
3031941
3031942
3031943
3031966
3031967
3031968
3031969
3031970
3031971
3031972
3031973
3032256
3032257
3032258
3032259
3032261
3032262
3032263
3032273
3032298
3032299
3032300
3032323
3032324
3032329
3032359
3032369
3032370
3032371
3032373
3032374
3032375
3032376
3032377
3032378
3032379
3032412
3032413
3032414
3032415
3032416
3032418
3032419
3032420
3032421
3032422
3032423
3032448
3032449
3032450
3032451
3032452
3032453
3032454
3032455
3032456
3032457
3032458
3032459
3032460
3032461
3032462
3032918
3032922
3034128
3034231
3034278
3034279
3034280
3034281
3034282
3034283
3034284
3034677
3034680
3034860
3034861
3034862
3034915
3034917
3035367
3035368
3035369
3035370
3035371
3035372
3035373
3035374
3035375
3035376
3035377
3035378
3035379
3035380
3035381
3035382
3035383
3035384
3035385
3035386
3035387
3035388
3035389
3035390
3035391
3035392
3035393
3035394
3035395
3035396
3035397
3035398
3035781
3035800
3035801
3035894
3035931
3035932
3035933
3035936
3035937
3035938
3035939
3035940
3035941
3035942
3035943
3035944
3035945
3035946
3035947
3035948
3035949
3035950
3036680
3036681
3037394
3037395
3037396
3037397
3037398
3037399
3037400
3037703
3038101
3038102
3038103
3038104
3038105
3038106
3038107
3038108
3038109
3038110
3038111
3038112
3038113
3038114
3038115
3038116
3038117
3038118
3038119
3038179
3038180
3038181
3038182
3038183
3038184
3038185
3038186
3038194
3038195
3038196
3038197
3038198
3038199
3038205
3038206
3038207
3038208
3038209
3038210
3038211
3038212
3038214
3038215
3038216
3038217
3038218
3038219
3038220
3038221
3038222
3038223
3038225
3038226
3038227
3038228
3038230
3038232
3038233
3038234
3038235
3038236
3038237
3038238
3038239
3038240
3038244
3038264
3038265
3038266
3038267
3038268
3038269
3038270
3038271
3038273
3038274
3038275
3038276
3038277
3038278
3038279
3038280
3038281
3038282
3038283
3038301
3038302
3038303
3038305
3038306
3038307
3038308
3038309
3038310
3038311
3038312
3038313
3038314
3038315
3038316
3038317
3038318
3038319
3038320
3038321
3038322
3038323
3038324
3038325
3038326
3038327
3038328
3038329
3038330
3038331
3038332
3038333
3038334
3038335
3038336
3038337
3038338
3038339
3038340
3038341
3038342
3038343
3038344
3038345
3038346
3038347
3038348
3038349
3038350
3038351
3038352
3038353
3038354
3038355
3038356
3038357
3038358
3038360
3038361
3038362
3038363
3038364
3038365
3038366
3038367
3038368
3038369
3038370
3038371
3038372
3038373
3038374
3038375
3038376
3038377
3038378
3038379
3038380
3038381
3038382
3038779
3038981
3038982
3038983
3038984
3039823
3040550
3040651
3040652
3040653
3040667
3040668
3040788
3041094
3041205
3041206
3041210
3041358
3041359
3041360
3041361
3041362
3041363
3041443
3041445
3041487
3041488
3041489
3041490
3041491
3041492
3041493
3041494
3041534
3041821
3041822
3042124
3042442
3042444
3043314
3043315
3043316
3043329
3043334
3043335
3043336
3043337
3043421
3043428
3043430
3043431
3043503
3043509
3043512
3043515
3043517
3043562
3043566
3043567
3043568
3043569
3043570
3043571
3043572
3043573
3043574
3043575
3043576
3043577
3043578
3043579
3043580
3043581
3043582
3043583
3043584
3043586
3043587
3043589
3043590
3043591
3043592
3043593
3043619
3043620
3043621
3043662
3043665
3043671
3043677
3043904
3043905
3043906
3043907
3043908
3043909
3043910
3043911
3043912
3043913
3043914
3043915
3043916
3043917
3043918
3043919
3043920
3043921
3043922
3043923
3043924
3043925
3043926
3043927
3043928
3043929
3043930
3043931
3044011
3044021
3044023
3044024
3044025
3044026
3044049
3044050
3044212
3044213
3044217
3044218
3044327
3044328
3044329
3044330
3044332
3044333
3044334
3044428
3044430
3044432
3044454
3044455
3044458
3044459
3044463
3044464
3044465
3044466
3044468
3044473
3044474
3044479
3044481
3044482
3044483
3044597
3044598
3044599
3044627
3044639
3044640
3044641
3044642
3044643
3044644
3044645
3044646
3044647
3044649
3044650
3044651
3044653
3044655
3044659
3044662
3044663
3044665
3044667
3044668
3044670
3044672
3044673
3044675
3044676
3044677
3044679
3044680
3044681
3044682
3044683
3044684
3044685
3044686
3044687
3044689
3044690
3044691
3044692
3044694
3044695
3044696
3044697
3044699
3044700
3044703
3044705
3044706
3044707
3044708
3044709
3044710
3044711
3044712
3044713
3044714
3044715
3044716
3044717
3044718
3044720
3044721
3044723
3044724
3044725
3044726
3044729
3044730
3044731
3044733
3044734
3044735
3044738
3044739
3044741
3044742
3044744
3044745
3044746
3044748
3044749
3044750
3044751
3044752
3044753
3044754
3044755
3044756
3044757
3044758
3044763
3044764
3044765
3044766
3044767
3044768
3044769
3044770
3044771
3044772
3044773
3044774
3044775
3044776
3044777
3044779
3044780
3044785
3044786
3044787
3044788
3044789
3044790
3044791
3044792
3044793
3044795
3044796
3044798
3044799
3044803
3044804
3044806
3044807
3044810
3044812
3044813
3044814
3044815
3044816
3044817
3044819
3044820
3044821
3044822
3044823
3044824
3044825
3044826
3044827
3044828
3044829
3044830
3044831
3044832
3044833
3044834
3044835
3044836
3044837
3044838
3044840
3044844
3044845
3044846
3044847
3044848
3044849
3044850
3044852
3044853
3044854
3044855
3044856
3044857
3044858
3044859
3044861
3044863
3044864
3044866
3044867
3044868
3044869
3044870
3044880
3045168
3045169
3045170
3045171
3045362
3045778
3046263
3046275
3046431
3046606
3046621
3046814
3046815
3046816
3046817
3046818
3046819
3046820
3046821
3046822
3046823
3047036
3047163
3047171
3047172
3047173
3047527
3047537
3048132
3048686
3049138
3049197
3049362
3049363
3049364
3049365
3049366
3049367
3049368
3049369
3049370
3049371
3049372
3049674
3049675
3049681
3049951
3049963
3049988
3050039
3050231
3050235
3050236
3050237
3050238
3050367
3050368
3050369
3050405
3050406
3050407
3050629
3050704
3051099
3051100
3051101
3051102
3051505
3051762
3051763
3051764
3051765
3051766
3051767
3052187
3052245
3052361
3052757
3052768
3053249
3053250
3053254
3053255
3053256
3053257
3053258
3053259
3053378
3053379
3053430
3053431
3053432
3053433
3053434
3053435
3053436
3053437
3053438
3053439
3053440
3053441
3053442
3053480
3053650
3053652
3053653
3053654
3053731
3053732
3053733
3053734
3053735
3053736
3053737
3053861
3053862
3053863
3053864
3053870
3053871
3053872
3053873
3053874
3053875
3053876
3053877
3053878
3053879
3053880
3053881
3053882
3054435
3054861
3054915
3054942
3055041
3055449
3055450
3055872
3055873
3056110
3056111
3056112
3056113
3056114
3056115
3056116
3056163
3056165
3056211
3056214
3056215
3056216
3056217
3056218
3056219
3056220
3056221
3056222
3056223
3056224
3056225
3056226
3056227
3056228
3056357
3056358
3056365
3056366
3056368
3056369
3056377
3056378
3056379
3056380
3056388
3056389
3056390
3056391
3056392
3056393
3056394
3056395
3056396
3056397
3056398
3056399
3056400
3056401
3056402
3056403
3056404
3056405
3056485
3056489
3056490
3056491
3056492
3056594
3056595
3056596
3056597
3056598
3056599
3056600
3056601
3056602
3056603
3056604
3056606
3056646
3057492
3057969
3057970
3058402
3058626
3058627
3058783
3058784
3058828
3058839
3058943
3058947
3058956
3058957
3058958
3058959
3058960
3058961
3058962
3058969
3058994
3059064
3059065
3059066
3059067
3059191
3059231
3059232
3059233
3059238
3059248
3059436
3059437
3059666
3059687
3059688
3059689
3059690
3059692
3059694
3059695
3059696
3059697
3059699
3059700
3059701
3059702
3059703
3059704
3059705
3059706
3059707
3059708
3059709
3059729
3059730
3059732
3059738
3059739
3059741
3059742
3059743
3059744
3059745
3059746
3059747
3059748
3059749
3059753
3059755
3059758
3059759
3059760
3059761
3059762
3059763
3059764
3059765
3059766
3059767
3059768
3059769
3059770
3059771
3059778
3059779
3059780
3059781
3059789
3059793
3059794
3059795
3059796
3059797
3059798
3059799
3059800
3059801
3059802
3059803
3059804
3059805
3059806
3059807
3059808
3059809
3059810
3059811
3059812
3059813
3059814
3059815
3059816
3059817
3059818
3059819
3059820
3059821
3059822
3059823
3059825
3059832
3059833
3059834
3059835
3059836
3059837
3059838
3059839
3059841
3059842
3059843
3059844
3059845
3059846
3059847
3059848
3059849
3059850
3059852
3059853
3059854
3059855
3059856
3059873
3059874
3059892
3059893
3059894
3059900
3059903
3059905
3059906
3059907
3059908
3059910
3059911
3059912
3059913
3059961
3059963
3059965
3059970
3059971
3059972
3059973
3059974
3059975
3059976
3059977
3059983
3059984
3059985
3059986
3059987
3059990
3059992
3059993
3059994
3059995
3059996
3059998
3059999
3060000
3060001
3060003
3060007
3060008
3060009
3060010
3060011
3060012
3060013
3060016
3060018
3060020
3060021
3060024
3060025
3060026
3060027
3060033
3060034
3060038
3060039
3060040
3060044
3060045
3060046
3060049
3060050
3060051
3060052
3060053
3060055
3060058
3060059
3060060
3060061
3060062
3060064
3060067
3060068
3060069
3060071
3060072
3060073
3060074
3060076
3060077
3060078
3060079
3060080
3060081
3060082
3060083
3060084
3060163
3060164
3060165
3060166
3060167
3060168
3060170
3060171
3060172
3060173
3060175
3060177
3060183
3060185
3060186
3060187
3060188
3060190
3060191
3060192
3060193
3060303
3060305
3060306
3060307
3060309
3060310
3060313
3060314
3060315
3060316
3060317
3060318
3060319
3060320
3060321
3060322
3060323
3060324
3060325
3060326
3060327
3060328
3060329
3060330
3060331
3060332
3060333
3060334
3060335
3060337
3060338
3060339
3060340
3060341
3060342
3060343
3060344
3060345
3060346
3060347
3060348
3060349
3060350
3060351
3060352
3060353
3060354
3060355
3060356
3060357
3060358
3060359
3060360
3060361
3060362
3060363
3060364
3060365
3060366
3060367
3060368
3060369
3060370
3060371
3060372
3060373
3060374
3060375
3060376
3060377
3060378
3060379
3060380
3060381
3060382
3060383
3060384
3060385
3060386
3060387
3060388
3060389
3060390
3060391
3060392
3060393
3060394
3060395
3060396
3060397
3060398
3060399
3060400
3060401
3060402
3060404
3060405
3060406
3060413
3060414
3060415
3060416
3060418
3060419
3060420
3060421
3060423
3060424
3060425
3060426
3060427
3060428
3060429
3060430
3060431
3060433
3060434
3060435
3060436
3060461
3060510
3060511
3060512
3060513
3060514
3060515
3060516
3060517
3060518
3060519
3060520
3060521
3060522
3060523
3060524
3060525
3060528
3060529
3060540
3060549
3060550
3060551
3060623
3060624
3060625
3060626
3060627
3060628
3060629
3060630
3060634
3060635
3060636
3060637
3060638
3060639
3060640
3060641
3060642
3060649
3060650
3060651
3060664
3060665
3060667
3060668
3060669
3060671
3060672
3060673
3060676
3060678
3060679
3060680
3060690
3060691
3060692
3060695
3060696
3060697
3060698
3060699
3060700
3060701
3060702
3060703
3060704
3060705
3060706
3060710
3060713
3060714
3060715
3060716
3060717
3060719
3060720
3060721
3060722
3060723
3060724
3060725
3060726
3060728
3060729
3060741
3060742
3060743
3060744
3060747
3060748
3060749
3060750
3060751
3060752
3060753
3060754
3060755
3060774
3060775
3060776
3060777
3060778
3060779
3060780
3060781
3060782
3060783
3060784
3060796
3060797
3060802
3060803
3060804
3060805
3060806
3060807
3060808
3060809
3060810
3060811
3060812
3060813
3060814
3060815
3060816
3060818
3060820
3060821
3060822
3060823
3060825
3060826
3060827
3060828
3060829
3060830
3060959
3060961
3061015
3061041
3061042
3061070
3061174
3061231
3061287
3061288
3061294
3061295
3061297
3061299
3061300
3061301
3061309
3061310
3061622
3061624
3061633
3061645
3061759
3061950
3061951
3061952
3061953
3061954
3061955
3061956
3061985
3061986
3061987
3061988
3061992
3061993
3061994
3062015
3062017
3062018
3062021
3062022
3062497
3062821
3062822
3062823
3062824
3062825
3062826
3062829
3062830
3062831
3062832
3062833
3062834
3062835
3062836
3062837
3062838
3062839
3062840
3062841
3062842
3062843
3062844
3062845
3063959
3063960
3064240
3064241
3064242
3064292
3064294
3064391
3064967
3064968
3065165
3065166
3065167
3065242
3065243
3065244
3065246
3065247
3065248
3065249
3065250
3065251
3065252
3065253
3065254
3065255
3065256
3065257
3065258
3065259
3065398
3065399
3065400
3065407
3065408
3065409
3065410
3065411
3065412
3065413
3065414
3065415
3065416
3065417
3065418
3065419
3065420
3065421
3065430
3065431
3065432
3065691
3065692
3065693
3065694
3065695
3065696
3065697
3065698
3065699
3065700
3065701
3065702
3065703
3065704
3067296
3068252
3068253
3068353
3068354
3068355
3068356
3068357
3068358
3068359
3068360
3068361
3068362
3068363
3068364
3068365
3068397
3068537
3068605
3068815
3068816
3068817
3068818
3068822
3068993
3069117
3069505
3069506
3069507
3069508
3069509
3069510
3069511
3069512
3069513
3069514
3069515
3069516
3069517
3069518
3069519
3069686
3069691
3069975
3069976
3070119
3070170
3070171
3070172
3070299
3070616
3070618
3070619
3070620
3070621
3070622
3070623
3070624
3070625
3070626
3070627
3070628
3070631
3070807
3070808
3070809
3070820
3070925
3071005
3071007
3071194
3071195
3071196
3071197
3071280
3071296
3071316
3071317
3071318
3071320
3071321
3071322
3071323
3071324
3071533
3071552
3071553
3071554
3071555
3071556
3071557
3071558
3071559
3071560
3071561
3071562
3071563
3071564
3071565
3071606
3071607
3071608
3071609
3071610
3071611
3071612
3071613
3071614
3071615
3071616
3071617
3071618
3071619
3071620
3071621
3071622
3071623
3071624
3071625
3071626
3071627
3071628
3071629
3071630
3071631
3071632
3071633
3071634
3071635
3071636
3071637
3071638
3071639
3071640
3071641
3071642
3071643
3071644
3071645
3071646
3071647
3071648
3071649
3071650
3071651
3071652
3071653
3071654
3071655
3071656
3071657
3071658
3071659
3071660
3071661
3071662
3071663
3071664
3071665
3071666
3071667
3071668
3071669
3071670
3071671
3071672
3071673
3071674
3071675
3071676
3071677
3071678
3071679
3071680
3071681
3072189
3072190
3072191
3072192
3072193
3072194
3072195
3072303
3072801
3072829
3072830
3072831
3072832
3072833
3072834
3072835
3072836
3072837
3072838
3072839
3072840
3072841
3072842
3072843
3072844
3072845
3072846
3072847
3072848
3072849
3072850
3073016
3073017
3073018
3073024
3073028
3073039
3073040
3073043
3073044
3073046
3073059
3073069
3073608
3073745
3073746
3073747
3073748
3073884
3073885
3073886
3073943
3073945
3073995
3073996
3074122
3074381
3074390
3074391
3074392
3074393
3074485
3074486
3074487
3074488
3074489
3074490
3074491
3074492
3074510
3074511
3074512
3074513
3074514
3074515
3074516
3074517
3074518
3074519
3074520
3074521
3074522
3074523
3074524
3074525
3074526
3074527
3074528
3074529
3074530
3074531
3074845
3074846
3074847
3074848
3074924
3075035
3075036
3075041
3075042
3075043
3075061
3075062
3075065
3075066
3075067
3075068
3075069
3075070
3075071
3075072
3075073
3075074
3075075
3075076
3075077
3075078
3075079
3075080
3075081
3075087
3075088
3075089
3075094
3075095
3075107
3075108
3075109
3075110
3075128
3075129
3075130
3075135
3075136
3075142
3075143
3075144
3075145
3075146
3075157
3075158
3075159
3075160
3075161
3075162
3075163
3075164
3075165
3075166
3075167
3075168
3075169
3075170
3075171
3075172
3075173
3075174
3075175
3075176
3075177
3075178
3075179
3075180
3075181
3075182
3075183
3075184
3075185
3075186
3075187
3075188
3075189
3075190
3075191
3075192
3075193
3075320
3075345
3075373
3075442
3075443
3075444
3075854
3075855
3075856
3075857
3075860
3075862
3075865
3075866
3075925
3075937
3075938
3075950
3075951
3075953
3075954
3075955
3075956
3075957
3075958
3075959
3075960
3075980
3076127
3076128
3076129
3076135
3076136
3076137
3076194
3076548
3076561
3076562
3076563
3076564
3076565
3076566
3076567
3076568
3076569
3076570
3076571
3076572
3076573
3076574
3076575
3076576
3076577
3076578
3076579
3076580
3076581
3076582
3076583
3076584
3076585
3076586
3076587
3076588
3076589
3076590
3076591
3076592
3076593
3076594
3076595
3076596
3076597
3076598
3076599
3076600
3076601
3076602
3076780
3076781
3076785
3076786
3076787
3076790
3076791
3076793
3076795
3076796
3076797
3076798
3076800
3076801
3076807
3076808
3076809
3076810
3076812
3076816
3076817
3076818
3076819
3076820
3076821
3076822
3076823
3076824
3076825
3077114
3077115
3077116
3077134
3077135
3077141
3077142
3077143
3077144
3077145
3077146
3077147
3077148
3077150
3077152
3077153
3077154
3077155
3077156
3077157
3077158
3077159
3077160
3077161
3077162
3077163
3077164
3077165
3077166
3077167
3077168
3077169
3077170
3077171
3077172
3077173
3077174
3077175
3077176
3077177
3077179
3077180
3077242
3077243
3077244
3077245
3077246
3077247
3077248
3077249
3077250
3077251
3077252
3077253
3077254
3077255
3077256
3077257
3077258
3077259
3077260
3077261
3077262
3077263
3077264
3077265
3077266
3077267
3077268
3077269
3077270
3077271
3077272
3077273
3077274
3077281
3077593
3077594
3077595
3077596
3077597
3077598
3077599
3077600
3077601
3077602
3077603
3077604
3077790
3077791
3077792
3077793
3077794
3077795
3077796
3077797
3077798
3077799
3077800
3077801
3077802
3077803
3077804
3077805
3077806
3077807
3077808
3077809
3077810
3077811
3077812
3077813
3077814
3077815
3077816
3077817
3077818
3077819
3077820
3077821
3077822
3077823
3077824
3077825
3077826
3077827
3077828
3077829
3078229
3078569
3078570
3078571
3078572
3078573
3078574
3078575
3078576
3078577
3078578
3078579
3078580
3078665
3079057
3079517
3079518
3079519
3079520
3079521
3079522
3079523
3079524
3079525
3079526
3079527
3079528
3079529
3079530
3079557
3079558
3079559
3079560
3079561
3079562
3079563
3079564
3079565
3079566
3079567
3079568
3079569
3079570
3079571
3079572
3079573
3079574
3079576
3079577
3079578
3079579
3079580
3079581
3079582
3079583
3079584
3079585
3079586
3079587
3079597
3079598
3079599
3079600
3079601
3079602
3079603
3079604
3079605
3079606
3079607
3079608
3079609
3079656
3079657
3079663
3079664
3079665
3079683
3079684
3079686
3079687
3079971
3080649
3080650
3080651
3080769
3080770
3081160
3081619
3081810
3081813
3081985
3081986
3082137
3082138
3082139
3082140
3082141
3082142
3082143
3082395
3082396
3082577
3082694
3082768
3082771
3082892
3082893
3083271
3084248
3084249
3084250
3084251
3084962
3084963
3084964
3084965
3085092
3085656
3085752
3086114
3086115
3086116
3086117
3086118
3086119
3086120
3086121
3086125
3086126
3086127
3086128
3086129
3086130
3086131
3086132
3086134
3086988
3087168
3088121
3088339
3088340
3088341
3088342
3088876
3088877
3088885
3088886
3088887
3090671
3090672
3090673
3090677
3090678
3090679
3090680
3090775
3090776
3090777
3090778
3090829
3090830
3090831
3090859
3090860
3092169
3092170
3092174
3092175
3092176
3092177
3092178
3092179
3092208
3092209
3092266
3092267
3092268
3092332
3092344
3092518
3092519
3092520
3092521
3092522
3092523
3092524
3092525
3092526
3092527
3092552
3092553
3092555
3092556
3092557
3092583
3092584
3092589
3092590
3092591
3092592
3092593
3092594
3092595
3092596
3092597
3092598
3092599
3092600
3092601
3092602
3092603
3092604
3092605
3092638
3092639
3092641
3092642
3092670
3092671
3092672
3092752
3092753
3092754
3093639
3093644
3093645
3093646
3093647
3093648
3093649
3093650
3093730
3093731
3093732
3093841
3093887
3093888
3093889
3093890
3093891
3093892
3093914
3093916
3093917
3093924
3093925
3093926
3093927
3093928
3093929
3093930
3093932
3093933
3093937
3093939
3093940
3093941
3093946
3093947
3093950
3093951
3093952
3093953
3093954
3093955
3093956
3093957
3093961
3093962
3093963
3093964
3093965
3093966
3093967
3093968
3093969
3093970
3093971
3093972
3093973
3093974
3093975
3093976
3093977
3093978
3093979
3093980
3093981
3093982
3093983
3093984
3094169
3094170
3094171
3094172
3094173
3094174
3094175
3094176
3094177
3094178
3094179
3094180
3094181
3094182
3094183
3094184
3094185
3094186
3094187
3094188
3094189
3094190
3094191
3094192
3094193
3094194
3094195
3094196
3094197
3094198
3094199
3094200
3094201
3094202
3094203
3094204
3094205
3094206
3094207
3094208
3094209
3094210
3094211
3094212
3094213
3094214
3094215
3094216
3094217
3094218
3094219
3094220
3094221
3094222
3094223
3094224
3094225
3094226
3094227
3094228
3094229
3094230
3094231
3094232
3094233
3094234
3094235
3094236
3094237
3094238
3094239
3094240
3094241
3094242
3094243
3094244
3094245
3094246
3094247
3094248
3094249
3094250
3094251
3094252
3094253
3094254
3094255
3094256
3094257
3094258
3094259
3094260
3094261
3094262
3094263
3094264
3094265
3094266
3094267
3094268
3094269
3094270
3094271
3094272
3094273
3094274
3094275
3094276
3094277
3094278
3094279
3094280
3094281
3094282
3094845
3094853
3094854
3094855
3094918
3095168
3095171
3095414
3095669
3095964
3096003
3096073
3096078
3096122
3096123
3096133
3096134
3096138
3096139
3096140
3096141
3096143
3096144
3096145
3096146
3096147
3096148
3096149
3096150
3096151
3096152
3096153
3096167
3096168
3096169
3096170
3096171
3096172
3096173
3096174
3096258
3096622
3096983
3096984
3096985
3096986
3096999
3097000
3097001
3097002
3097003
3097004
3097005
3097006
3097007
3097008
3097009
3097010
3097011
3097012
3097013
3097436
3097437
3097439
3097440
3097441
3097442
3097443
3097444
3097445
3097456
3097457
3097458
3097467
3097468
3097469
3097470
3097471
3097472
3097473
3097474
3097475
3097476
3097477
3097491
3098249
3098250
3098251
3098252
3098253
3098254
3098255
3098256
3098257
3098258
3098259
3098260
3098261
3098262
3098263
3098264
3098265
3098266
3098267
3098268
3098269
3098270
3098271
3098272
3098273
3098274
3098275
3098276
3098277
3098278
3098279
3098280
3098281
3098282
3098283
3098284
3098285
3098286
3099820
3099825
3099827
3099830
3099832
3099841
3099843
3099845
3099846
3099848
3099849
3099851
3099864
3099867
3099878
3099881
3099891
3099894
3099897
3099902
3099903
3099913
3099915
3099916
3099917
3099918
3099923
3099946
3099947
3099956
3099962
3099965
3099966
3099973
3099977
3101556
3101557
3101558
3101559
3101560
3101595
3101596
3101597
3101598
3101599
3101600
3101601
3101602
3101603
3101604
3101605
3101606
3101607
3101608
3101609
3101610
3101611
3101612
3101613
3101614
3101615
3101616
3101617
3101618
3101619
3101620
3101621
3101622
3101665
3102657
3102707
3102713
3103121
3104531
3104775
3104776
3104777
3104778
3104779
3104780
3104781
3104782
3104783
3104784
3104785
3104786
3104787
3104788
3104789
3104790
3104791
3104792
3104793
3104794
3104795
3104796
3104797
3104798
3104799
3104800
3104801
3104802
3104803
3104804
3104805
3104806
3104807
3104808
3104809
3104810
3104811
3104812
3104813
3104814
3104815
3104816
3104817
3104818
3104819
3104820
3104821
3104822
3104823
3104824
3104825
3104826
3104827
3104828
3104829
3104830
3104831
3104832
3104833
3104834
3104835
3104836
3104837
3104838
3104839
3104840
3104841
3104842
3104843
3104844
3104845
3104846
3104847
3104848
3104849
3104850
3104851
3104852
3104853
3104854
3104855
3104856
3104857
3104858
3104859
3104860
3104861
3104862
3104863
3104864
3104865
3104866
3104867
3104868
3104869
3104870
3104871
3104872
3104873
3104874
3104875
3104876
3104877
3104878
3104879
3104880
3104881
3104882
3104883
3104884
3104885
3104886
3104887
3104888
3104889
3104890
3104891
3104892
3104893
3104894
3104895
3104896
3104897
3104898
3104899
3104900
3104901
3104902
3104903
3104904
3104905
3104906
3104907
3104908
3104909
3104910
3104911
3104912
3104913
3104914
3104915
3104916
3104917
3104918
3104919
3104920
3104921
3104922
3104923
3104924
3104925
3104926
3104927
3104928
3104929
3104930
3104931
3104932
3104933
3104934
3104935
3104936
3104937
3104938
3104939
3104940
3104941
3104942
3104943
3104944
3104945
3104946
3104947
3104948
3104949
3104950
3104951
3104952
3104953
3104954
3104955
3104956
3104957
3104958
3104959
3104960
3104961
3104962
3104963
3104964
3104965
3104966
3104967
3104968
3104969
3104970
3104971
3104972
3104973
3104974
3104975
3104976
3104977
3104978
3104979
3104980
3104981
3104982
3104983
3104984
3104985
3104986
3104987
3104988
3104989
3104990
3104991
3104992
3104993
3104994
3104995
3104996
3104997
3104998
3104999
3105000
3105001
3105002
3105003
3105004
3105005
3105006
3105007
3105008
3105009
3105010
3105011
3105012
3105013
3105014
3105015
3105016
3105017
3105018
3105019
3105020
3105021
3105022
3105023
3105024
3105025
3105026
3105027
3105028
3105029
3105030
3105031
3105032
3105033
3105034
3105035
3105036
3105037
3105038
3105039
3105040
3105041
3105042
3105043
3105044
3105045
3105046
3105047
3105048
3105049
3105050
3105051
3105052
3105053
3105054
3105055
3105056
3105057
3105058
3105059
3105060
3105061
3105062
3105063
3105064
3105065
3105066
3105067
3105068
3105069
3105070
3105071
3105072
3105073
3105074
3105075
3105076
3105077
3105078
3105079
3105080
3105081
3105082
3105083
3105084
3105085
3105086
3105087
3105088
3105089
3105090
3105091
3105092
3105093
3105094
3105095
3105096
3105097
3105098
3105099
3105100
3105101
3105102
3105103
3105104
3105105
3105106
3105107
3105108
3105109
3105110
3105111
3105112
3105113
3105114
3105115
3105116
3105117
3105118
3105119
3105120
3105121
3105122
3105123
3105124
3105125
3105126
3105127
3105128
3105129
3105130
3105131
3105132
3105133
3105134
3105135
3105136
3105137
3105138
3105139
3105140
3105141
3105142
3105143
3105144
3105145
3105146
3105147
3105148
3105149
3105150
3105151
3105152
3105153
3105154
3105155
3105156
3105157
3105158
3105159
3105160
3105161
3105162
3105163
3105164
3105165
3105166
3105167
3105168
3105169
3105170
3105171
3105172
3105173
3105174
3105175
3105176
3105177
3105178
3105179
3105180
3105181
3105182
3105183
3105184
3105185
3105186
3105187
3105188
3105189
3105190
3105191
3105192
3105193
3105194
3105195
3105196
3105197
3105198
3105199
3105200
3105201
3105202
3105203
3105204
3105205
3105206
3105207
3105208
3105209
3105210
3105211
3105212
3105213
3105214
3105215
3105216
3105217
3105218
3105219
3105220
3105221
3105222
3105223
3105224
3105225
3105226
3105227
3105228
3105229
3105230
3105231
3105232
3105233
3105234
3105235
3105236
3105237
3105238
3105239
3105240
3105241
3105242
3105243
3105244
3105245
3105246
3105247
3105248
3105249
3105250
3105251
3105252
3105253
3105254
3105255
3105256
3105257
3105258
3105259
3105260
3105261
3105262
3105263
3105264
3105265
3105266
3105267
3105268
3105269
3105270
3105271
3105272
3105273
3105274
3105275
3105276
3105277
3105278
3105279
3105280
3105281
3105282
3105283
3105284
3105285
3105286
3105287
3105288
3105289
3105290
3105291
3105292
3105293
3105294
3105295
3105296
3105297
3105298
3105299
3105300
3105301
3105302
3105303
3105304
3105305
3105306
3105307
3105308
3105309
3105310
3105311
3105312
3105313
3105314
3105315
3105316
3105317
3105318
3105319
3105320
3105321
3105322
3105323
3105324
3105325
3105326
3105327
3105328
3105329
3105330
3105331
3105332
3105333
3105334
3105335
3105336
3105337
3105338
3105339
3105340
3105341
3105342
3105343
3105344
3105345
3105346
3105347
3105348
3105349
3105350
3105351
3105352
3105353
3105354
3105355
3105356
3105357
3105358
3105359
3105360
3105361
3105362
3105363
3105364
3105365
3105366
3105367
3105368
3105369
3105370
3105371
3105372
3105373
3105374
3105375
3105376
3105377
3105378
3105379
3105380
3105381
3105382
3105383
3105384
3105385
3105386
3105387
3105388
3105389
3105390
3105391
3105392
3105393
3105394
3105395
3105396
3105397
3105398
3105399
3105400
3105401
3105402
3105403
3105404
3105405
3105406
3105407
3105408
3105409
3105410
3105411
3105412
3105413
3105414
3105415
3105416
3105417
3105418
3105419
3105420
3105421
3105422
3105423
3105424
3105425
3105426
3105427
3105428
3105429
3105430
3105431
3105432
3105433
3105434
3105435
3105436
3105437
3105438
3105439
3105440
3105441
3105442
3105443
3105444
3105445
3105446
3105447
3105448
3105449
3105450
3105451
3105452
3105453
3105454
3105455
3105456
3105457
3105458
3105459
3105460
3105461
3105462
3105463
3105464
3105465
3105466
3105467
3105468
3105469
3105470
3105471
3105472
3105473
3105474
3105475
3105476
3105477
3105478
3105479
3105480
3105481
3105482
3105483
3105484
3105485
3105486
3105487
3105488
3105489
3105490
3105491
3105492
3105493
3105494
3105495
3105496
3105497
3105498
3105499
3105500
3105501
3105502
3105503
3105504
3105505
3105506
3105507
3105508
3105509
3105510
3105511
3105512
3105513
3105514
3105515
3105516
3105517
3105518
3105519
3105520
3105521
3105522
3105523
3105524
3105525
3105526
3105527
3105528
3105529
3105530
3105531
3105532
3105533
3105534
3105535
3105536
3105537
3105538
3105539
3105540
3105541
3105542
3105543
3105544
3105545
3105546
3105547
3105548
3105549
3105550
3105551
3105552
3105553
3105554
3105555
3105556
3105557
3105558
3105559
3105560
3105561
3105562
3105563
3105564
3105565
3105566
3105567
3105568
3105569
3105570
3105571
3105572
3105573
3105574
3105575
3105576
3105577
3105578
3105579
3105580
3105581
3105582
3105583
3105584
3105585
3105586
3105587
3105588
3105589
3105590
3105591
3105592
3105593
3105594
3105595
3105596
3105597
3105598
3105599
3105600
3105601
3105602
3105603
3105604
3105605
3105606
3105607
3105608
3105609
3105610
3105611
3105612
3105613
3105614
3105615
3105616
3105617
3105618
3105619
3105620
3105621
3105622
3105623
3105624
3105625
3105626
3105627
3105628
3105629
3105630
3105631
3105632
3105633
3105634
3105635
3105636
3105637
3105638
3105639
3105640
3105641
3105642
3105643
3105644
3105645
3105646
3105647
3105648
3105649
3105650
3105651
3105652
3105653
3105654
3105655
3105656
3105657
3105658
3105659
3105660
3105661
3105662
3105663
3105664
3105665
3105666
3105667
3105668
3105669
3105670
3105671
3105672
3105673
3105674
3105675
3105676
3105677
3105678
3105679
3105680
3105681
3105682
3105683
3105684
3105685
3105686
3105687
3105688
3105689
3105690
3105691
3105692
3105693
3105694
3105695
3105696
3105697
3105698
3105699
3105700
3105701
3105702
3105703
3105704
3105705
3105706
3105707
3105708
3105709
3105710
3105711
3105712
3105713
3105714
3105715
3105716
3105717
3105718
3105719
3105720
3105721
3105722
3105723
3105724
3105725
3105726
3105727
3105728
3105729
3105730
3105731
3105732
3105733
3105734
3105735
3105736
3105737
3105738
3105739
3105740
3105741
3105742
3105743
3105744
3105745
3105746
3105747
3105748
3105749
3105750
3105751
3105752
3105753
3105754
3105755
3105756
3105757
3105758
3105759
3105760
3105761
3105762
3105763
3105764
3105765
3105766
3105767
3105768
3105769
3105770
3105771
3105772
3105773
3105774
3105775
3105776
3105777
3105778
3105779
3105780
3105781
3105782
3105783
3105784
3105785
3105786
3105787
3105788
3105789
3105790
3105791
3105792
3105793
3105794
3105795
3105796
3105797
3105798
3105799
3105800
3105801
3105802
3105803
3105804
3105805
3105806
3105807
3105808
3105809
3105810
3105811
3105812
3105813
3105814
3105815
3105816
3105817
3105818
3108087
3108088
3108091
3108092
3108093
3108094
3108095
3108096
3108097
3108099
3108100
3108101
3108102
3108103
3108104
3108105
3108106
3108107
3108108
3108109
3108110
3108111
3108112
3108113
3108114
3108115
3108116
3108117
3108118
3108119
3108120
3108121
3108122
3108123
3108124
3108125
3108126
3108127
3108128
3108129
3108130
3108131
3108132
3108133
3108134
3108135
3108136
3108137
3108138
3108139
3108140
3108141
3108142
3108143
3108144
3108145
3108146
3108147
3108148
3108149
3108150
3108151
3108152
3108153
3108154
3108155
3108156
3108157
3108158
3108159
3108160
3108161
3108162
3108904
3108924
3108947
3108949
3108950
3108955
3108958
3108981
3109000
3109218
3109219
3109224
3109225
3109226
3109227
3109228
3109229
3109398
3109399
3109400
3109401
3109402
3109403
3109404
3109631
3109632
3109633
3109634
3109635
3109636
3109637
3109638
3109639
3109640
3109641
3109642
3109643
3109644
3109645
3109646
3109647
3109648
3109649
3109650
3109651
3109652
3109653
3109654
3109655
3109656
3109657
3109658
3109659
3109660
3109661
3109662
3109663
3109664
3109665
3109666
3109667
3109668
3109669
3109670
3109671
3109672
3109673
3109674
3109675
3109676
3109677
3109678
3109679
3109680
3109681
3109682
3109683
3109684
3109685
3109686
3109687
3109688
3109689
3109690
3109691
3109692
3109693
3109694
3109695
3109696
3109697
3109698
3109699
3109700
3109701
3109702
3109703
3109704
3109705
3109706
3109707
3109708
3109709
3109710
3109711
3109712
3109713
3109714
3109715
3109716
3109717
3109718
3109719
3109748
3109912
3109995
3109996
3109997
3109998
3110067
3110108
3110411
3110414
3110415
3110416
3110417
3110418
3110419
3110481
3110483
3110484
3110486
3110506
3110507
3110508
3110509
3110514
3110515
3110516
3110517
3110518
3110525
3110526
3110527
3110530
3110532
3110533
3110534
3110543
3110544
3110545
3110546
3110548
3110550
3110551
3110552
3110553
3110554
3110555
3110777
3110778
3110780
3110879
3110880
3110882
3110883
3111469
3111733
3111803
3111804
3111805
3111806
3111807
3111808
3111819
3111820
3111821
3111822
3111823
3111824
3112592
3112667
3113011
3113346
3113348
3113349
3113350
3113351
3113352
3113353
3113354
3113356
3113357
3113358
3113359
3113360
3113372
3113373
3113379
3113380
3113381
3113382
3113383
3113384
3113385
3113386
3113387
3113388
3113389
3113390
3113391
3113392
3113393
3113394
3113395
3113396
3113397
3113398
3113399
3113400
3113401
3113402
3113403
3113404
3113405
3113406
3113407
3113408
3113409
3113410
3113411
3113412
3113413
3113414
3113415
3113416
3113417
3113418
3113419
3113420
3113421
3113422
3113423
3113424
3113425
3113426
3113427
3113428
3113429
3113430
3113431
3113432
3113433
3113434
3113435
3113436
3113437
3113438
3113439
3113440
3113441
3113442
3113443
3113444
3113445
3113446
3113447
3113448
3113449
3113450
3113451
3113452
3113453
3113454
3113455
3113456
3113457
3113458
3113459
3113460
3113461
3113462
3113463
3113464
3113465
3113466
3113467
3113468
3113469
3113470
3113471
3113472
3113473
3113474
3113475
3113476
3113477
3113478
3113479
3113480
3113481
3113482
3113483
3113484
3113485
3113486
3113487
3113488
3113489
3113490
3113491
3113492
3113493
3113494
3113495
3113496
3113497
3113498
3113499
3113500
3113501
3113502
3113503
3113504
3113505
3113506
3113507
3113508
3113509
3113510
3113511
3113512
3113513
3113514
3113515
3113516
3113517
3113518
3113519
3113520
3113521
3113522
3113523
3113524
3113525
3113526
3113527
3113528
3113529
3113530
3113531
3113532
3113533
3113534
3113535
3113536
3113537
3113538
3113539
3113540
3113541
3113542
3113543
3113544
3113545
3113546
3113547
3113548
3113549
3113550
3113551
3113552
3113553
3113554
3113555
3113556
3113557
3113558
3113559
3113560
3113561
3113562
3113563
3113564
3113565
3113641
3113642
3113643
3113644
3113646
3113647
3113659
3113660
3113729
3113730
3113731
3113732
3113733
3113734
3113735
3113736
3113738
3113739
3113740
3113741
3113826
3113827
3113828
3113829
3113830
3113831
3113832
3113833
3113834
3113835
3113836
3113837
3113838
3113839
3113840
3113841
3113842
3113843
3114684
3114905
3114919
3114920
3114921
3114922
3115037
3115046
3115047
3115048
3116018
3116019
3116020
3116021
3116022
3116023
3116433
3116434
3116453
3116513
3116514
3116810
3116811
3116812
3116813
3116814
3116815
3116816
3116823
3116824
3116825
3116826
3116827
3116828
3116832
3116862
3116870
3116921
3116922
3116923
3116924
3116925
3116926
3116927
3117391
3117392
3117396
3117412
3117413
3117414
3117415
3117416
3117417
3117418
3117419
3117420
3117421
3117422
3117423
3117424
3117425
3117427
3117428
3117430
3117431
3117432
3117433
3117453
3117454
3117455
3117464
3117465
3117466
3117467
3117468
3117469
3117470
3117471
3117472
3117473
3117545
3117586
3117589
3117680
3117681
3117704
3117705
3117707
3117708
3117725
3118045
3118046
3118047
3118048
3118049
3118050
3118051
3118160
3118527
3118564
3118565
3118566
3118567
3118568
3118569
3118570
3118571
3118572
3118573
3118574
3118575
3118576
3118577
3118578
3118579
3118580
3118581
3118582
3118583
3118628
3118720
3118915
3118960
3118961
3118962
3118963
3118964
3118971
3118972
3118973
3118974
3118975
3118976
3118977
3118978
3118979
3118980
3118981
3118982
3118983
3118984
3118985
3118986
3118987
3119008
3119009
3119045
3119049
3119051
3119059
3119063
3119064
3119065
3119066
3119067
3119069
3119532
3119555
3119556
3119557
3119558
3119560
3119561
3119562
3119564
3119565
3119566
3119567
3119620
3119681
3119682
3119683
3119686
3119840
3119841
3119842
3119843
3119844
3119845
3119846
3119865
3120006
3120010
3120033
3120034
3120035
3120036
3120038
3120039
3120093
3120094
3120095
3120096
3120097
3120098
3120099
3120101
3120102
3120103
3120104
3120105
3120106
3120377
3120378
3120381
3120382
3120383
3120384
3120385
3120386
3120387
3120388
3120389
3121336
3121337
3121338
3121339
3121342
3121343
3121379
3121467
3121468
3121469
3121470
3121471
3121629
3122168
3122945
3123101
3123102
3123103
3123109
3123114
3123115
3123116
3123117
3123118
3123285
3123320
3123321
3123325
3123329
3125768
3125908
3125909
3125910
3125915
3125918
3125919
3125920
3125921
3125922
3125923
3125924
3126011
3126091
3126092
3126093
3126098
3126104
3126105
3126133
3126175
3126307
3126494
3126516
3126517
3126582
3126583
3126584
3126585
3126586
3126587
3126588
3126589
3126617
3126618
3126619
3126620
3126650
3126651
3126652
3126653
3126654
3126655
3126656
3126657
3126658
3126730
3126733
3126734
3126743
3126744
3126745
3126746
3126747
3126748
3126749
3126750
3126751
3126752
3126753
3126995
3127054
3127058
3127335
3127452
3127454
3127455
3127483
3127569
3127570
3127571
3127572
3127573
3127574
3127575
3127576
3127577
3127578
3127580
3127581
3127582
3127583
3127584
3127585
3127586
3127587
3127588
3127589
3127590
3127591
3127592
3127593
3127594
3127595
3127596
3127597
3127598
3127599
3127600
3127601
3127602
3127603
3127604
3127605
3127606
3127607
3127608
3127609
3127610
3127611
3127612
3127613
3127614
3127615
3127616
3127617
3127618
3127619
3127620
3127621
3127622
3127623
3127624
3127625
3127626
3127627
3127628
3127629
3127630
3127672
3127673
3127674
3127675
3127676
3127677
3127678
3127679
3127680
3127681
3127682
3127683
3127684
3127685
3127687
3127688
3127689
3127721
3127723
3127724
3127725
3127726
3127727
3127728
3127729
3127730
3127731
3127732
3127733
3127734
3127735
3127736
3127737
3127738
3127739
3127740
3127741
3127742
3127743
3127744
3127745
3127746
3127747
3127748
3127749
3127750
3127751
3127752
3127753
3127754
3127755
3127756
3127757
3127758
3127759
3127760
3127761
3127762
3127763
3127764
3127765
3127766
3127767
3127768
3127872
3127874
3127876
3127946
3127947
3127948
3128044
3128052
3128053
3128054
3128055
3128056
3128057
3128058
3128059
3128060
3128061
3128062
3128063
3128064
3128065
3128102
3128103
3128104
3128105
3128106
3128107
3128108
3128109
3128110
3128111
3128112
3128113
3128114
3128115
3128116
3128117
3128118
3128129
3128130
3128131
3128132
3128133
3128134
3128135
3128136
3128137
3128138
3128139
3128140
3128141
3128142
3128143
3128144
3128145
3128146
3128147
3128148
3128149
3128150
3128151
3128152
3128153
3128154
3128155
3128156
3128157
3128158
3128159
3128160
3128161
3129114
3129115
3129138
3129139
3129142
3129143
3129144
3129218
3129219
3129220
3129221
3129222
3129223
3129228
3129229
3129264
3129265
3129266
3129267
3129731
3129732
3129733
3129734
3129735
3129736
3129737
3129739
3129752
3132519
3132617
3132618
3132619
3132620
3132621
3132622
3132623
3132624
3132625
3132626
3132627
3132628
3132629
3132630
3132631
3132632
3132633
3132634
3132635
3132636
3132637
3132638
3132639
3132640
3132641
3132642
3132643
3132644
3132645
3132646
3132647
3132648
3132649
3132650
3132651
3132652
3132653
3132654
3132655
3132656
3132657
3132658
3132659
3132660
3132661
3132662
3132663
3132664
3132665
3132666
3132667
3132668
3132669
3132670
3132671
3132672
3132673
3132674
3132675
3132676
3132677
3132678
3132679
3132680
3132681
3132682
3132683
3132921
3133107
3133108
3133698
3133699
3133700
3133701
3134018
3134019
3134025
3134030
3134032
3134404
3134405
3134406
3134407
3134717
3134737
3134740
3134741
3134742
3134903
3134911
3134912
3134913
3134914
3134915
3134916
3134917
3134920
3134925
3135017
3135018
3135019
3135020
3135021
3135022
3135033
3135196
3135197
3135294
3135295
3135302
3135303
3135304
3135305
3135446
3135447
3135448
3135553
3135554
3135592
3135593
3135597
3135599
3135600
3135601
3135602
3135603
3135604
3135605
3135606
3135607
3135608
3135609
3135610
3135697
3135707
3135708
3135709
3135710
3135711
3135712
3135713
3135714
3135715
3135716
3135718
3135722
3135750
3135751
3135752
3135753
3135754
3136186
3136187
3136605
3136606
3136607
3136608
3136609
3136610
3136611
3136612
3136613
3136614
3136615
3136616
3136617
3136618
3136619
3136620
3136621
3136622
3136623
3136624
3136625
3136626
3136627
3136628
3136629
3136630
3136631
3136638
3136639
3136655
3136656
3136657
3136658
3136680
3136761
3136766
3136767
3136768
3137161
3137162
3137163
3137164
3137176
3137177
3137282
3137283
3137284
3137285
3137286
3137287
3137289
3137290
3137291
3137292
3137293
3137294
3137295
3137296
3137297
3137354
3137469
3137596
3137599
3137611
3137615
3137616
3137617
3137618
3137795
3137906
3137907
3137908
3137909
3137910
3137911
3137912
3137913
3137914
3137915
3137916
3137917
3137918
3137919
3137920
3137921
3138064
3138180
3138191
3138192
3138193
3138194
3138195
3138196
3138283
3138284
3138285
3138287
3138288
3138289
3138290
3138295
3138296
3138297
3138298
3138299
3138300
3138306
3138308
3138309
3138310
3138311
3138312
3138313
3138314
3138315
3138323
3138324
3138325
3138326
3138327
3138328
3138329
3138330
3138331
3138417
3138526
3138527
3138528
3138529
3138530
3138531
3138532
3138533
3138534
3138535
3138536
3138537
3138538
3138539
3138540
3138541
3138542
3138543
3138544
3138545
3138546
3138547
3138548
3138549
3138550
3138551
3138561
3138562
3138563
3138776
3138941
3138942
3138943
3138944
3139422
3139610
3139714
3139716
3139963
3139966
3140151
3140152
3140155
3140156
3140157
3140158
3140159
3140160
3140220
3140275
3140276
3140517
3141251
3141252
3141253
3141262
3141271
3141272
3141279
3141280
3141281
3141282
3141283
3141284
3141285
3141286
3141287
3141288
3141289
3141290
3141291
3141292
3141293
3141294
3141295
3141296
3141297
3141298
3141299
3141300
3141301
3141302
3141303
3141304
3141305
3141306
3141307
3141308
3141309
3141310
3141311
3141312
3141313
3141314
3141315
3141316
3141317
3141318
3141319
3141436
3141444
3141445
3141489
3141518
3141519
3141520
3141526
3141527
3141528
3141530
3141558
3141559
3141560
3141563
3141564
3141568
3141569
3141575
3141576
3141577
3141578
3141617
3141618
3141619
3141623
3141624
3141625
3141626
3141627
3141628
3141629
3141630
3141631
3141632
3141633
3141634
3141635
3141636
3141637
3141638
3141792
3141798
3141799
3141800
3141801
3141802
3141803
3141804
3141805
3141806
3141807
3141808
3141809
3141810
3141811
3141812
3141815
3141816
3141817
3141818
3141819
3141820
3141821
3141823
3141971
3141972
3142239
3142240
3142663
3142664
3142665
3142666
3142667
3142668
3142669
3142670
3142671
3142672
3142711
3142712
3142713
3142721
3142731
3142779
3143005
3143009
3143010
3143011
3143012
3143013
3143014
3143015
3143016
3143017
3143018
3143019
3143020
3143021
3143022
3143023
3143024
3143025
3143026
3143133
3143134
3143135
3143136
3143138
3143147
3143154
3143155
3143156
3143157
3143164
3143165
3143388
3143559
3143880
3143894
3143896
3143897
3143898
3143899
3143900
3143901
3143902
3143958
3144072
3144081
3144082
3144083
3144230
3144278
3144279
3144280
3144281
3144282
3144283
3144506
3144547
3144827
3144828
3144829
3144833
3144834
3144836
3144838
3144840
3145026
3145029
3145031
3145032
3145033
3145143
3145148
3145149
3145150
3145151
3145163
3145172
3145173
3145174
3145202
3145203
3145204
3145205
3145206
3145747
3145748
3145750
3145751
3145752
3145753
3145754
3145755
3145756
3145757
3145758
3145759
3145760
3146124
3146125
3146126
3146127
3148917
3148918
3148928
3148939
3148942
3149139
3149140
3151447
3151665
3151666
3151667
3151668
3151669
3151670
3151671
3151672
3151673
3151674
3151811
3152150
3152612
3153087
3153088
3153334
3153335
3153336
3153338
3153349
3153512
3153513
3153514
3153515
3153538
3153768
3153892
3153893
3153925
3154017
3154060
3154074
3154075
3154076
3154077
3154078
3154079
3154080
3154081
3154082
3154083
3154084
3154085
3154086
3154087
3154088
3154094
3154095
3154096
3154097
3154098
3154099
3154100
3154101
3154102
3154103
3154104
3154105
3154106
3154107
3154108
3154109
3154110
3154111
3154112
3154113
3154114
3154115
3154116
3154117
3154118
3154119
3154120
3154121
3154122
3155224
3155564
3155565
3156075
3157661
3157662
3157663
3157664
3157665
3158136
3158137
3158138
3158139
3158140
3158141
3158152
3158153
3158154
3158155
3158833
3158834
3158836
3158837
3158841
3158842
3158843
3158844
3158845
3158853
3158854
3158855
3158856
3158857
3158858
3158864
3158871
3158872
3158873
3158874
3158875
3158876
3158877
3158878
3158879
3158880
3158881
3158882
3158889
3158890
3158891
3158892
3158893
3158894
3158895
3158977
3158978
3159438
3159453
3159457
3159491
3159492
3159493
3159494
3160836
3161140
3161141
3161143
3161144
3161145
3161146
3161147
3161148
3161149
3161150
3161157
3161158
3161160
3161161
3161162
3161163
3161164
3161165
3161166
3161167
3161168
3161169
3161170
3161171
3161172
3161173
3161174
3161175
3161176
3161177
3161178
3161179
3161180
3161181
3161182
3162000
3162001
3162002
3162003
3162004
3162005
3162006
3162007
3162008
3162009
3162010
3162011
3162012
3162013
3162014
3162015
3162016
3162017
3162697
3162698
3162699
3162889
3162890
3162891
3162892
3162893
3162894
3162895
3162896
3162897
3162898
3162899
3162900
3162901
3162902
3163289
3163547
3163548
3163549
3163552
3163581
3163585
3163621
3177513
3181622
3181623
3228663
3228779
3228782
3229315
3229316
3229317
3229318
3229319
3229320
3229321
3229322
3229323
3229324
3229325
3229326
3229327
3229328
3229329
3229330
3229331
3229332
3229333
3229334
3229335
3229336
3229337
3229338
3229339
3229340
3229341
3229342
3229343
3229344
3229345
3229346
3229347
3229348
3229349
3229350
3229351
3229352
3229353
3229354
3229355
3229356
3229357
3229358
3229359
3229360
3229361
3229362
3229363
3229364
3229365
3229366
3229367
3229368
3229369
3229370
3229371
3229372
3229373
3229374
3229375
3229376
3229377
3229378
3229379
3229380
3229381
3229382
3229383
3229384
3229385
3229386
3229387
3229388
3229389
3229390
3229391
3229392
3229393
3229394
3229395
3229396
3229397
3229398
3229399
3229400
3229401
3229402
3229403
3229404
3229405
3229406
3229407
3229408
3229409
3229410
3229411
3229412
3229413
3229414
3229415
3229416
3229417
3229418
3229419
3229420
3229421
3229422
3229423
3229424
3229425
3229426
3229427
3229428
3229429
3229430
3229431
3229432
3229433
3229434
3229435
3229436
3229437
3229438
3229439
3229440
3229441
3229442
3229443
3229444
3229445
3229446
3229447
3229448
3229449
3229450
3229451
3229452
3229453
3229454
3229455
3229529
3229530
3229723
3229724
3229725
3229726
3229727
3229728
3229729
3229730
3229731
3229738
3229739
3229740
3229741
3229742
3229743
3229744
3229745
3229746
3229748
3229749
3229760
3229763
3230044
3230127
3230128
3230129
3230130
3230131
3230132
3230266
3230267
3230418
3230495
3230629
3230835
3230836
3230837
3230838
3230839
3230840
3230841
3230842
3230843
3230844
3230845
3230846
3230847
3230848
3230849
3230850
3230851
3230852
3230853
3230854
3230855
3230856
3230857
3231233
3231236
3231237
3231238
3231239
3231240
3231241
3231242
3231474
3232051
3232176
3232177
3232178
3232179
3232180
3232181
3232182
3232183
3232184
3232185
3232186
3232187
3232188
3232189
3232190
3232191
3232192
3232193
3232194
3232195
3232196
3232197
3232198
3232199
3232200
3232201
3232202
3232203
3232204
3232205
3232206
3232207
3232208
3232209
3232210
3232211
3232212
3232213
3232214
3232215
3232216
3232217
3232218
3232219
3232220
3232221
3232222
3232223
3232224
3232225
3232226
3232227
3232228
3232229
3232230
3232231
3232232
3232233
3232234
3232235
3232236
3233114
3233115
3233116
3233132
3233133
3233134
3233135
3233136
3233137
3233138
3233152
3233246
3233247
3233249
3233534
3233536
3233621
3233687
3233688
3233689
3233690
3233691
3233692
3233693
3233694
3233695
3233696
3233697
3233698
3233699
3233700
3233701
3233702
3233703
3233704
3233705
3233706
3233707
3233708
3233709
3233710
3233711
3233712
3233713
3234012
3234013
3234038
3234039
3234040
3234041
3234042
3234043
3234044
3234045
3234046
3234047
3234048
3234146
3234147
3234148
3234149
3234150
3234286
3234837
3234956
3234957
3234958
3234959
3234966
3235046
3235047
3235054
3236632
3236633
3236634
3236635
3236638
3236639
3236641
3236642
3236643
3236644
3236645
3236646
3236647
3236688
3236689
3236690
3236691
3236692
3236693
3236694
3236696
3236697
3236698
3236699
3236700
3236701
3236702
3236703
3236704
3236705
3236706
3236707
3236716
3236717
3236745
3236746
3236747
3236748
3236749
3236750
3236820
3236831
3236917
3236918
3236922
3236923
3236926
3236927
3236928
3236930
3236931
3236938
3237019
3237190
3237191
3237192
3237195
3237196
3237197
3237198
3237199
3237200
3237201
3237202
3237203
3237204
3237205
3237206
3237207
3237253
3237254
3237255
3237673
3237693
3237704
3237932
3238284
3238780
3238781
3238786
3238787
3239040
3239042
3239043
3239045
3239046
3239047
3239048
3239049
3239050
3239051
3239052
3239056
3239057
3239058
3239059
3239068
3239069
3239070
3239071
3239072
3239345
3239840
3239841
3239842
3239844
3239845
3239846
3239847
3239849
3239850
3239852
3239875
3240332
3240361
3240362
3240385
3240395
3240396
3240397
3240399
3240400
3240401
3240798
3240799
3240800
3240801
3240802
3240803
3240804
3240805
3240806
3240807
3240808
3240809
3240810
3240811
3240812
3240960
3240961
3240962
3240963
3240964
3240965
3240966
3240967
3241050
3241051
3241052
3241053
3241058
3241059
3241060
3241061
3241062
3241064
3241065
3241066
3241067
3241068
3241069
3241070
3241071
3241072
3241073
3241074
3241075
3241076
3241077
3241078
3241079
3241080
3241081
3241083
3241084
3241085
3241086
3241087
3241105
3241136
3241302
3241510
3241537
3241600
3241708
3241711
3241712
3241713
3241714
3241715
3241716
3241717
3241718
3241719
3241720
3241721
3241722
3241723
3241724
3241725
3241726
3241727
3241728
3241729
3241730
3241731
3241732
3241733
3241734
3241735
3241736
3241737
3241738
3241739
3241740
3241741
3241742
3241743
3241744
3241745
3241746
3241747
3241748
3241749
3241750
3241751
3241752
3241753
3241754
3241755
3241756
3241757
3241758
3241759
3241760
3241761
3241762
3241763
3241764
3241765
3241766
3241767
3241768
3241769
3241770
3241771
3241772
3241773
3241774
3241775
3241776
3241777
3241778
3241779
3241780
3241781
3241782
3241783
3241784
3241785
3241786
3241787
3241788
3241789
3241790
3241791
3241792
3241793
3241794
3241795
3241796
3241797
3241798
3241799
3241800
3241863
3242602
3242747
3242748
3242749
3242750
3242823
3242824
3242825
3242826
3242827
3242828
3243097
3243098
3243099
3243415
3243423
3243723
3243724
3243725
3243726
3243727
3243728
3243730
3243731
3243732
3243733
3243734
3243735
3243736
3243745
3246724
3246814
3248836
3248842
3248857
3248862
3248863
3248864
3249627
3250149
3250150
3250168
3250169
3250803
3250804
3250805
3250806
3250807
3250808
3250809
3250810
3250811
3250812
3250813
3250814
3251000
3251001
3251002
3251003
3251004
3251005
3251006
3251007
3251008
3251009
3251010
3251011
3251012
3251013
3251014
3251015
3251016
3251017
3251018
3251019
3251020
3251021
3251022
3251023
3251024
3251025
3251026
3251027
3251028
3251029
3251030
3251031
3251032
3251033
3251034
3251035
3251036
3251037
3251038
3251039
3251040
3251041
3251042
3251043
3279177
3279178
3279179
3279180
3279181
3279182
3279183
3279184
3289857
3289865
3289868
3289869
3289870
3289871
3289872
3289873
3289874
3289875
3289876
3289877
3289878
3289879
3289880
3289881
3299002
3299033
3299034
3300569
3308996
3309003
3309004
3309005
3317294
3317305
3317306
3320152
3322152
3326590
3326591
3328526
3328527
3328528
3331669
3331670
3331671
3331672
3331673
3331674
3331675
3331676
3331677
3331678
3331679
3331680
3342613
3342615
3342780
3342781
3342782
3342783
3342784
3342976
3343750
3343751
3343752
3343753
3343754
3343755
3343756
3343757
3343758
3343759
3344472
3344473
3344474
3344475
3344723
3344724
3344725
3344726
3344727
3344728
3344729
3344730
3344731
3344745
3344780
3344848
3345061
3345062
3345063
3345064
3345065
3345066
3345067
3345068
3345069
3345071
3345072
3345073
3345074
3345075
3345076
3345077
3345078
3345079
3345150
3345347
3345353
3345358
3348172
3348173
3348174
3348175
3348347
3348348
3348349
3348350
3348351
3348352
3348353
3348354
3348355
3348356
3348357
3348361
3348362
3348363
3348364
3348365
3348374
3348375
3348376
3348404
3348405
3349168
3349187
3349224
3349226
3349228
3349232
3349233
3349234
3349435
3349436
3349437
3349438
3349439
3349440
3349441
3349442
3349443
3349444
3349445
3349446
3349447
3349448
3349449
3349450
3349451
3349452
3349453
3349454
3349455
3349456
3349457
3349458
3349459
3349460
3349461
3349462
3349463
3349464
3349465
3349466
3349467
3349468
3349469
3349470
3349640
3349641
3349642
3349643
3349802
3349803
3349807
3349808
3349809
3350102
3350103
3350104
3350119
3350120
3350121
3350126
3350127
3350128
3350129
3350132
3350133
3350134
3350135
3350136
3350137
3350138
3350139
3350239
3350240
3350327
3350332
3350502
3350503
3350504
3350505
3350506
3350507
3350508
3350509
3350510
3350511
3350512
3350513
3350514
3350515
3350564
3350565
3350566
3350578
3350980
3366334
3366335
3366336
3366337
3366519
3366563
3366564
3366565
3366567
3366593
3366600
3366611
3366613
3366615
3366616
3366621
3366622
3366623
3366641
3366642
3367138
3367371
3367372
3367373
3367534
3367535
3367536
3367537
3367538
3367539
3367540
3367541
3367542
3367543
3367544
3367545
3367546
3367547
3367548
3367549
3367555
3367556
3367557
3367558
3367559
3367560
3367561
3367562
3367563
3367564
3367565
3367566
3367567
3367568
3367692
3367730
3367731
3367764
3368491
3368492
3368493
3368494
3368495
3368496
3368497
3368642
3369136
3369137
3369203
3369207
3369487
3369523
3369591
3369593
3369596
3369597
3369601
3369619
3369620
3369621
3369622
3372873
3373393
3373394
3373398
3373399
3373400
3373402
3373405
3373587
3373739
3373777
3373934
3373935
3373936
3373937
3373938
3373939
3373940
3373941
3373942
3373943
3373944
3373945
3373946
3373947
3373948
3373949
3373950
3373951
3373952
3373953
3373954
3373955
3373956
3373957
3373958
3373959
3373960
3373961
3373962
3373963
3373964
3373965
3373966
3373967
3373968
3373969
3374103
3374104
3374113
3374114
3374115
3374116
3374117
3374118
3374119
3374123
3374124
3374125
3374126
3374127
3374129
3374130
3374131
3374132
3374133
3374243
3374245
3374284
3374285
3374286
3374577
3374579
3374687
3374688
3374689
3374690
3374725
3374726
3374727
3374738
3374742
3374743
3374749
3374761
3374763
3374901
3374908
3374909
3374910
3374911
3374930
3374937
3374938
3374939
3374940
3374941
3374942
3374943
3374944
3374945
3374946
3374947
3374948
3374949
3374950
3374951
3374952
3374953
3374954
3374955
3374957
3374958
3374959
3374960
3374961
3374962
3374963
3374964
3374965
3374966
3374967
3374968
3374969
3374970
3374971
3374972
3374973
3374974
3374975
3374976
3374977
3374978
3374979
3374980
3374981
3374982
3374983
3374984
3374985
3374986
3374987
3374988
3374989
3374990
3374991
3374992
3374993
3374994
3374995
3374996
3374997
3374998
3374999
3375000
3375001
3375002
3375003
3375004
3375005
3375006
3375007
3375008
3375009
3375010
3375011
3375012
3375013
3375014
3375015
3375016
3375017
3375018
3375019
3375708
3375709
3375710
3375711
3375900
3375901
3375902
3375903
3375904
3375905
3375906
3375969
3375970
3375971
3375972
3375973
3375996
3375997
3376753
3376760
3376761
3376889
3376891
3376950
3376951
3376952
3376953
3376959
3376960
3376961
3377012
3377013
3377015
3377088
3377094
3377109
3377119
3377169
3377170
3377171
3377172
3377173
3377174
3377568
3377569
3377594
3377755
3377756
3377757
3377758
3377759
3377760
3377761
3377762
3377763
3377764
3377765
3377766
3377767
3377768
3377769
3377810
3377827
3377828
3377829
3377830
3377867
3377868
3377869
3377870
3377934
3377935
3377936
3377937
3377938
3377939
3377940
3377941
3377942
3377943
3377944
3377945
3377946
3377947
3377948
3377949
3377950
3377951
3377956
3377957
3377958
3378093
3378094
3378197
3378198
3378199
3378200
3378211
3378227
3378228
3378288
3378289
3378290
3378291
3378292
3378293
3378294
3378295
3378296
3378297
3378298
3378324
3378325
3378326
3378334
3378335
3378338
3378339
3378340
3378341
3378348
3378349
3378350
3378351
3378352
3378353
3378659
3378811
3381502
3381518
3381520
3381521
3381522
3381523
3381524
3381525
3381526
3381527
3381528
3381529
3381530
3381531
3381532
3381533
3381534
3381535
3381536
3381781
3381782
3381783
3382072
3382073
3382074
3382075
3382076
3382077
3382078
3382079
3382080
3382195
3382196
3382814
3382815
3382816
3382817
3382818
3382819
3382820
3382821
3382822
3382823
3382824
3382825
3382826
3382827
3382828
3382829
3382830
3382831
3382832
3382833
3382834
3382835
3382836
3382837
3382838
3382839
3382840
3382841
3382842
3382843
3382844
3382845
3382846
3382847
3382848
3382849
3382850
3382851
3382852
3382853
3382854
3382855
3382856
3382857
3382858
3382859
3382860
3382861
3382862
3382863
3382864
3382865
3382866
3382867
3382868
3382869
3382870
3382871
3382872
3382873
3382874
3382875
3382876
3382877
3382878
3382879
3382880
3382881
3382882
3382883
3382884
3382885
3382886
3382887
3382888
3382889
3382890
3382891
3382892
3382893
3382894
3383181
3383214
3383215
3383216
3383217
3383490
3384104
3384105
3384106
3384107
3384108
3384109
3384110
3384111
3384112
3384113
3384114
3384115
3384116
3384117
3384118
3384119
3384120
3384121
3384122
3384123
3384124
3384125
3384126
3384127
3384128
3384129
3384130
3384131
3384132
3384133
3384134
3384135
3384136
3384137
3384138
3384139
3384140
3384141
3384142
3384143
3384144
3384145
3384146
3384147
3384148
3384149
3384150
3384151
3384152
3384153
3384154
3384155
3384245
3384246
3384607
3384636
3384638
3384655
3384656
3384657
3384658
3384659
3384676
3384732
3384769
3384770
3384774
3384775
3384776
3384777
3384778
3384820
3384822
3384823
3384824
3384835
3384836
3384839
3384840
3384841
3384869
3384870
3384871
3384872
3384873
3384874
3384875
3384876
3384877
3384911
3384912
3384914
3384915
3384917
3384961
3384962
3384963
3384964
3384965
3384966
3384968
3384969
3384970
3384971
3384972
3384973
3384974
3384975
3384976
3384977
3384978
3384979
3384995
3384996
3384997
3384998
3385009
3385010
3385013
3385015
3385019
3385020
3385021
3385022
3385023
3385024
3385026
3385039
3385040
3385041
3385042
3385044
3385045
3385047
3385048
3385095
3385097
3385101
3385102
3385105
3385106
3385107
3385165
3385166
3385167
3385168
3385169
3385174
3385178
3385179
3385180
3385181
3385182
3385184
3385185
3385186
3385187
3385188
3385189
3385190
3385191
3385192
3385193
3385194
3385195
3385196
3385207
3385208
3385209
3385210
3385211
3385212
3385213
3385214
3385215
3385216
3385217
3385218
3385219
3385220
3385221
3385222
3385223
3385224
3385225
3385226
3385227
3385228
3385229
3385230
3385231
3385232
3385233
3385234
3385235
3385236
3385237
3385238
3385239
3385240
3385241
3385242
3385243
3385244
3385245
3385246
3385247
3385248
3385249
3385250
3385251
3385252
3385253
3385254
3385255
3385256
3385257
3385258
3385264
3385265
3385266
3385267
3385268
3385269
3385270
3385271
3385272
3385273
3385274
3385275
3385276
3385277
3385278
3385279
3385280
3385281
3385282
3385283
3385284
3385285
3385286
3385287
3385288
3385289
3385290
3385291
3385292
3385293
3385294
3385295
3385296
3385297
3385298
3385299
3385300
3385301
3385302
3385303
3385304
3385305
3385306
3385307
3385308
3385309
3385310
3385311
3385312
3385313
3385314
3385315
3385316
3385317
3385318
3385319
3385320
3385321
3385322
3385323
3385324
3385325
3385326
3385327
3385328
3385329
3385330
3385331
3385332
3385333
3385334
3385335
3385336
3385337
3385338
3385339
3385340
3385341
3385342
3385343
3385344
3385345
3385346
3385347
3385348
3385349
3385350
3385351
3385352
3385353
3385354
3385355
3385356
3385357
3385358
3385359
3385360
3385361
3385362
3385363
3385364
3385365
3385366
3385367
3385368
3385369
3385370
3385558
3385559
3386204
3386205
3386215
3386259
3386300
3386301
3386302
3386303
3386304
3386305
3386306
3386310
3386311
3386312
3386313
3386314
3386315
3386316
3386825
3386826
3386912
3386913
3387281
3387282
3387283
3387284
3387285
3387286
3387541
3387542
3387543
3387544
3387545
3387546
3387547
3387548
3387549
3387697
3388075
3388307
3388308
3388309
3388310
3388311
3388312
3388329
3388331
3388350
3388351
3388352
3388560
3388565
3388567
3388584
3388585
3388586
3388587
3388588
3388589
3388590
3388591
3388592
3388593
3388594
3388595
3388596
3388597
3388598
3388599
3388600
3388601
3388603
3388605
3388606
3388607
3388608
3388609
3388610
3388611
3388612
3388613
3388738
3388739
3388777
3389871
3389921
3389922
3389923
3389924
3389925
3389926
3389927
3389928
3389929
3389930
3389951
3389952
3389953
3389954
3389955
3389956
3389957
3389958
3389962
3389963
3389964
3389965
3389966
3389967
3389968
3390212
3390213
3390214
3390215
3390216
3390217
3390218
3390219
3390220
3390221
3390247
3390252
3390253
3390254
3390255
3390256
3390257
3390258
3390259
3390260
3390261
3390262
3390263
3390264
3390309
3390310
3390311
3390312
3390313
3390314
3390321
3390365
3390366
3390384
3390385
3390386
3390387
3390388
3390389
3390390
3390391
3390392
3390393
3390394
3390395
3390396
3390397
3390398
3390399
3390400
3390401
3390402
3390403
3390404
3390415
3390416
3390417
3390418
3390495
3390496
3390497
3390498
3390499
3390500
3390501
3390820
3390826
3390827
3390828
3390838
3390840
3390841
3390842
3390844
3390845
3390846
3390847
3390848
3390897
3390898
3390903
3390904
3390905
3390906
3390946
3390993
3390994
3391247
3391383
3391471
3391528
3391529
3391530
3391531
3391532
3391533
3391534
3391535
3391536
3391537
3391538
3391539
3391540
3391541
3391542
3391543
3391544
3391545
3391546
3391547
3391548
3391549
3391550
3391551
3391552
3391553
3391554
3391555
3391556
3391557
3391558
3391559
3391560
3391561
3391562
3391563
3391564
3391565
3391566
3391567
3391616
3391617
3391703
3391704
3391707
3391974
3391975
3392054
3392055
3392056
3392057
3393471
3393495
3393496
3393507
3393508
3393509
3393516
3393517
3393799
3393800
3393801
3393802
3393803
3393804
3393805
3393806
3393807
3393808
3393809
3393810
3393811
3393812
3393813
3393814
3393815
3393816
3393817
3393818
3393819
3393820
3393821
3393822
3393823
3393824
3393825
3393826
3393827
3393828
3393829
3393830
3393831
3393832
3393833
3393834
3393835
3393836
3393837
3393838
3393839
3393840
3393841
3393842
3393843
3393844
3393845
3393846
3393847
3393848
3393849
3393850
3393851
3393852
3393853
3393854
3393991
3393993
3394154
3394155
3394156
3394157
3394167
3394168
3394169
3394170
3394183
3394184
3394205
3394241
3394242
3394245
3394246
3394247
3394248
3394249
3394250
3394254
3394349
3394602
3394618
3394619
3394620
3394621
3394622
3394623
3394624
3394625
3394696
3394697
3394698
3394699
3394700
3394701
3394702
3394703
3394704
3394705
3394706
3394707
3394708
3394709
3394710
3394711
3394712
3394713
3394714
3394715
3394716
3394717
3394718
3394719
3394720
3394721
3394722
3394723
3394724
3394725
3394935
3394936
3394937
3394938
3394939
3394940
3394941
3394942
3394943
3394944
3394945
3394946
3394947
3394948
3394949
3394950
3394952
3394953
3394954
3394955
3394956
3394957
3394958
3394959
3394960
3394961
3394962
3394963
3394964
3394965
3394966
3394967
3394968
3394969
3394970
3394971
3394972
3394973
3394974
3394975
3394976
3395268
3395269
3395520
3395521
3395522
3395523
3395524
3395525
3395526
3395527
3396150
3396151
3396152
3396153
3396154
3396870
3396871
3396872
3396873
3397181
3397182
3397502
3397503
3397566
3397586
3397587
3397771
3397798
3397799
3397823
3397830
3397831
3397832
3397833
3397834
3397835
3397836
3397837
3397838
3397839
3398186
3398194
3398201
3398202
3398203
3398204
3398388
3398389
3398390
3398396
3398403
3398404
3398405
3398406
3398407
3398408
3398409
3398410
3398411
3398412
3398413
3398414
3398415
3398416
3398417
3398418
3398419
3398420
3398421
3398422
3398423
3398424
3398425
3398426
3398427
3398428
3398429
3398430
3398431
3398432
3398433
3398434
3398435
3398436
3398437
3398438
3398439
3398617
3398707
3398708
3398711
3398731
3399576
3399647
3399649
3399662
3399664
3399667
3399668
3399671
3399672
3399673
3399693
3399694
3399695
3399696
3399697
3399698
3399699
3399700
3399701
3399702
3399703
3399704
3399705
3399706
3399707
3399708
3399709
3399710
3399711
3399712
3399713
3399714
3399715
3399716
3399717
3399718
3399719
3399720
3399721
3399722
3399723
3399724
3399725
3399726
3399727
3399728
3399729
3399730
3399731
3399732
3399733
3399734
3399735
3399736
3399737
3399738
3399739
3399740
3399741
3399742
3400136
3400137
3400148
3400155
3400156
3400157
3400158
3400159
3400160
3400161
3400168
3400169
3400240
3400245
3400247
3400428
3400810
3400811
3400886
3400887
3400888
3400889
3400895
3400896
3400897
3400898
3400925
3400926
3400927
3400932
3400944
3400948
3400951
3400952
3401029
3401035
3401036
3401037
3401039
3401040
3401041
3401042
3401043
3401073
3401079
3401080
3401081
3401082
3401083
3401093
3401119
3401163
3401164
3401169
3401225
3401601
3401602
3401637
3401638
3401639
3401640
3401910
3401912
3401961
3401996
3402001
3402120
3402121
3402122
3402141
3402710
3402711
3402737
3402738
3402739
3402740
3403036
3403037
3403038
3403050
3403051
3403052
3403053
3403054
3403055
3403056
3403057
3403058
3403059
3403111
3403122
3403148
3403426
3403433
3403434
3403435
3403442
3403443
3403444
3403470
3403471
3403484
3403485
3403488
3403489
3403491
3403492
3403493
3403494
3403495
3403496
3403497
3403498
3403499
3403500
3403501
3403502
3403510
3403511
3403512
3403513
3403514
3403515
3403516
3403517
3403518
3403519
3403520
3403521
3403522
3403523
3403524
3403525
3403526
3403527
3403528
3403529
3403530
3403531
3403532
3403533
3403534
3403535
3403536
3403537
3403538
3403539
3403540
3403541
3403542
3403543
3403544
3403545
3403546
3403547
3403548
3403549
3403550
3403551
3403562
3403563
3403564
3403565
3403566
3403567
3403568
3403569
3403570
3403571
3403572
3403573
3403574
3403575
3403659
3403660
3403661
3403662
3403682
3403683
3403684
3403685
3403686
3403687
3403688
3403689
3404139
3404140
3404141
3404142
3404143
3404144
3404145
3404147
3404700
3404772
3404825
3404826
3404827
3404828
3404953
3405092
3405093
3405094
3405095
3405096
3405097
3405098
3405099
3405100
3405101
3405102
3405103
3405104
3405105
3405106
3405107
3405109
3405110
3405111
3405112
3405113
3405114
3405115
3405116
3405117
3406468
3406469
3406470
3406471
3406472
3406473
3406474
3406475
3406476
3406477
3406478
3406479
3406480
3406481
3406482
3406483
3406484
3406485
3406486
3406487
3406488
3406489
3406490
3406491
3406492
3406493
3406494
3406495
3406496
3406497
3406498
3406499
3406500
3406501
3406502
3406503
3406504
3406505
3406506
3406507
3406508
3406509
3406510
3406511
3406512
3406513
3406514
3406515
3406516
3406517
3406518
3406648
3406649
3407667
3409787
3410010
3410011
3410232
3410233
3410838
3410870
3410871
3410872
3410873
3410874
3410875
3410876
3410877
3410878
3410879
3410885
3410886
3410887
3410888
3410889
3410890
3410891
3410892
3410893
3410894
3410895
3410896
3410897
3410898
3410899
3410900
3410901
3410910
3410912
3410927
3410929
3410944
3410945
3410946
3410947
3410948
3410951
3410954
3410956
3410957
3410958
3410959
3410960
3410961
3410962
3410963
3410964
3410967
3410968
3410969
3410970
3410972
3410979
3410980
3410981
3410982
3410983
3410984
3410985
3411022
3411023
3411025
3411026
3411027
3411028
3411029
3411464
3411548
3411576
3411651
3411652
3411653
3411654
3411679
3411682
3411683
3411684
3411686
3411687
3411688
3411689
3411690
3411754
3411806
3411807
3411808
3411809
3411810
3411814
3411815
3411816
3411817
3411828
3411829
3411838
3411839
3411842
3411843
3411844
3411845
3411870
3411871
3411872
3411873
3411874
3411875
3411876
3411877
3411886
3411887
3411927
3411928
3411929
3411939
3411940
3411941
3411979
3411980
3411981
3411982
3411999
3412000
3412306
3412307
3412308
3412309
3412310
3412311
3412312
3412313
3412314
3412315
3412316
3412317
3412318
3412319
3412320
3412321
3412322
3412437
3412438
3412439
3412440
3412441
3412442
3412443
3412444
3412525
3412526
3412527
3412528
3412532
3412533
3412534
3412535
3412536
3412545
3412546
3412547
3412548
3412613
3412691
3412692
3412693
3412729
3412730
3412731
3412779
3412780
3412781
3412782
3412831
3412832
3412833
3412834
3412835
3412836
3412837
3412838
3412839
3412840
3412841
3412842
3412843
3412844
3412845
3412846
3412847
3412848
3412849
3412850
3412851
3412852
3412853
3412854
3412855
3412856
3412857
3412858
3412859
3412860
3412861
3412862
3412863
3412879
3412880
3412881
3412882
3412883
3412884
3412885
3412886
3412887
3412888
3412889
3412890
3412891
3412892
3412893
3412894
3412895
3412896
3412897
3412898
3412899
3412900
3412901
3412902
3412903
3412904
3412905
3412906
3412907
3412908
3412909
3412910
3412911
3412912
3412913
3412914
3412915
3412916
3412917
3412918
3412919
3412920
3412921
3412922
3412923
3412924
3412925
3412926
3412927
3412928
3412929
3412930
3412931
3412932
3412933
3412934
3412935
3412936
3412937
3412938
3412939
3412940
3412941
3412942
3412943
3412944
3412945
3412946
3412947
3412948
3412949
3412950
3412951
3412952
3412953
3412954
3412955
3412956
3412957
3412958
3412959
3412960
3412961
3412962
3412963
3412964
3412965
3412966
3412967
3412968
3412969
3413006
3413141
3413142
3413145
3413151
3413152
3413206
3413207
3413208
3413209
3413210
3413211
3413212
3413213
3413214
3413215
3413216
3413217
3413218
3413219
3413278
3413333
3413495
3413496
3413497
3413498
3413668
3413923
3413927
3413929
3413930
3413941
3413945
3413946
3413979
3413980
3413985
3414225
3414226
3414227
3414228
3414229
3414230
3414231
3414232
3414233
3414234
3414235
3414236
3414237
3414238
3414239
3414240
3414241
3414242
3414243
3414244
3414245
3414246
3414247
3414256
3414257
3414258
3414259
3414260
3414261
3414262
3414670
3414671
3414672
3414673
3414674
3414675
3414679
3414680
3414681
3414682
3414691
3414692
3414693
3414694
3414695
3414721
3414722
3414723
3414724
3414725
3414726
3414727
3414728
3414729
3414730
3414731
3414732
3414733
3415509
3415512
3415513
3415608
3415609
3415610
3415611
3415612
3415622
3415625
3415626
3415627
3415628
3415633
3415645
3415646
3415711
3415712
3415713
3415714
3415715
3415716
3415719
3415720
3415737
3416015
3416016
3416019
3416020
3416021
3416395
3416397
3416398
3416399
3416405
3416462
3416463
3416464
3416465
3416466
3416467
3416468
3416469
3416470
3416471
3416472
3416473
3416474
3416475
3416476
3416477
3416478
3416479
3416480
3416481
3416482
3416483
3416484
3416485
3416486
3416487
3416488
3416489
3416490
3416491
3416492
3416493
3416494
3416495
3416496
3416497
3416498
3416499
3416559
3416566
3416567
3416601
3416602
3416603
3416833
3416834
3416835
3416836
3416868
3416869
3416932
3416985
3416986
3416988
3416989
3416990
3416991
3416992
3416993
3416994
3416995
3416996
3416997
3416998
3416999
3417000
3417001
3417002
3417003
3417004
3417005
3417006
3417007
3417008
3417009
3417010
3417011
3417012
3417013
3417014
3417015
3417017
3417018
3417019
3417223
3417224
3417225
3417226
3417282
3417283
3417284
3417285
3417286
3417287
3417288
3417289
3417290
3417291
3417292
3417293
3417294
3417295
3417296
3417297
3417298
3417299
3417300
3417455
3417626
3417627
3417667
3417668
3417972
3417975
3417976
3417978
3417979
3417980
3417981
3417982
3417983
3417984
3418232
3418254
3418341
3418342
3418343
3418344
3418345
3418353
3418509
3418510
3418520
3418618
3418772
3418773
3418774
3418775
3418776
3418777
3418778
3418779
3418805
3418806
3418807
3418808
3418809
3418999
3419000
3419001
3419009
3420096
3420097
3420098
3420192
3420195
3420196
3420201
3420447
3420448
3420449
3420450
3420451
3420452
3420611
3420612
3420613
3420614
3420615
3420616
3420617
3420618
3420619
3420634
3420803
3420840
3420841
3420842
3420845
3420846
3420847
3420848
3420849
3420850
3420851
3420852
3420855
3420915
3421139
3421140
3421141
3421142
3421143
3421144
3421145
3421146
3421147
3421148
3421149
3421150
3421151
3421152
3421153
3421154
3421155
3421185
3421631
3421660
3421738
3421739
3421740
3421746
3422483
3422484
3422485
3422486
3422487
3422488
3422489
3422490
3422491
3423285
3423286
3423632
3423633
3423634
3423635
3423636
3423637
3423638
3423639
3423640
3423641
3423642
3423644
3423645
3423646
3423647
3423648
3424005
3424006
3424015
3424028
3424032
3424136
3424137
3424138
3424139
3424140
3424681
3424870
3424871
3424872
3425130
3425131
3425169
3425170
3425171
3425172
3425210
3425681
3425682
3425683
3425684
3425696
3425697
3425901
3425907
3425908
3425909
3425910
3425911
3425912
3425913
3425914
3425915
3425916
3425923
3425924
3425925
3425926
3425938
3425939
3425940
3425941
3425942
3425943
3425944
3425951
3427711
3428540
3428624
3431104
3431105
3431106
3431107
3431108
3431109
3431133
3431139
3431140
3431141
3431142
3431143
3431144
3431145
3431146
3431147
3431148
3431149
3431150
3431151
3431152
3431153
3432468
3432695
3433623
3433624
3433625
3433626
3433627
3433628
3433635
3433636
3433637
3433638
3433639
3433640
3433641
3433642
3433663
3433664
3433665
3433666
3433667
3433668
3433669
3433670
3433671
3433672
3433673
3433674
3433675
3433676
3433677
3433678
3433679
3434033
3434034
3434156
3434157
3434158
3434159
3434160
3434162
3434163
3434164
3434165
3434166
3434241
3434334
3434335
3434336
3434641
3434656
3434749
3434750
3434751
3434752
3434753
3434754
3434755
3434924
3434925
3434927
3434941
3434942
3434943
3434944
3434965
3434967
3434970
3434971
3435197
3435237
3435238
3435397
3435398
3435407
3435548
3435626
3435627
3435809
3436050
3436051
3436052
3436053
3436190
3436191
3436192
3436193
3436194
3436195
3436196
3436268
3436269
3436270
3436271
3436628
3436855
3436856
3436857
3436858
3436859
3436882
3436883
3436907
3436908
3436909
3436910
3436911
3438250
3438396
3438397
3438398
3438399
3438400
3438454
3440020
3440021
3440022
3440214
3440215
3440216
3440217
3440523
3440524
3440525
3440534
3440535
3440536
3440537
3440538
3440539
3440546
3440547
3440867
3440872
3440873
3440874
3440875
3440876
3440877
3440878
3440879
3440880
3440881
3440882
3440883
3440884
3440885
3440886
3440887
3440888
3440889
3440890
3440891
3440892
3440893
3440894
3440895
3440896
3440897
3440898
3442624
3442625
3442626
3442627
3443504
3443505
3443898
3444186
3444187
3444188
3444189
3444190
3444191
3444192
3444193
3444194
3444195
3444196
3444197
3444198
3444199
3444200
3444201
3444202
3444374
3444375
3444376
3444900
3445450
3445451
3445837
3445838
3446098
3446102
3446106
3446107
3446272
3446273
3446274
3446275
3446276
3446277
3446498
3446499
3446500
3446501
3446600
3446602
3446635
3446636
3446637
3446638
3446639
3446640
3446641
3446642
3446643
3446644
3446645
3446646
3446647
3446648
3446649
3446650
3446651
3446652
3446653
3446654
3446655
3446656
3446657
3446658
3446659
3446660
3446661
3446662
3446663
3446664
3446665
3446666
3446667
3446668
3446669
3446670
3446671
3446672
3446673
3446674
3446675
3446676
3446677
3446678
3446679
3446680
3446681
3446682
3446683
3446684
3446685
3446686
3446687
3446688
3446689
3446690
3446691
3446692
3446831
3446832
3446833
3446834
3446995
3446996
3446997
3446998
3446999
3447000
3447001
3447002
3447003
3447004
3447120
3447159
3447161
3447162
3447163
3447393
3447394
3447540
3447548
3447549
3447550
3447551
3447552
3447553
3447554
3447555
3447556
3447558
3447563
3447605
3447711
3447712
3447713
3447714
3447715
3447839
3447912
3447913
3447914
3447915
3447916
3447917
3447918
3447921
3447922
3447923
3447924
3447925
3447926
3447927
3447974
3447975
3447976
3447977
3447978
3448150
3448151
3448152
3448153
3448160
3448161
3448183
3448184
3448185
3448186
3448294
3448295
3448296
3448297
3448298
3448572
3448573
3448574
3448575
3448576
3448577
3448578
3448812
3448813
3448814
3448815
3448816
3448817
3448818
3448819
3448820
3448821
3448822
3448823
3448824
3448825
3448826
3448943
3448945
3448946
3448947
3448948
3448949
3448950
3448963
3449334
3449335
3449336
3449635
3449637
3449640
3449642
3449643
3449644
3449647
3449651
3449654
3449656
3449657
3449658
3449659
3449661
3449662
3449663
3449665
3449667
3449669
3449676
3449679
3449689
3449690
3449691
3449692
3449693
3449694
3449695
3449696
3449697
3449698
3449699
3449700
3449701
3449702
3449886
3449941
3450208
3450209
3450210
3450211
3450212
3450213
3450214
3450328
3450329
3451278
3451608
3451682
3451878
3451879
3451880
3451881
3451882
3451883
3451884
3451885
3451886
3451887
3451888
3451889
3451890
3451891
3451892
3451893
3451894
3451895
3452123
3452226
3452227
3452228
3452229
3452230
3452231
3452232
3452233
3452234
3452235
3452236
3452237
3452238
3452246
3452262
3452622
3452681
3452682
3452683
3452684
3452685
3452777
3452859
3452860
3452861
3452862
3453352
3453353
3453354
3453355
3453356
3453357
3453358
3453359
3453360
3453362
3453363
3453364
3453365
3453367
3453368
3453390
3453391
3453392
3453393
3453394
3453395
3453527
3453701
3453702
3453703
3454014
3454094
3454120
3454121
3454188
3454189
3454190
3454403
3454404
3454405
3454406
3454407
3454408
3454409
3454410
3454411
3454412
3454413
3454414
3454415
3454416
3454417
3454418
3454419
3454420
3454421
3454422
3454423
3454424
3454425
3454426
3454427
3454428
3454429
3454430
3454431
3454476
3454634
3454635
3454636
3454637
3454638
3454639
3454640
3454641
3454642
3454643
3454644
3454645
3454646
3454647
3454648
3454649
3454651
3454676
3454705
3454707
3454708
3454709
3454710
3454946
3455027
3455028
3455029
3455030
3455031
3455032
3455033
3455034
3455035
3455036
3455037
3455038
3455174
3455175
3455188
3455189
3455194
3455195
3455196
3455197
3455198
3455199
3455200
3455448
3455497
3455498
3455499
3455500
3455501
3455502
3455503
3455504
3455505
3455506
3455507
3455508
3455509
3455510
3455511
3455512
3455513
3455514
3455515
3455516
3455517
3455518
3455519
3455520
3455521
3455522
3455523
3455524
3455525
3455526
3455527
3455528
3455529
3455530
3455531
3455532
3455533
3455534
3455535
3455536
3455537
3455538
3455539
3455540
3455541
3455542
3455543
3455544
3455545
3455546
3455547
3455548
3455549
3455550
3455551
3455552
3455553
3455554
3455555
3455556
3455557
3455558
3455559
3455560
3455561
3455562
3455563
3455564
3455565
3455566
3455567
3455568
3455569
3455570
3455571
3455572
3455573
3455574
3455575
3455576
3455577
3455578
3455579
3455624
3455677
3455678
3455811
3455812
3455813
3455907
3455908
3455909
3455910
3455911
3455912
3455913
3455914
3455915
3455916
3455917
3455918
3455919
3455920
3455921
3455922
3455923
3455924
3455925
3455926
3455927
3455928
3455929
3455930
3455931
3455932
3455933
3456152
3456166
3456167
3456168
3456172
3456260
3456261
3456263
3456264
3456266
3456267
3456268
3456269
3456270
3456271
3457303
3457520
3457521
3457522
3457523
3457753
3457754
3457755
3457968
3458030
3458392
3458431
3458432
3458550
3458551
3458605
3458606
3458632
3458633
3458634
3458641
3458666
3458670
3458671
3458741
3458742
3458753
3458857
3458859
3458860
3458863
3458864
3458865
3458866
3458874
3458875
3458876
3458877
3458878
3458879
3458880
3458881
3458882
3458937
3458938
3458987
3458988
3458989
3459086
3459091
3459104
3459106
3459108
3459109
3459116
3459117
3459118
3459119
3459198
3459510
3459519
3459520
3459865
3459872
3459873
3459875
3459902
3459903
3459904
3459905
3459906
3459907
3459908
3459909
3459910
3459911
3459912
3459913
3459914
3459915
3459916
3459917
3459925
3459926
3459927
3459928
3459929
3459930
3459931
3459932
3459990
3459991
3459993
3459994
3459995
3459996
3461020
3461021
3461022
3461023
3461024
3461025
3461026
3461027
3461028
3461029
3461030
3461031
3461032
3461033
3461034
3461035
3461036
3461037
3461038
3461039
3461040
3461041
3461042
3461043
3461061
3461062
3461067
3461068
3461069
3461070
3461071
3461072
3461073
3461074
3461075
3461076
3461077
3461078
3461079
3461080
3461081
3461082
3461083
3461084
3461086
3461283
3461284
3462014
3462015
3462016
3462017
3462923
3462926
3462927
3462929
3463352
3463353
3463354
3463357
3463358
3463656
3463657
3463658
3463659
3463660
3463661
3463662
3463663
3463664
3463665
3463666
3463667
3463668
3463669
3463670
3463671
3463672
3463673
3463674
3463675
3463676
3463677
3463678
3463679
3463680
3463681
3463689
3463690
3463711
3463712
3463713
3463714
3463715
3463716
3463717
3463718
3463719
3463720
3463721
3463722
3463723
3463724
3463725
3463726
3463727
3463728
3463729
3463730
3463731
3463760
3463761
3463762
3463763
3463764
3463765
3463766
3463767
3463768
3463769
3463770
3463771
3463776
3463793
3463794
3463795
3463796
3463797
3463798
3463799
3463800
3463959
3464054
3464055
3464056
3464057
3464058
3464159
3464160
3464251
3464252
3464270
3464271
3464272
3464273
3464274
3464275
3464276
3464277
3464278
3464279
3464280
3464281
3464282
3464283
3464284
3464285
3464286
3464287
3464288
3464289
3464290
3464296
3464324
3464325
3464430
3464432
3464442
3464443
3464444
3464445
3464446
3464447
3464448
3464449
3464450
3464451
3464452
3464453
3464454
3464455
3464456
3464457
3464458
3464459
3464460
3464461
3464462
3464463
3464464
3464465
3464466
3464467
3464471
3464472
3464473
3464474
3464475
3464476
3464477
3464478
3464479
3464480
3464481
3464482
3464483
3464484
3464485
3464486
3464487
3464488
3464489
3464490
3464491
3464492
3464493
3464506
3464521
3464596
3464597
3464598
3464599
3464600
3464601
3464602
3464603
3464604
3464615
3464617
3464618
3464620
3464621
3464622
3464623
3464645
3464658
3464659
3464660
3464661
3464680
3464681
3464682
3464686
3464687
3464689
3464690
3464691
3464941
3464942
3464943
3464948
3464981
3465135
3465525
3465526
3465527
3465528
3465529
3465530
3465531
3465607
3465608
3465610
3465611
3465614
3465615
3465616
3465617
3465618
3465619
3465620
3465621
3465623
3465624
3465625
3465626
3465627
3465628
3465629
3465630
3465631
3465632
3465633
3465635
3465636
3465637
3465638
3465639
3465640
3465641
3465642
3465643
3465644
3465645
3465646
3465647
3465648
3465649
3465650
3465651
3465652
3465653
3465654
3465655
3465656
3465657
3465658
3465659
3465660
3465661
3465662
3465663
3465665
3465666
3465667
3465669
3465670
3465671
3465672
3465673
3465674
3465675
3465676
3465677
3465678
3465679
3465680
3465681
3465682
3465683
3465684
3465685
3465686
3465687
3465688
3465689
3465690
3465691
3465692
3465693
3465694
3465695
3465696
3465698
3465699
3465700
3465701
3465743
3465744
3465750
3465765
3465766
3465767
3465768
3465773
3465774
3465775
3465776
3465777
3465778
3465779
3465780
3465781
3465782
3465783
3465784
3465785
3465786
3465787
3465788
3465789
3465790
3465791
3465792
3465793
3465794
3465795
3465796
3465797
3465798
3465799
3465800
3465801
3465802
3465803
3465804
3465805
3465806
3465901
3465902
3465903
3465904
3466060
3466088
3466492
3466493
3466495
3466503
3466504
3466505
3466731
3466734
3466735
3466769
3467172
3467175
3467273
3467274
3467275
3467276
3467277
3467304
3467305
3467312
3467320
3467330
3467331
3467332
3467333
3467334
3467335
3467336
3467337
3467338
3467339
3467340
3467341
3467342
3467343
3467344
3467345
3467346
3467347
3467348
3467349
3467350
3467351
3467352
3467353
3467354
3467355
3467356
3467357
3467358
3467359
3467360
3467361
3467362
3467363
3467364
3467365
3467369
3467383
3467384
3467385
3467386
3467387
3467388
3467389
3467390
3467391
3467392
3467393
3467394
3467395
3467396
3467397
3467398
3467399
3467400
3467401
3467402
3467403
3467404
3467405
3467406
3467408
3467409
3467420
3467421
3468509
3469025
3469026
3469027
3469028
3469029
3469030
3469031
3469032
3469033
3469079
3469081
3469082
3469083
3469320
3469466
3469483
3469486
3469556
3469834
3469863
3469884
3469885
3469886
3469887
3469888
3469889
3469890
3469891
3469892
3469894
3469896
3470020
3470021
3470022
3470023
3470024
3470025
3470026
3470027
3470554
3470556
3470557
3470558
3470559
3470790
3470824
3470825
3470826
3470827
3470828
3470829
3470830
3470831
3470832
3470833
3470834
3470842
3470843
3470844
3470845
3470846
3470847
3470848
3470849
3470850
3470852
3470855
3470861
3470862
3470863
3470864
3470865
3470866
3470891
3470892
3470893
3470894
3470895
3470896
3470897
3470898
3470899
3470900
3470901
3470902
3470903
3470904
3470905
3471055
3471497
3471498
3471501
3471502
3471503
3471504
3471505
3471506
3471507
3471508
3471509
3471510
3471511
3471512
3471513
3471596
3471597
3471599
3471600
3471636
3471638
3471687
3471766
3471768
3471769
3471770
3471835
3472008
3472011
3472012
3472014
3472015
3472384
3472385
3472387
3472808
3472814
3472815
3472827
3472873
3473733
3473740
3473741
3473742
3473745
3473746
3473747
3473748
3473798
3473799
3473800
3474362
3474363
3474364
3474365
3474366
3474367
3474368
3474369
3474817
3474818
3474819
3474820
3474821
3474822
3475084
3475085
3475346
3475347
3475645
3475646
3475656
3475657
3475658
3475659
3475925
3475956
3475957
3475958
3475965
3475966
3475971
3476310
3476311
3476312
3476313
3476314
3476315
3476316
3476317
3476322
3476323
3476324
3476325
3476326
3476327
3476328
3476329
3476330
3476331
3476332
3476465
3476466
3476467
3476579
3476583
3476596
3476599
3476602
3476877
3476878
3476879
3476880
3476881
3476882
3476923
3476924
3476925
3477070
3477133
3477136
3477137
3477138
3477139
3477140
3477141
3477513
3477570
3477571
3477572
3477577
3477578
3477579
3477580
3477581
3477582
3477583
3477584
3477585
3477586
3477587
3477588
3477589
3477590
3477591
3477592
3477593
3477594
3477595
3477596
3477597
3477601
3477602
3477603
3477604
3477605
3477606
3477607
3477608
3477609
3477610
3477611
3477612
3477613
3477614
3477615
3477616
3477617
3477618
3477619
3477620
3477621
3477622
3477623
3477624
3477625
3477626
3477627
3477628
3477631
3477632
3477931
3478251
3478252
3478253
3478254
3478255
3478256
3478257
3478258
3478259
3478260
3478261
3478262
3478263
3478264
3478265
3478266
3478267
3478268
3478269
3478270
3478271
3478272
3478273
3478274
3478275
3478276
3478277
3478278
3478279
3478280
3478281
3478282
3478283
3478284
3478285
3478286
3478287
3478288
3478337
3478338
3478339
3478340
3478421
3478422
3478472
3478473
3478490
3478491
3478492
3478493
3478494
3478495
3478496
3478497
3478498
3478499
3478500
3478501
3478502
3478503
3478504
3478505
3478506
3478507
3478508
3478579
3478580
3478931
3478932
3478962
3478972
3478973
3478974
3478975
3478976
3478977
3478978
3479052
3479070
3479114
3479145
3479154
3479155
3479171
3479172
3479173
3479224
3479225
3479243
3479364
3479365
3479366
3479746
3479747
3479748
3479749
3479750
3479751
3479752
3479753
3479754
3479755
3479756
3479757
3479759
3479760
3479761
3480211
3480214
3489667
3489668
3489669
3489672
3489673
3489674
3489675
3489676
3489677
3489678
3515824
3515825
3515826
3523317
3566662
3566663
3566664
3566665
3566666
3567757
3567758
3567759
3567760
3567779
3567780
3567781
3567782
3567785
3567786
3567787
3567788
3567790
3567791
3567793
3567794
3567795
3567796
3567797
3567798
3567799
3567800
3568159
3568160
3568161
3568162
3568163
3568164
3568165
3568166
3568167
3568168
3568169
3568170
3568171
3568172
3568173
3568174
3568175
3568176
3568177
3568178
3568179
3568180
3568181
3568182
3568245
3568248
3568249
3568251
3568252
3568253
3568256
3568257
3568258
3568259
3568260
3568306
3568558
3568572
3568573
3568574
3568575
3568576
3568577
3568578
3568579
3568580
3568581
3568582
3568583
3568584
3568585
3568586
3568587
3568588
3568589
3568590
3568591
3568592
3568593
3568594
3568748
3568749
3568750
3568963
3568964
3568965
3568966
3568967
3568968
3568969
3568970
3568971
3568972
3568973
3568974
3568975
3568976
3568977
3568985
3568986
3568994
3568999
3569092
3569094
3569100
3569368
3569369
3569412
3569541
3569542
3569543
3569546
3569547
3569548
3569549
3569550
3569551
3569552
3569553
3569554
3569555
3569556
3569557
3569558
3569559
3569560
3569561
3569562
3569563
3569564
3569565
3569566
3569567
3569568
3569569
3569570
3569571
3569572
3569573
3569574
3569575
3569576
3569577
3569578
3569579
3569580
3569581
3569582
3569583
3569584
3569585
3569586
3569587
3569588
3569589
3569590
3569591
3569592
3569593
3569594
3569595
3569596
3569597
3569598
3569599
3569600
3569601
3569602
3569604
3569605
3569608
3569609
3569610
3569611
3569859
3569860
3569861
3569903
3569904
3569981
3569982
3569983
3569984
3569985
3569986
3569987
3569988
3569989
3569990
3569991
3569992
3569993
3569994
3569995
3569996
3569997
3569998
3569999
3570000
3570001
3570002
3570003
3570004
3570005
3570006
3570007
3570008
3570009
3570011
3570012
3570013
3570014
3570015
3570016
3570017
3570018
3570019
3570020
3570021
3570022
3570023
3570024
3570107
3570245
3570246
3570250
3570251
3570252
3570253
3570254
3570255
3570256
3570257
3570346
3570347
3570348
3570349
3570350
3570351
3570352
3570353
3570354
3570355
3570431
3570432
3570433
3591618
3591619
3591620
3591621
3591791
3591792
3591793
3591795
3591796
3591797
3591798
3591799
3591800
3591801
3591802
3591803
3591804
3591805
3591806
3591807
3591808
3591809
3591810
3591811
3591812
3591813
3591814
3591815
3591816
3591817
3591818
3591819
3591820
3591821
3591822
3591823
3591824
3591825
3591826
3591827
3591828
3591829
3591830
3591831
3591832
3591833
3591834
3591835
3591836
3591837
3591838
3591839
3591852
3591853
3591854
3591855
3591856
3591857
3591858
3591859
3591860
3591861
3591862
3591863
3591864
3591865
3591866
3591867
3591868
3591869
3591870
3591874
3591875
3591881
3591882
3672043
3672044
3672045
3672046
3672047
3672048
3672049
3672050
3672051
3672052
3672053
3672054
3672055
3672058
3672059
3672060
3672061
3672062
3672064
3672065
3680417
3680418
3680419
3680420
3680421
3680424
3680425
3680426
3680427
3680428
3680429
3680430
3680431
3680432
3680433
3680689
3680690
3680702
3680703
3680704
3680705
3680706
3680707
3680736
3680745
3680746
3680747
3680954
3680955
3680956
3680957
3680959
3680963
3680964
3681228
3681229
3681264
3681265
3681266
3681267
3681268
3681269
3681270
3681271
3681272
3681273
3681274
3681275
3681276
3681524
3681525
3681526
3681573
3681613
3681615
3681616
3681627
3681628
3681630
3681631
3681726
3681727
3681728
3681845
3681846
3681899
3681900
3681901
3681902
3681903
3681904
3681905
3681906
3681907
3681908
3681909
3681910
3681911
3681912
3681914
3682131
3682599
3682600
3682601
3682602
3682614
3682615
3682616
3682617
3682618
3682619
3682620
3682621
3682622
3682623
3682624
3682625
3682626
3682627
3682628
3682638
3682639
3682640
3682641
3682642
3682643
3682646
3682647
3682648
3682649
3682650
3683037
3683042
3683369
3683371
3683372
3683373
3683374
3683375
3683376
3683489
3683490
3683491
3683492
3683493
3683494
3683495
3683496
3683497
3683508
3683552
3683553
3683554
3683555
3683556
3683558
3683559
3683622
3683670
3683695
3683696
3683697
3683698
3683699
3683700
3683701
3683702
3683705
3683706
3683707
3683708
3683722
3683723
3683724
3683725
3683793
3683794
3683879
3683880
3683881
3683882
3683883
3683884
3683885
3683886
3683887
3683888
3684198
3684207
3684208
3684215
3684216
3684217
3684219
3684233
3684234
3684235
3684236
3684237
3685290
3685291
3685299
3685300
3685301
3685302
3685303
3685322
3685332
3685333
3685334
3685335
3685336
3685337
3685338
3685339
3685340
3685341
3685342
3685343
3685344
3685345
3685377
3685381
3685382
3685383
3685384
3685385
3685386
3685387
3685389
3685390
3685391
3685392
3685393
3685394
3685395
3685396
3685397
3685398
3685399
3685400
3685401
3685402
3685403
3685476
3685477
3685478
3685479
3685480
3685481
3685482
3685483
3685484
3685485
3685486
3685487
3685488
3685489
3685490
3685491
3685492
3685493
3685494
3685495
3685496
3685497
3685498
3685499
3685500
3685501
3685502
3685503
3685504
3685505
3685506
3685507
3685508
3685509
3685510
3685511
3685512
3685513
3685514
3685515
3685516
3685517
3685518
3685519
3685520
3685521
3685522
3685523
3685524
3685525
3685526
3685527
3685528
3685529
3685530
3685531
3685532
3685533
3685534
3685535
3685536
3685537
3685538
3685539
3685540
3685541
3685542
3685543
3685544
3685545
3685546
3685547
3685548
3685549
3685550
3685551
3685552
3685553
3685554
3685555
3685556
3685557
3685558
3685559
3685560
3685561
3685562
3685563
3685564
3685565
3685566
3685567
3685678
3685745
3685746
3685747
3685748
3685749
3685783
3685784
3685824
3685830
3685929
3686192
3686193
3686194
3686195
3686212
3686222
3686223
3686235
3686272
3686273
3686274
3686275
3686276
3686277
3686278
3686279
3686288
3686409
3686410
3686411
3686823
3686825
3686826
3686827
3686828
3686829
3686830
3686831
3686832
3686833
3687084
3687085
3687086
3687312
3687382
3687425
3687463
3687648
3687649
3687650
3687651
3687652
3687653
3687655
3687888
3687889
3687890
3687983
3687984
3687985
3687986
3687987
3687988
3687989
3687990
3687991
3688070
3688149
3688150
3688151
3688152
3688195
3688196
3688197
3688198
3688199
3688200
3688201
3688202
3691745
3691746
3691747
3691748
3691749
3691750
3691751
3691752
3691753
3691776
3691777
3691778
3691779
3691871
3691873
3691874
3691879
3691946
3691949
3692005
3692006
3692007
3692008
3692268
3692269
3692270
3692271
3692272
3692273
3692274
3692307
3692308
3692309
3692310
3692476
3692477
3692478
3692479
3692480
3692481
3692482
3692483
3692484
3692485
3692486
3692487
3692488
3692489
3692490
3692491
3692492
3692493
3692494
3692495
3692496
3692497
3692498
3692499
3692500
3692501
3692502
3692503
3692504
3692505
3692507
3692544
3692798
3693359
3693370
3693487
3693488
3695523
3696052
3696316
3696317
3696319
3696410
3696412
3696413
3696468
3696469
3696470
3696471
3696472
3696473
3696474
3696475
3696476
3696519
3696766
3696838
3696927
3696928
3696929
3696930
3696931
3697202
3697530
3697531
3697532
3697692
3697693
3697696
3697770
3697771
3697772
3697773
3697774
3697775
3697776
3697777
3697778
3697779
3697780
3697781
3697782
3697783
3697784
3697785
3697927
3697928
3698017
3698018
3698019
3698020
3698021
3698022
3698023
3698024
3698025
3698026
3698027
3698268
3698269
3698270
3698271
3698272
3698273
3698274
3698275
3698276
3698277
3698278
3698279
3698280
3698281
3698282
3698283
3698284
3698285
3698286
3698287
3698288
3698289
3698290
3698291
3698292
3698293
3698294
3698295
3698296
3698323
3698356
3698500
3698501
3698502
3698503
3698504
3698505
3698867
3699185
3699303
3699794
3699795
3699796
3699938
3699940
3699941
3700002
3700013
3700014
3700022
3700026
3700027
3700028
3700029
3700030
3700031
3700032
3700033
3700034
3700050
3700051
3700053
3700054
3700055
3700907
3701026
3701059
3701060
3701077
3701079
3701080
3701081
3701092
3701093
3701095
3701096
3701097
3701191
3701192
3701193
3701194
3701196
3701314
3701315
3701329
3701330
3701331
3701486
3701579
3701917
3701918
3701919
3702303
3702305
3702373
3703727
3703740
3703981
3704054
3704551
3704552
3704553
3704554
3704555
3704902
3704903
3704904
3704956
3704957
3704958
3704959
3704960
3704961
3704962
3704963
3704964
3704965
3704966
3704967
3704968
3704969
3704970
3704971
3704972
3704973
3704974
3704975
3704976
3705263
3705264
3705265
3705277
3705284
3705285
3705767
3705807
3705808
3705809
3705810
3705811
3705812
3705813
3705814
3705815
3705816
3705817
3705818
3705819
3705820
3705821
3705822
3705823
3705824
3705825
3705826
3705827
3705828
3705829
3705830
3705831
3705832
3705833
3705834
3705835
3705836
3705837
3705838
3705839
3706510
3706511
3706512
3706513
3706568
3706583
3706584
3706585
3706586
3706587
3706588
3706589
3706590
3706591
3706592
3706593
3706594
3706595
3706596
3706597
3706598
3706599
3706600
3706601
3706602
3706603
3706604
3706605
3706606
3706607
3706608
3706609
3706610
3706611
3706612
3706613
3706614
3706615
3706616
3706617
3706618
3706619
3706620
3706621
3706622
3706623
3706624
3706625
3706626
3706627
3706628
3706629
3706630
3706631
3706632
3706633
3706634
3706635
3706636
3706637
3706638
3706639
3706640
3706641
3706642
3706643
3706644
3706645
3706646
3706647
3706648
3706649
3706650
3706651
3706652
3706653
3706654
3706655
3706872
3706873
3706874
3706907
3706908
3706909
3706910
3706911
3706912
3706913
3706914
3706975
3706976
3706977
3706978
3706979
3706980
3706981
3706982
3706983
3706984
3706985
3706986
3706987
3706988
3706989
3706990
3706991
3706992
3706993
3706994
3706995
3706996
3706998
3707262
3707263
3707264
3707383
3707384
3707395
3707396
3707718
3707719
3707720
3707721
3707722
3707723
3707724
3707725
3707726
3707727
3707728
3707729
3707730
3707731
3707732
3707733
3707734
3707735
3707736
3707737
3707738
3707739
3707740
3707851
3707886
3707889
3707890
3707891
3707892
3707893
3707894
3707895
3707896
3707897
3707898
3707899
3707900
3707901
3708952
3708953
3708954
3709620
3709621
3709622
3709623
3709773
3709774
3709775
3709776
3709777
3709778
3709779
3709780
3709781
3709782
3709783
3709784
3709785
3709816
3709817
3709818
3710398
3710400
3710401
3710402
3710556
3710557
3710558
3711001
3711002
3711003
3711004
3711005
3711006
3711007
3711008
3711009
3711010
3711011
3711012
3711013
3711014
3711015
3711016
3711017
3711018
3711019
3711020
3711021
3711022
3711023
3711024
3711025
3711026
3711027
3711028
3711029
3711080
3711081
3711082
3711083
3711084
3711085
3711086
3711087
3711202
3711213
3711214
3711215
3711216
3711217
3711218
3711219
3711220
3711353
3711362
3711363
3711510
3711532
3711533
3711534
3711535
3711536
3711537
3711538
3711539
3711556
3711559
3711561
3711562
3711563
3711564
3711565
3711566
3711567
3711568
3711569
3711570
3711571
3711572
3711573
3711574
3711575
3711576
3711577
3711578
3711579
3711580
3711587
3711588
3711589
3711590
3711591
3711592
3711593
3711594
3711595
3711600
3711601
3711602
3711603
3711604
3711605
3711606
3711607
3711608
3711609
3711610
3711611
3711612
3711613
3711614
3711615
3711616
3711617
3711618
3711619
3711620
3711621
3711622
3711623
3711624
3711625
3711626
3711627
3711628
3711629
3711630
3711631
3711632
3711633
3711634
3711715
3711720
3711721
3711722
3711723
3711724
3711725
3711726
3711727
3711728
3711729
3711730
3711753
3711754
3711755
3711756
3711757
3711765
3711766
3711783
3711784
3711785
3711786
3711787
3711788
3711789
3711790
3711791
3711870
3712148
3712149
3712150
3712715
3712853
3712854
3712855
3712856
3712857
3712858
3712859
3712860
3712861
3712863
3712864
3712865
3712877
3712878
3712879
3712880
3712881
3712882
3712883
3712884
3712885
3712929
3713107
3713109
3713110
3713111
3713148
3713149
3713150
3713151
3713365
3713371
3713372
3713373
3713374
3713375
3713376
3713380
3713411
3713581
3713742
3713743
3713744
3713745
3713746
3713747
3713748
3713749
3713750
3713751
3713812
3713813
3713814
3713815
3713816
3713817
3713818
3713819
3713820
3713821
3714046
3714047
3714048
3714049
3714050
3714051
3714052
3714053
3714054
3714055
3714056
3714057
3714058
3714059
3714060
3714061
3714062
3714063
3714064
3714065
3714066
3714067
3714068
3714069
3714070
3714726
3714734
3714735
3714736
3714818
3714896
3714897
3714898
3714899
3714972
3714973
3714974
3714977
3714978
3714979
3714980
3714981
3714982
3714983
3714984
3714985
3714986
3714987
3714988
3714989
3714990
3714991
3714992
3714993
3714994
3714995
3714996
3714997
3714998
3714999
3715000
3715081
3715151
3715153
3715154
3715194
3715195
3715196
3715197
3715198
3715199
3715247
3715263
3715264
3715265
3715266
3715267
3715268
3715269
3715270
3715271
3715272
3715273
3715274
3715275
3715276
3715277
3715278
3715279
3715280
3715281
3715282
3715283
3715284
3715286
3715311
3715543
3715544
3715546
3715547
3715548
3715549
3715550
3715551
3715619
3715659
3715660
3715661
3715729
3715783
3715784
3715786
3715787
3715788
3715789
3715790
3715793
3715794
3715795
3715797
3715798
3715799
3715984
3715985
3715986
3716025
3716026
3716027
3716028
3716029
3716040
3716041
3716044
3716045
3716046
3716230
3716256
3716257
3719985
3719986
3719987
3719988
3719989
3719990
3719991
3720007
3720300
3720301
3720302
3720303
3720744
3720745
3720746
3720747
3720748
3720749
3720887
3720888
3720989
3720990
3720991
3720993
3720994
3720995
3720996
3720997
3721039
3721746
3721747
3721748
3721749
3721750
3721751
3721752
3721753
3721754
3721755
3721756
3721757
3721758
3721759
3721760
3721761
3721762
3721763
3721764
3721765
3721766
3721767
3721768
3721769
3721770
3721771
3721772
3721773
3722023
3722024
3722025
3722026
3722027
3722028
3722029
3722030
3722031
3722032
3722033
3722034
3722115
3722233
3722234
3722577
3722578
3722770
3722771
3722772
3722773
3722774
3722775
3722776
3722777
3722778
3722779
3722780
3722781
3722783
3722784
3722785
3724108
3724109
3724110
3724111
3724112
3724851
3724852
3724853
3724869
3724882
3724883
3724933
3724934
3724935
3724936
3724940
3724941
3724942
3724943
3725127
3727589
3730550
3730552
3730553
3730554
3730555
3730596
3730609
3730610
3730611
3730612
3730613
3730629
3730630
3730631
3732629
3732630
3732631
3732632
3733090
3733137
3733423
3733424
3733425
3733426
3733427
3733428
3733429
3733430
3733431
3733432
3733433
3733434
3733435
3733436
3733437
3733438
3733439
3733440
3733441
3733442
3733443
3733444
3733445
3733446
3733447
3733448
3733449
3733513
3733630
3733631
3733632
3733633
3734313
3734314
3734315
3734418
3734584
3734585
3734586
3734609
3734610
3734611
3734612
3734613
3734614
3734615
3734616
3734617
3734618
3734619
3734620
3734621
3734622
3734687
3734688
3734689
3734690
3734803
3734804
3734805
3734806
3734807
3734808
3734888
3734889
3734890
3734891
3734892
3734893
3734894
3734895
3734896
3734897
3734963
3734964
3734965
3734966
3734967
3734968
3734969
3734970
3734971
3734974
3734975
3734976
3734977
3734978
3734979
3734980
3734981
3734982
3735005
3735006
3735007
3735008
3735009
3735010
3735011
3735019
3735020
3735021
3735022
3735023
3735024
3735025
3735026
3735047
3735048
3735049
3735050
3735065
3735085
3735166
3735168
3735169
3735170
3735171
3735172
3735173
3735174
3735177
3735180
3735181
3735182
3735183
3735184
3735185
3735186
3735187
3735195
3735196
3735197
3735198
3735202
3735203
3735204
3735205
3735206
3735207
3735295
3735296
3735297
3735298
3735299
3735300
3735301
3735302
3735303
3735305
3735385
3735386
3735387
3735388
3735389
3735672
3735673
3735674
3735675
3735676
3735709
3735710
3735711
3735712
3735713
3735717
3735718
3735719
3735720
3735721
3735722
3735723
3735724
3735725
3735726
3735727
3735728
3735729
3735730
3735731
3735732
3735733
3735734
3735735
3735736
3735737
3735738
3735739
3735740
3735741
3735742
3735743
3735744
3735745
3735746
3735747
3735748
3735749
3735750
3735751
3735752
3735753
3735754
3735755
3735756
3735757
3735758
3735759
3735760
3735761
3735762
3735763
3735764
3735765
3735766
3735767
3735768
3735769
3735770
3735771
3735772
3735773
3735774
3735775
3735777
3735778
3735779
3735780
3735781
3735982
3735983
3735986
3735987
3735988
3735989
3735990
3735991
3735992
3735993
3735994
3736134
3736135
3736136
3736137
3736400
3736401
3736402
3736579
3736580
3736581
3736582
3736583
3736584
3736585
3736586
3736587
3736644
3736649
3737005
3737006
3737103
3737429
3737430
3737431
3737432
3737433
3737434
3737435
3737436
3737437
3737438
3737439
3737440
3737441
3737442
3737443
3737444
3737445
3737446
3737447
3737448
3737449
3737450
3737500
3737501
3737502
3737503
3737504
3737505
3737506
3737911
3738065
3738066
3738140
3738284
3738676
3738682
3738739
3738740
3738741
3738742
3738743
3738744
3738745
3738746
3738747
3738748
3738749
3738750
3738751
3738752
3738753
3738754
3738755
3738756
3738802
3738803
3738941
3738942
3738943
3738944
3738945
3738946
3738947
3738948
3738949
3738950
3738951
3739101
3739272
3739273
3739312
3739313
3739314
3739315
3739316
3739317
3739318
3739319
3739320
3739321
3739322
3739323
3739324
3739325
3739326
3739328
3739329
3739368
3739417
3739440
3740627
3740628
3741181
3741204
3741205
3741206
3741207
3741208
3741209
3741210
3741211
3741212
3741213
3741214
3741215
3741216
3741217
3743341
3743342
3743343
3743351
3743352
3743353
3743354
3743634
3743635
3743636
3743637
3743638
3743639
3743640
3743641
3743653
3743654
3743655
3744648
3745951
3745965
3745966
3746538
3746539
3746540
3746541
3746542
3746543
3746544
3746545
3746546
3746547
3746548
3746549
3746550
3746551
3746552
3746553
3746554
3746555
3746556
3746557
3746558
3746559
3746560
3746561
3746562
3746563
3746564
3746565
3746566
3746567
3746568
3746569
3746570
3746571
3746572
3746573
3746574
3746575
3746576
3746577
3746578
3746645
3746646
3746647
3746648
3746649
3747615
3747616
3747617
3747618
3747619
3747620
3747621
3747622
3747623
3747624
3747625
3747626
3747627
3747628
3747629
3747630
3747631
3747632
3747633
3747634
3747635
3747636
3747912
3747913
3747914
3747915
3747916
3747917
3747918
3747919
3747920
3748284
3748285
3748286
3748288
3748289
3748290
3748291
3748292
3748293
3748294
3748295
3748296
3748297
3748298
3748299
3748300
3748301
3748302
3748303
3748304
3748610
3748614
3748615
3748736
3748826
3748827
3748828
3748829
3748836
3748957
3748958
3748959
3748960
3748961
3748962
3748997
3748998
3748999
3749000
3749001
3749028
