2697093
2922985
2972813
2972812
2972806
2972803
2972801
2972798
2972797
2972788
2794827
2985659
2972834
2972829
2972818
2972816
2972814
3413333
2831640
2695840
2762815
2695844
2992788
2992787
2992785
2233993
2795667
2795668
2730536
2730536
2763103
2922321
2922322
2785386
2218497
2546634
2872674
2742947
2768772
3027684
2576478
2881221
3432369
3034284
3028905
3017288
3017169
3002891
2961844
2950724
2894792
2852004
2851974
2859527
2862735
2860375
2831174
2829846
2820397
2777301
2750856
2601638
2419745
1775249
3118720
2996058
3003559
3003819
2982918
2962599
3042444
3032422
3032420
3018530
3018529
2996053
2996049
3027007
3020453
3028909
3028908
3028904
3028471
3028143
3025422
3020389
2950459
2950458
3025418
3017287
2946085
2863149
2863152
2866699
2866701
3003728
3002892
2995280
3432974
2984978
2928836
2985561
2985286
2982898
2962598
2951263
2951262
2980552
2982033
2981543
2932672
2980089
2970324
2912648
2912647
2874878
2874877
2874876
2972436
2970322
2970334
2969659
2961687
2959432
2951185
2865825
2950726
2942418
2948589
2936943
2747781
2922323
2922319
2922318
2935709
2935708
2918880
2918879
2928431
2924903
2924902
2924901
2924900
2924899
2923096
2918650
2713223
2914021
2911669
2913092
2911661
2911656
2863271
2863267
2863265
2909746
2909745
2909744
2900330
2894397
2894749
2894750
2894751
2894738
2902664
2902660
2902680
2902681
2902661
2894791
2894393
2894742
2902673
2902662
2897410
2880890
2866702
2852031
2852028
2852026
2852023
2852022
2852021
2852005
2852003
2851994
2851993
2851992
2851991
2851990
2851977
2851976
2851975
2851972
2851971
2851970
2729570
2729569
2729568
2729567
2729566
2876728
2823852
2816459
2692510
2836106
2869568
2864368
2864366
2864365
2864364
2864363
2864362
2864361
2859528
2859564
2864369
3426492
2772520
2772519
2772518
2772517
2772516
2749424
2861003
2860371
2849097
2729382
2835638
2834252
2815768
2812882
2801536
2801510
2777348
2776771
2789812
2789811
2785525
2777380
2777378
2777377
2759218
2767583
2777397
2776814
2736280
2767513
2765371
2743970
2743843
2750849
2736258
2719179
2713325
2713322
2713318
2713313
2713311
2713305
2713298
2696439
2696437
2696435
2696434
2696430
2696410
2696337
2683673
2591134
2591377
2591376
2575327
2591055
2588125
2587819
2576874
2576873
2508175
2508197
2562601
2315705
2315619
1508676
2025813
2202247
2099658
1933115
1933114
1933113
1718594
2713296
2713288
2713284
2713280
2912287
3018531
3018528
3018522
3028515
2608368
2822864
2849625
2911664
2978980
3003366
2909742
2593324
2593331
2910155
2801354
2801356
2801357
2875839
2961702
2876597
3038364
2859476
2571250
3038367
2927281
2652405
3035369
10863
10863
10863
10863
10863
10863
10863
10863
10863
1977402
10872
1463607
2902690
2894809
2562181
2777364
2902694
2902692
2914027
2777363
2563592
2660689
2301640
2580353
2301636
2301637
2301634
2301639
2301635
2829367
2961988
2914450
2875722
2711179
1805958
2834256
1260287
1260286
2675159
2682965
2601671
2750264
2686285
2201472
126989
3071317
2530114
2776820
2652757
689414
689414
2939039
2719194
1327940
1921524
2034343
2860997
2924906
2924907
2924904
2894297
2656517
3022057
2036050
3022056
3018995
3022055
2488595
3028488
2937408
2812900
2587493
2499902
2419747
3003808
2544984
3003720
2419748
3003719
2936914
2776857
2713260
2713258
2565509
2419952
2419964
2985648
2510522
2859633
2836041
2944951
2419968
2419963
2926097
2910765
2736271
2926108
2736273
2926084
2743999
2736272
2968677
2968680
2509748
2891955
2968613
2851069
2851068
2936912
2845816
2793708
2999013
2483661
2805839
2927284
2885983
2927268
2985324
2599870
2588512
2599866
2182397
2599890
2836048
2926099
2565372
1821728
1887657
2772023
2653275
2836011
2572529
2985323
2867473
2985325
2926098
2927243
2725651
2851101
2776864
2776866
2762415
2871539
2816467
2885152
2126928
2776867
2591213
2713263
2590932
2829393
2126929
2725619
2912654
2591214
2776868
2894293
2656554
2656550
2656546
2596974
2813165
2743404
2863847
2871520
2656551
2686229
2591217
2591215
2686228
2591216
2885981
2927283
2859477
2951390
2951391
2250368
2859632
2250389
2250409
2015864
2014347
2015871
2681674
2865787
2863832
2144178
2530021
2873413
2945916
2885687
2762429
2762426
2762427
2900297
2713319
2713291
2713312
1914788
2877945
2801553
2562176
2996091
2968433
2849081
2959430
2795238
2759195
2950460
2894344
1929963
2982923
2713289
2713293
2231334
2231336
2801566
2801568
2749668
2580409
2982171
2906742
2914178
2603849
2886211
2831178
2886209
2603848
2024214
2914173
3003233
2749412
2301720
2762669
2713323
2873373
2906028
2664131
2653660
2301722
2713326
2713283
2713320
2713302
1897529
2592216
2939132
2939129
2939128
2674975
3025408
2894785
2851982
2936919
2742948
2924880
2735301
2763527
2835936
2902747
2836105
2936906
2894795
2696462
2776148
2696411
2894588
2823683
2696416
2696386
2045373
2565596
2060112
2894793
2851979
2851980
2924881
2508185
2488596
2851978
2865793
2508186
2865806
2508187
2851981
2696442
2906743
2894747
2894796
2894753
2970333
2917160
2894778
2234092
3020045
2382122
2894587
2686378
3003729
2660687
2822848
2968248
1970800
2874887
2912296
2874886
2873352
2834265
2874885
2982901
2852114
2981580
2968666
2968665
2783667
2874889
2874890
2874888
2973661
2935866
2759197
2047786
2562174
2961985
2776813
2894801
2530028
2861002
2874879
2849972
2849971
2686208
2184051
2419638
2419635
2419634
2419633
2419631
1971445
1971440
1971439
1971438
1971437
1971436
1971427
1971417
2365056
2365055
2365052
2365041
2365037
2365034
2365033
2365032
2365031
2365029
2365027
2365016
2419639
1971414
2492468
1913083
1971411
2483877
1971412
2492466
2419647
2419654
2920374
2419619
2894786
2894787
2894789
2724322
2894788
2500559
2894790
2783539
1675029
2163605
2910950
2910951
2740427
2754975
2081631
2795745
2924884
2588096
2592193
2805750
2894593
2509785
2509764
2718942
2783673
2781608
2588487
2783674
2783669
2718943
2593322
2593327
2591025
2894335
2767577
2492447
2869569
3071007
2767581
2663326
2590895
2250412
2867479
2859474
2591110
2024277
2591069
2024275
2015816
2024279
2024274
2924885
2664939
1920305
2108123
2712957
1932118
1897640
1916202
1916190
1916186
1897555
1916178
1916154
1916193
1916192
1916201
2267655
2866684
2894367
2914028
2914024
2918920
2918927
2918921
2918926
2914172
2861008
2906468
2904709
2852116
2724352
2881011
2915325
1913081
1913082
2419636
2419643
2857501
2762389
2591117
2656538
2652411
2590931
2885976
2024263
103371
2663232
2763529
2763531
2509729
2509586
2509787
2601632
2927622
2835941
3071005
2851077
2603260
2024265
2282409
2810370
2047765
2853091
2315696
2234086
2750853
2859656
2859653
2163965
1868829
2713224
2873372
2894395
2863195
2686301
2873349
2914029
2836086
2836132
2836135
2509576
2509781
2509728
2509750
2886042
2877946
2859072
2859655
3071280
2801506
2500560
1675028
2094736
1296654
2924887
2926475
2836091
2419957
2419611
2419610
2836007
2419609
2419948
2419967
2848886
2601695
2591226
2006671
1357707
1357709
2510494
1856120
1366055
2065202
1357710
2591118
2652881
1777061
2652879
2652883
2182395
2759395
2862998
2588133
2652880
2499023
2873534
2591209
2079397
2599847
2201426
2047832
2859488
2790987
2836044
2910954
2759392
2502431
2762412
2836009
2488957
2575355
2859634
2776861
2776839
2571252
2591189
2762398
2713269
2713267
2848887
2767565
2739834
2914443
2893954
2797303
2908628
2596709
2863193
2848881
2799672
2686202
2662136
2704035
2885974
2250414
2588498
2419947
2419945
2686235
2593335
2571247
2653271
1647283
2790985
2908746
2862773
3070820
2069609
2069608
2419663
2419660
2419656
2483879
2419655
2483878
2419649
2419640
2419632
2419630
2419628
2041508
1971449
1971448
1971447
1971446
1971443
1971435
1971434
1971433
1971432
1971431
1971430
1971429
1971426
1971425
1971424
1971423
1971422
1971421
1971419
1971418
1971416
1971415
1971410
2041506
2041505
2041504
2006928
2108111
2108109
2365058
2365054
2365051
2365049
2365048
2365047
2365046
2365045
2365044
2365043
2365042
2365039
2365038
2365036
2365035
2365030
2365028
2365026
2365022
2365021
2365018
2365017
2365015
2365012
2365010
2365009
2365008
2365005
2041501
2041496
1718279
1718280
1718281
2762819
2831679
2768133
2704034
2832317
2910755
2885973
2835951
2762410
2776851
2832322
2790983
2832315
2776856
2832319
2910754
2860377
2860376
2712941
2859658
2801524
2576871
2863194
2338395
2849246
2849244
2900314
2910949
2910948
2894356
2924888
2871538
2656530
2743910
2894794
2816460
2783549
2783546
2908744
2591406
3070616
2079570
2201427
2571246
2866663
2589659
2508203
2711183
2865805
2601630
2711185
2686238
2742113
2662277
2860374
2865794
2742112
2849626
2070199
2059867
2908630
2772448
2601660
2601652
2591379
2315627
3003632
3003632
3003632
3003632
1642588
2982892
2099649
2880994
2719198
2880993
2970490
2596676
2872676
2746928
2872675
2562463
2932867
2787014
2874884
2301721
2596714
2530161
2834247
2732254
2491323
2959429
2024312
2801837
2994057
2955582
2745699
2745692
2745691
2745685
2745684
2745674
2745673
2745672
2745662
2745646
2745643
2743803
2743804
2651918
1493510
1493514
1493509
2006668
2530023
2866695
2797313
2869545
2869543
2869556
2869553
2869552
2869555
2869547
2869557
2869544
2869549
1926503
1542103
1928621
2801525
1093672
2283027
2486665
2283028
2801834
2698923
2653718
2885975
2767553
2483673
2762280
2591121
2301693
31754
2831671
2812854
2805836
2806547
2801895
2801480
2797417
2801477
2795746
2801534
2793696
2781364
2783547
2790994
2777318
2763102
2776836
2756144
2759393
2759198
2762397
2762401
2767578
2759177
2762414
2762421
2762413
2743994
2743985
2743907
2743801
2743829
2743826
2743781
2736262
2736265
2736263
2736261
2736288
2736202
2736200
2736197
2725634
2725629
2723773
2723769
2723900
2723901
2723899
2723898
2723897
2719594
2719593
2710495
2712961
2735171
2709317
2664225
2656590
2654972
2655002
2653725
2652882
2653747
2653274
2653273
2652402
2652412
2599884
2650876
2593356
2593350
2590929
2588492
2588514
2588507
2588503
2588505
2591116
2591205
2591208
2591106
2590874
2590896
2588130
2588127
2588128
2588131
2572528
2576872
2563525
2517927
2517973
2517969
2510506
2507863
2502425
2500799
2500789
2500581
2500761
2499909
2479933
2448909
2483675
2483674
2483672
2483670
2483668
2483666
2483665
2483719
2315530
2315529
2315610
2315700
2301603
2301602
2301560
2301559
2301558
2301695
2100130
2283292
2283246
2250214
2250322
2250320
2250396
2250394
2250390
2250422
2234080
2234047
2163979
2163978
2182347
2163901
2163633
2163891
2163889
2163887
2108137
2079415
2065203
1881236
1881231
2340715
2053701
2041515
2041511
2027894
2006942
2025809
1892569
2052931
2052932
2716322
2083276
1983556
1983572
1970776
1965485
1965363
1913572
1882439
1871710
1852638
1815976
1883365
1777059
1651196
2077135
1920526
1881315
1881450
1881242
1881303
1881268
1975614
2500797
2562185
1979540
1497850
1685501
2848047
867695
1983536
2060948
2060954
2060950
2060951
2029064
2588088
2268608
1920379
1296641
2726708
2510149
2066503
912321
1965489
2530024
2015873
1772314
2015860
2282396
1636259
1636256
2249773
2575255
2759732
2596715
1913446
2495555
2495554
2495553
2024213
2491321
2675265
2675263
2608369
2675245
2675243
2675242
2675240
2675237
2675260
2675259
2675258
2675244
2675238
2305483
2305489
2847818
2305487
2305485
2305484
2305480
2024340
2024339
2024338
2675235
2024337
2024336
2024335
2500815
2024334
2591411
1897736
2662299
1897539
2249779
2070190
2029631
2557555
2696345
2492948
2848096
947066
1211285
2588090
2681195
2059858
2848097
2591042
2591041
2048976
2591048
2591043
2591039
2026944
2723758
2282904
2759728
2759721
2759725
2759730
2759727
2759726
2759724
2759720
2759715
1654717
2759710
2691085
2321390
2052930
1913049
2024321
2591063
2591056
2716729
2656520
2025823
1932889
2697539
2697537
2697536
2060721
2060720
1837875
2315580
2750851
2508177
2184699
2750850
2218499
2508180
2724310
2508181
2502306
2502301
2502303
2081604
2508179
2079315
2696339
2750846
2025816
2576882
2025815
2420240
10666
10692
1651198
2163890
1651199
1651202
2716727
2716728
2079276
1480731
2849700
2696449
2585737
2589652
2575323
2591407
2759719
2749426
2686088
2499042
2500574
2024294
1983575
2743928
2126943
2488784
2656567
2591074
2041517
2041524
1897540
2517961
2572317
1176425
1927024
2301608
2686232
1916120
2041522
1897548
2024295
2077134
2024303
2599857
2744011
2077150
2250309
2517967
1912975
2530140
2656617
2047840
2182403
2502450
2656562
2047836
2664224
2593355
2517968
2126816
2126722
1897486
2725640
2530154
2793705
2499071
2590944
1983577
2591223
2656541
2704033
2094144
2571249
2419614
2762409
2502469
2502470
2686471
2301609
2301548
2041521
2027899
1873996
2182319
2801898
2593360
2053672
2767587
2601693
1913034
2740182
2740181
2108134
2301715
2599888
2041206
2725628
2530160
2041209
2041205
2041207
2059882
2301573
2510525
2767588
2767584
2767576
2201421
2590946
2820395
2759464
2500166
2340716
2565502
2769808
2749381
2562461
2686071
1973454
2301723
2419753
2479482
2583286
2419756
2234035
2591136
2126819
2282196
2588099
2588098
2419942
2759709
2759711
2653651
1927017
2099860
2099853
2743929
2301545
2743932
2588511
2047834
2530132
2301547
2047843
2743931
2517965
2599868
2575612
2575610
2024302
2315539
2530143
1897549
2315544
2744004
2797324
2301697
2588489
2301538
2601610
2775045
2283249
2499021
2047867
2250416
1897429
2015865
2743906
2499008
2794944
2047760
1897428
2499003
2743905
2488953
2517971
2759389
2749430
2767579
2767570
2201420
2762283
1927020
2759459
2762281
2041344
2599860
2283252
2599882
2015819
2015844
2769359
2015885
1701852
1874015
2591211
2591212
2743909
2794947
2301561
2656540
2656534
2656539
2250417
2591120
2483667
2483669
2301692
2762402
2762400
2483671
2510508
2794946
2696373
2571253
2599852
2713262
2686474
2662283
2660688
2315217
2593268
2761110
2761109
2742114
2419754
2801569
2698927
2729575
2024241
2079340
2776735
2591031
2608321
2663325
2048007
2753656
2783540
2596672
1983555
2026102
2796514
2218620
2218617
2218619
2218618
1964565
2674976
1852622
1622114
2719575
2315704
2126925
2250352
2743924
2250371
2725614
2653750
2743990
2656547
2126933
2776821
2743961
2696458
2696455
2696432
2696431
2696426
2696383
2696379
2144176
2315527
2041347
2178923
2593351
2599880
2024296
2041518
2572533
2015875
2575357
2015833
2517951
2742107
2656556
2686098
2713268
2099637
2079285
1486474
2743996
2041528
2108127
2488980
1897769
2484216
2027903
2719209
2517970
1913038
2023953
2301571
2250367
2768139
2027900
2301570
2081627
2584498
2500793
2041544
2126954
2250364
2079284
2301710
2652404
2767561
2653764
2653763
2315711
2163593
2182398
2283297
2591129
2419980
2301700
2283296
1897501
2301566
2767559
2282909
2283295
2301565
2767557
2301612
2776877
2484209
2530128
1913118
2027893
2301563
2656575
2725612
2592659
2656572
2163591
2656569
2182394
2301702
1932895
2708630
2182393
2656561
2126812
2315613
2599887
2599886
2599885
1912978
2015824
2484215
2517936
2510585
2652423
2725625
2094136
2015886
2507856
2599859
2725626
2024005
2250355
2027890
1913035
2163590
2108121
1034127
2762405
2599862
2015879
2015874
2015817
2015810
2708633
1983447
2015820
2653755
2015825
2015882
2283261
2301556
2094139
2126952
2301704
2530139
1897500
2708631
2492961
2250291
2301619
2686233
2483623
2664226
2315616
2652422
2686231
2282910
2014434
2178932
10682
2719600
2719595
2743936
2590837
2719185
2719200
2203191
2719186
2719601
2301731
2992639
1807511
2736266
2847044
2662128
2662127
2591398
2500810
2500809
2500808
2315470
2022474
2023950
2023949
1983413
1983461
1981931
1909400
2847063
2847057
2847061
2847056
2282412
2847058
2847062
2847060
2847055
2847059
1226262
1226263
254397
1147722
1226260
2546620
2546619
2546625
2017580
2546623
2546626
2546618
2546622
2546621
1747351
2501743
2182358
2590880
2590936
2015807
1226255
1226258
2108115
1983463
2590400
2744802
2662295
1965472
1965482
1965467
2596677
2696393
2530033
2530032
2591403
2678563
2580406
2580405
2689114
2488573
2099585
2686209
2580407
2530029
2580408
2608376
2591370
2591371
2591369
2591375
2591374
2697005
2848075
2714735
2696375
2696402
2696389
2696376
2696401
2696460
2696404
2508189
2713321
2848074
2696385
2696450
2696452
2696456
2696451
2591057
2576500
2662293
1868853
1868848
254253
2656515
1965474
1965478
2488571
39838
926474
2716354
2716352
2716351
2716350
2547425
2592196
2178927
2178928
2712940
2713304
2713310
2713306
2713278
2713292
2713273
2713281
2713274
2713301
2713314
2713256
2698910
2698907
2700089
2690230
2686289
2686303
2686308
2686290
2686080
2675257
2675256
2675255
2675254
2675252
2675251
2675250
2675249
2675246
2666257
2656526
2660715
2662297
2662298
2662296
2653270
2847816
2599828
2599838
2599764
2603257
2596966
2601675
2593333
2601678
2596674
2589660
2592212
2592223
2592220
2576484
2604899
2530042
2510455
2510464
2510470
2510480
2510483
2510487
2510486
2500819
2500816
2500827
2419682
2419752
2315608
2301662
2301647
2301648
2269366
2231347
2218612
2218611
2079278
2070200
2991867
1881383
1881421
2340712
2054274
2053671
2053708
2053705
2027277
2027272
2027267
2027260
2027259
2027256
2027252
2027250
2026814
2029676
2029675
2029674
2029673
2029672
2029671
2029670
2029669
2029668
2029667
2029666
2029665
2029664
2029663
2029662
2029661
2029660
2029659
2029658
2025818
2695850
2695848
2695849
2695847
2844224
2844219
2844222
2844221
2844220
2844217
2844218
2137745
1880590
1958914
1965484
1916111
1913109
1897742
1874587
1874589
1874593
1874585
1874572
1815984
1815983
1636587
1636583
1636586
1636576
1636560
1636580
1636571
1636569
1636566
1636582
1636556
1636581
1636578
1636570
1636564
1636573
1636724
1527692
1527693
1289467
1283073
213774
213777
213782
137511
2729541
2725606
2725616
2721760
2720215
2847815
2713277
2713309
2713279
2713299
2713317
2713297
2713285
2713308
2713282
2713327
2713276
2712958
2713257
2713242
2713243
2708562
2713222
2708629
2704043
2696340
2724180
2704031
2696397
2686279
2686278
2686277
2686273
2686270
2686268
2686266
2686263
2686258
2686251
2686250
2686247
2686246
2686245
2686244
2686242
2678601
2686437
2656545
2656532
2656582
2656542
2656529
2664246
2653716
2653652
2847072
2652415
2652414
2599849
2599845
2599848
2599843
2601628
2601686
2601697
2596884
2601643
2848039
2601626
2650877
2650874
2601680
2590948
2596673
2589658
2587809
2593638
2589665
2589656
2847284
2588490
2587814
2588499
2588502
2588504
2588513
2588501
2592195
1647454
2591132
2591111
2591131
2591135
2591204
2592615
2590877
2583039
2591033
2591032
2591030
2588517
2588520
2588518
2588515
2588097
2588132
2588094
2588093
2584487
2575328
2575325
2565501
2565510
2565517
2557553
2557554
2557582
2557579
2555548
2510941
2510943
2510942
2508071
2507858
2507854
2508174
2508172
2502420
2508865
2307269
2499037
2488789
2483610
2484218
2484217
2420237
1932007
2419930
2419618
2419978
2315703
2315475
2315695
2301621
2301701
2301714
2316013
2283013
2283012
2283303
2283304
2283267
2283265
2250336
2250335
2249767
2249765
2249778
2249777
2249780
2268621
2316154
2268609
2268607
2267403
2201455
2175605
2182408
2163598
2163635
2108116
2099338
2099336
2099850
2099648
2072797
2079289
2079417
2079413
2070028
2070193
2070192
2070196
2070195
2070194
2070189
2059855
2053813
2053812
2053723
2048975
2053702
2060949
2041454
2041383
2041382
2041210
2041215
2029635
2026113
2024208
2847822
2847823
2024238
2015828
2024252
1873341
1522091
2699738
2562636
2562635
1983541
1978922
1965354
1969736
1965490
1907784
1958913
1958919
1958917
1933063
1913112
1913591
1913047
1897739
1871716
1873954
1885242
1934428
1868595
1868594
1868598
1868826
1622116
1622115
1777122
1840236
1735646
1735645
1759525
1654888
10717
1357706
926066
1118064
2184265
2498591
2036055
874268
2507711
2079281
2419760
2419762
2419760
2419761
2496549
1729936
1729933
2283025
2283026
2508195
2508193
2508192
2508206
2510452
2849598
2565658
2565657
2849600
2849599
2508194
2572526
756276
754059
2562142
2565500
2562138
2562175
2562456
2562235
2562192
2562178
2530183
2530027
2547246
2545435
2502409
2530116
2483418
2419783
2530172
2530118
2530019
2528528
2419608
2200756
2108359
2510571
2510568
2500795
2510495
2484249
2508061
2848038
2785027
2507862
2508069
2500787
2500828
2500826
2499025
2499009
2499072
2492437
2499073
2498616
2483604
2059850
2420320
2026130
2282630
2282631
2282629
2301532
1881237
1881226
1881263
1881217
1881213
2489635
2489634
2489628
2489627
2489618
2488780
2488949
2488859
2488654
2488835
2483612
2483611
2321391
2483713
2053653
2053015
2267607
2153295
2484640
2484206
2419959
2419951
2419946
2419970
2419965
2419958
2419956
2419955
2419950
2419949
2419971
2480623
2496544
2315766
2315597
2315485
2315483
2315531
2315471
2315601
2315458
2340717
2340719
2382310
2315468
2315467
2315466
2315486
2315716
2041760
2301600
2301601
2301604
2234093
1881262
2315629
2315628
2301650
2316014
2320197
2320193
2320192
2320195
2320191
2320194
1983784
2283029
2283031
2283033
2268578
2283272
2283270
2283271
2283269
2301687
2301688
2301690
2301664
2301694
2301696
2301539
2041473
2041472
2282912
2250397
2250392
1332145
2269380
2268610
2783859
2283015
2283286
2992931
2250323
2250319
2250289
2267653
1048189
2268396
2231351
2231362
2231356
2231355
2231354
2231352
2231345
2231343
2231342
2268591
2268587
2268589
1186124
2041204
2025819
2024314
2201462
2175169
2201424
2201417
2992929
2201444
2201431
2201430
2201442
2201437
2201436
2201435
2233992
2233775
2048517
2041351
1983557
1958964
2182345
2182346
2182341
2992928
2182357
2182360
2182354
2182350
2790307
2790306
2790305
2790304
1548908
2163976
2163970
2163631
2163634
2163636
2163630
2496546
2163886
2115967
2163983
2163982
2163984
2163985
2161784
1962679
1206556
2138299
2138298
2126724
2136179
2070026
2126734
2099390
2099356
2081603
1176767
1176766
2496550
2052753
2052752
2052754
2052746
2079544
2079262
2079431
2060091
1785176
2079534
2079433
2079432
2079429
2079317
2079287
2079280
2079275
2074138
2070201
2070198
2070188
2070187
2070186
2070185
2070184
2070183
2070182
2070181
2066504
2060945
2059883
2059881
2059880
2059879
2059856
2054273
2054272
2783801
2053686
2053682
2053604
2053563
2048979
2048061
2047831
2047830
2047782
2783800
2041493
2041492
2041489
2024330
2024325
2059857
1983595
1983588
1983553
1912492
2761363
1873993
1486419
1486414
1220716
1220715
1220602
1075774
1747286
2507411
10759
2048005
2041211
2029657
2024607
1920294
1837877
1897515
1871708
1319980
947842
947379
1815956
2027888
2026950
2026943
2024315
2024313
2024262
2024261
2024251
2024248
2024247
2024239
2024237
2023998
2023996
2023716
2022859
2020879
2928692
2014586
2006930
2005054
2005048
1983789
1983554
2783802
2783803
1970798
1970795
2267237
1965465
1965370
2496547
1961914
1960658
1960657
1958965
1958956
1958922
1958907
1933774
1933773
1933412
1933111
1933110
1933108
1933107
1932893
1932892
1932890
1932883
1932882
2783867
1932362
1932361
1927014
1926594
1920312
1920311
1920310
1920308
1916414
1916107
1916101
1913581
1913574
1913114
1913048
1912320
1912319
1907783
1907782
1907781
1904925
1897743
1897641
1897495
1897436
1897434
1897431
1897430
1882400
1881104
2886901
1871314
1868844
1852630
1852598
1846168
1814959
1775250
1770232
1755697
1698708
1675601
1675600
1662463
1655307
1647468
1636201
1597967
1572746
1567007
1555207
1629654
1480731
1173765
1445811
1432428
1414766
1292086
1273706
1225795
1220601
1434127
1126949
1126951
1278485
756278
1673874
1673884
1610831
1610830
516541
1195080
1195079
1195078
1195081
1195077
1195076
1239385
1028375
1493508
1493508
2790660
2790659
2790347
2790346
2790336
2790345
1640445
2053078
2928684
2886900
1346893
1852597
2884423
2932881
2052822
2052821
2684227
2681614
2681612
2681615
2681613
2681616
1934252
1415147
1415148
1273709
2928683
2927991
2927989
2902839
2927982
2902840
2923008
2923007
2923004
2922992
2922987
2902890
2922220
2847995
2922217
2902900
2922216
2922215
2922214
2922213
2922212
2922211
2922210
2922205
2922204
2922203
2902882
2920892
2920890
2920882
2920883
2920884
2920885
2920886
2902881
2886919
1755680
2015851
1897525
1897497
1897437
1887653
1852562
1837876
1821548
1821539
1815630
1815582
1796993
2772511
1772332
1772326
1772302
1772219
1772218
1740108
1675606
1675014
1655314
1647282
1636262
1628721
1597972
1508681
1508678
1458853
1458851
1690427
1814279
2884430
1243183
1239386
2927992
1211386
2927990
2927981
2923005
2922993
1211278
2681594
2922219
2902889
1033977
2922218
2920889
2920889
2920889
2920889
1784981
1784979
344021
1880822
1970374
1262540
1225793
1476978
1285382
2182349
1983582
1720497
1720496
1590550
2175688
2175687
2172042
2126803
2108120
2070180
2099852
2099652
2099444
2099625
2099624
2052742
1548912
10748
1548900
2927008
2079584
2079583
2079581
2079564
2079543
2079427
2079426
2079290
2079288
2079282
2070197
2070057
2065199
2060127
2060124
2060122
2570301
2570300
2053603
2048978
2048977
2048008
2047873
2047872
2047871
2047869
2047868
2047801
2047788
2044561
2041345
2034347
2034346
2024309
2024308
2024305
2024304
1983593
1852644
1852644
1852644
1603039
1603039
1603039
2267236
2928681
1173752
1173760
1173760
1173760
1204530
347330
2920887
482822
1883375
1821540
1777069
1772328
1690428
1690426
1675551
1662333
1486397
1852640
1735565
2041512
2041413
2496545
2041354
2041212
2027905
2024320
2886927
754050
1034144
1034151
1034130
1034146
1034139
2902832
2920891
945083
889876
2919547
2115848
254252
2030924
2030923
2030922
2027883
2026082
2026080
2024316
2024284
2024283
2024282
2024264
2023995
2023994
2023993
2023992
2023959
2016053
2016052
2678937
2016050
2016049
2015853
2015839
2015834
2015815
2015804
2010329
2006941
2006922
2006684
1052672
1204541
1211279
2005047
1036615
1036616
1034116
1147141
1034118
1161934
1032895
1161933
1675608
1682394
1508671
1051674
1701846
1296658
1815989
1815988
1815987
1815986
1034115
1088864
1076631
1983539
1983525
1983409
1089113
1752027
1662331
1636547
1772319
1073766
1351735
1682380
1500824
1500819
1500810
1655013
1175654
1772298
1772294
1821555
1772291
1772295
1772305
1772322
1772311
1772310
1772304
1772303
1772300
1772297
1772296
1772293
1981500
1981499
1660368
1308899
1772315
1772307
1772327
1701798
1647403
1340769
1980139
1970797
1969841
1965454
1572716
1965374
1965368
1965367
1965361
1962671
1938577
1932886
1932885
1931407
1927013
1923889
1161928
1589754
1220604
1204542
1258572
1916127
1916099
1913575
1913570
1913044
1912321
1912318
698489
698488
1904491
1897537
1897536
1897534
1897533
1897532
1897531
1220717
1813779
1814281
1815521
1755695
1701826
1701814
1813771
1857100
1814286
1788294
1647469
1815522
1837930
1813782
1814280
1814282
1813781
1701827
1837931
1883368
1792273
1857099
1873985
1701828
1883369
1814285
1701811
1814288
1813769
1874539
1701830
1792274
1701824
1814283
1792272
1701812
1541686
1874540
1701837
1883366
1814287
1814284
1883365
1813783
1701813
1883367
1821537
1605379
1784956
1815972
1784982
1543201
1821565
1821557
1821541
1821553
1718278
1821723
1815608
1821727
1647400
1543199
1805459
1815969
1821561
1796996
1805457
1796994
1821562
1543205
1821563
1821551
1796998
1792032
1821538
687803
1792269
1821564
1792253
1821559
1278479
1821552
1821556
1796995
1821566
1821554
1543203
1821549
1796997
1815968
1868654
1883373
1883371
1815510
1873696
1805466
1887646
1874000
1883379
1654780
1887644
1792222
1805956
1852627
1837842
1883202
1821560
1873895
1815957
1887650
1838138
1883370
1639814
1815590
1873887
1837862
1805953
1887648
1852629
1887656
1873959
1654928
1814958
1805465
1868596
1863011
1852625
1698439
2560754
1654740
1873990
1883200
1891703
1873777
1864623
1838137
1862960
1887641
1639815
1887643
1862958
1805950
1814957
1873958
1873889
1805464
1815631
1871690
1837850
1852641
1821558
1887649
1873452
1844477
1871313
1792245
1868599
1873999
1654927
1887655
1871692
1852563
1805952
1864622
1654926
1543206
1868169
1862962
1883377
1647411
1873891
1871681
1815509
1805951
1815511
1891963
1837830
1874002
1887652
1837867
1887645
1887647
1805954
1837218
1852657
1852564
1814960
1863010
1868170
1852628
876449
1805467
1871687
1815955
1874001
1873949
1871678
1873998
1863009
1883374
1862959
1821228
1883372
1805948
1654782
1887651
1654781
1862961
1887654
1863008
1567016
1567009
1567015
1785960
1567010
1701842
1567487
1838067
1838062
1838064
1838066
1754217
1647471
1838061
1647473
1777065
1200862
1622193
1450169
1838063
1777052
1838080
1796992
1838073
1777063
1838081
1776293
1810705
1777054
1838074
1647476
1838075
1838071
1838083
1838072
1838082
1777072
1777064
1777053
1647472
1647285
1838084
1775140
1497851
1647470
1838065
1838079
1838078
1838070
1838077
2913981
1445810
1416032
1732063
1698369
1437363
1483485
1664246
1296659
1636313
1636189
1667322
1129191
1556290
1662330
1654919
1647311
1701809
1655305
1589752
1716042
1654601
307898
1679524
1675317
1542912
1589748
1622192
1654889
1712539
1567453
573172
1573458
1729937
1636270
1622191
1567468
1567484
1003177
1582152
1636271
1524882
1654890
1340712
1555235
1654891
1610509
1391455
461711
1647391
1296661
1610837
1640885
1610872
2880539
1340750
1567014
1610836
1642663
1354511
1678082
1747287
1647465
1655645
1673887
1655644
1498171
1597976
1643326
1538364
1567011
1755682
1567013
1647455
1357715
1445553
1211280
998086
1391456
1610838
1522092
1229760
1567012
1747289
1481785
1735582
1034128
1587907
1296656
1296655
1718273
1506716
1560286
1671396
1674926
1636183
1622190
1640974
1691955
1698252
1690805
1636546
1698417
1572704
1698712
1718172
1582157
1582151
1567029
1572747
1542477
1662332
1567005
1690818
1582153
1585840
1606763
1698357
1647405
1690431
1649240
1034143
1701849
1542090
1673889
1698709
1718669
1647301
1589273
1701853
1175659
1718161
1591073
1647308
1720494
1597966
1567028
1647386
1541823
1647305
1551710
1640969
1505026
1636249
1636205
1589274
2911443
1527534
1739611
1698715
1664247
1089127
1035485
1582150
1673877
1598146
1720498
2919545
1689679
1572744
1698366
1649239
1589298
1567027
1690425
1690456
1675549
1739607
1698451
1643324
1640973
1582156
1542092
1567026
1610508
1175662
1718599
1560285
1541824
1718171
1527531
1591072
1610835
1698710
1636545
2911444
1572754
1674930
1647304
1673873
1636204
1675602
1610832
1628720
1589755
1572743
1555201
1636255
1675027
1647300
1647373
1673871
1647313
1698356
1698711
1556289
1589751
1728958
1582155
1636263
1640972
1739608
1589747
1541819
1720493
1739609
1610855
1701845
1674927
1718158
1636202
1551711
1572753
1732064
1589265
1636200
1636184
1716041
1610834
1675553
1698713
1567485
1698441
1175663
1718606
1690817
1691954
1675548
1035482
1673876
1034149
1647374
1589297
1527516
1647302
1636314
1527520
1662284
1647309
1734382
1589750
1610829
1679530
1698420
1739610
1675598
1720500
1555233
1698714
1610833
1610828
1505027
1675609
1327935
1587520
1175657
1589746
1636261
1572750
1572703
1582154
1647387
1636250
1647408
1718600
1589749
1527535
1701810
1572715
1675555
1675607
1691958
1445809
1698358
1636257
1640970
1718166
1572745
1647306
1647385
1647466
35344
1647463
1611545
1701850
1647458
1701257
1747271
1747288
1698361
1673886
1527494
663553
1701804
1755681
1698360
1675531
1701807
1608310
1458710
1675554
1735466
1701808
1739967
1701851
1636182
691318
1296647
1647286
1684115
1747326
1747282
1698421
1647284
1743016
1589270
1647474
1701805
1589733
1690684
1755692
1458706
1719140
1458715
1755689
936054
1735591
1739966
1647475
1735586
1732176
1660365
1720504
1720495
1675603
2994044
2994045
669875
698487
698486
1225792
755164
2920889
1622234
745088
1225791
663560
866553
66711
438780
631719
1147139
36339
1655017
1655012
1655015
1655021
1655019
1655014
1655020
1655018
1655022
1655023
1655016
1500826
1351740
1500818
1090134
1500814
1500802
1439894
1524881
1558469
1566990
1519788
1540093
1558467
1500829
1500801
1560284
1500821
1566995
1527506
1500825
1500813
1536596
1567004
1567022
1540097
1500805
1560283
1540098
1536604
1500832
1527525
1540091
1500800
1540092
1498188
1500828
1229757
1451050
1500820
1540090
2923006
1273738
1560282
1500816
1500812
1197935
1536605
1500799
2681606
1129192
1500831
1206560
1498212
1204529
2885922
1434323
1563661
1500823
1500827
1530400
1204531
1357704
1560313
1564096
1225789
1555238
1500798
1498168
1503929
1500807
1560342
1540095
1498172
1567025
1526550
2994047
2991861
1220714
1500830
1500822
1540094
1562076
1357423
1493513
1493508
908819
741942
454798
1076759
1493510
1493511
1493514
1493512
1493509
1566993
1567472
1527463
1567471
1548902
1548918
1548917
1548906
1567473
1527493
1527580
1527511
1548905
1536598
1527536
1486472
1567475
1527512
1548901
1548907
1536603
1527513
1567466
1416334
10713
1537091
1538804
1552735
2494563
1445860
1540823
1519999
1567486
1572702
1527519
1551641
2847073
10863
1151014
1527515
1458860
1161939
1458863
1204540
754059
1458862
1481186
756276
1498220
1505227
1458861
1481187
1273711
756277
1505528
1486428
1477406
1536611
1542498
1204522
69609
1555202
1204523
1536597
711470
1113547
1541887
1204521
1541821
1536592
1458725
1541825
1458859
1498227
1204515
1527771
1541883
1527770
1555208
1498228
1526408
1222338
1510440
1391188
1357714
1500735
1500733
31533
1194091
1262512
1524910
1500734
1527524
1530085
1391224
1416028
1527469
1529058
1391223
1416031
1486662
1486413
1395983
1505225
1416030
1527514
1391190
1458857
1464127
1262515
1262523
1262519
1458856
1262518
1262517
1458852
1458855
1476390
1262520
1498170
1262521
1173745
1486469
1448276
1500713
1498204
1477404
1486473
1500757
1486422
1486403
1500756
1448273
1486421
1173764
1357732
1448274
1445858
1327934
1481224
1472912
1486657
1476886
1476889
1486659
1458851
1486661
1495286
1458711
1476888
1486658
1486660
1465613
1476887
1486423
1486426
1486427
1468411
1463811
1411095
1468169
1458848
1486425
1476391
1446489
1471542
584892
1458714
1486424
1446490
1495285
1430444
1462608
1446492
1481112
1399915
1458716
1458724
1458670
1458849
701456
1084722
2922991
2923002
45764
1048207
1089110
1089137
1089136
2902892
1052673
1079895
913183
691965
1071177
1088865
2922997
1071503
1079894
1056830
2922999
1089108
2922223
1088866
2922990
1168595
691963
2922995
2922996
2884420
1162290
2902800
928293
1074307
1089117
2922998
1052671
1071506
1056833
1086749
1071504
691966
2922994
2922222
1089121
2923003
2902794
2920888
2923001
2902841
2902842
1074305
1086800
691964
948870
1074309
1074308
2923000
1070990
926067
2902905
1089122
1327037
1458842
1401669
1458846
1465618
1458717
1458841
1461743
1458831
1463809
1445729
1458843
1463812
1357713
1458726
1416012
1445859
1436889
1458669
1414738
1168563
1340810
1460070
1340812
1406974
1434319
1406780
1445728
1429767
1445727
1445715
1455075
1449437
1412875
1450142
1445726
1432847
1406779
1414739
1262539
1416011
1458697
1445714
1429759
1414748
1429791
1455074
1432848
1435411
1410331
1429768
1416009
1391659
1429905
1437839
1429793
1432658
1453367
1406793
1455076
1392231
1414737
1277886
1308897
1308896
1414747
1007127
1308863
1279082
1279083
2892343
1391179
1415146
1327966
1391433
1429912
1429903
1415145
1430411
1296662
1391432
1391429
1391180
1429904
1327965
1391431
1414742
1429758
981431
1391181
1391428
1348912
1327964
1391430
1041526
1041527
1402875
1401297
1417599
1403390
1267169
1385385
1399941
1406790
2880540
1406794
1406785
1406789
1406781
1406795
1406792
2884421
2884426
1406786
1406791
1399942
1406783
1399949
39103
1414736
424947
1354510
424949
434346
1357825
1407493
1341101
1262514
1407608
2991282
1235653
1235655
1235656
1235646
1235647
1235650
1235645
1235649
1235654
1354508
1354514
1354512
1354507
1340831
1340827
1327956
1335230
663237
1225790
1235659
1382932
1076630
1340818
1383057
1340836
1383054
1340820
1340822
1340713
1340709
1340833
1340828
1383055
1340825
1340830
1340821
1357669
1383059
1340819
1340824
1340708
1340829
1383056
1340826
1208587
1325731
1354496
1337877
948071
1195086
1352227
1229751
1262535
66284
207656
1262538
1262536
1262533
1262537
1327990
1327987
1327993
1328030
1327981
1347760
1327974
1327970
1327972
1327969
1327977
1327980
1327983
1327968
1327985
1327976
1327982
1327971
1328029
1173747
1173748
1352230
2991860
1173762
1173766
2928680
2928682
1340534
1233488
1173749
1173769
1273712
1173761
1343494
1282995
1340745
929835
929833
536453
754053
929834
1327952
1283071
1173743
1327771
754039
1327772
754051
1262532
1300004
1195085
754038
115992
1327762
1327938
1007869
1327936
1307804
1282994
1325372
1327760
1327947
1273713
1309583
1327036
1195071
2496551
1195068
1305708
1327035
1277672
1327948
1325963
1235824
2927983
1327937
1327766
1327774
1327770
1327776
1327764
1327939
1327759
1327765
1327777
1316739
1325953
1327758
1327773
573174
536474
573175
573171
573173
1305710
1204538
1296646
547228
1262522
1198014
382262
1235660
1245814
536466
382273
1195072
616674
1168744
1262516
754072
754041
754056
889951
754058
754046
756280
869662
754045
754043
889953
754044
754042
754074
754052
754073
889955
754049
889956
754067
754075
756282
754048
754055
754040
754037
885867
1147042
1131316
1168281
869724
1283076
1283079
1283078
1283077
2884419
2880541
2880537
2880542
1087482
979726
1188795
1236000
1223259
1223261
1116482
1223262
1165702
1223260
73422
1262513
1264700
1204533
1129147
1229753
1264737
763998
984175
2994055
947843
1204178
981335
1029988
1208236
984186
925983
2678590
1147137
1235689
1206300
874267
1206313
1206557
1231048
2886899
2892340
1147043
1147044
685892
2884431
1206559
1204528
1206558
1234701
1206110
432200
432198
432201
1239383
1216926
1147142
1147146
1229754
1147158
1147156
1147147
1147155
1147144
1147152
1147157
1147145
1229755
1147148
1147143
1147153
1147150
1235640
1147149
1147154
1147151
941970
941969
1150992
1147140
1198013
1217810
1221835
1161935
1163482
1204516
1108865
1150989
1141132
1127514
1147094
1127515
1150990
1128071
1127516
1150991
1141519
1161931
1127518
1131317
1137745
1136534
1051675
1168612
1154995
2927988
1051673
2920894
1042123
2881391
1042122
1054480
1051676
1054834
1124578
1090133
1052121
673376
936152
947981
929814
941058
947980
942016
10689
37105
483266
881915
767473
926589
1158680
757342
2892341
760530
1133293
1133292
1124654
3126011
1079999
1124655
1239384
1204535
1204534
1244856
2681620
1239381
2923009
1239382
10732
2927984
1211641
2927986
1211642
1211640
2927985
1141140
1141139
1141137
1141136
1141135
1141141
1141138
1141133
1229752
1126950
1604355
1136731
57477
1237364
1604356
2927987
1229789
1229794
1235661
1229788
1204525
1229793
1150869
1229787
1177632
1229792
1229786
1229791
1229784
1229790
1204539
1204524
1237159
1229782
1235559
1225800
1168280
2881398
1051631
2922989
1133022
1204517
2922988
1197951
1168549
1132026
1118063
1176422
1168548
1161903
1161930
1168479
1168478
1161906
1176423
1126885
765765
1049283
1173135
1194641
1162306
1162305
1127357
1187128
1183239
1129194
1162304
1187894
1161901
1162295
1175504
1161927
1114179
2681605
1168613
1141525
1141526
977801
2892349
2892350
2892351
2892348
2892347
749447
1105171
1131315
756275
2992927
1100790
1115478
1129145
1125653
445692
445693
444875
444876
1109712
1109714
1109715
1109713
1109717
2922221
1124849
2886902
1109711
1069378
700512
1109721
1010614
994601
764595
2885911
1109710
319522
1100814
1105286
909297
331278
1105327
2681621
906668
906669
1080800
889338
1054968
699370
1054461
1035662
981323
1041524
1027253
943335
2920893
1026955
1032362
562742
753085
2885915
753084
1002725
2919551
504501
504553
926543
2991283
925984
743813
877240
925986
445688
445685
444861
445686
445684
444878
445696
444862
444859
445683
445700
444860
59241
910475
582345
866889
767806
2991866
910473
942165
881953
864178
764562
857312
764561
2919549
2919552
669008
981330
2785247
988656
979535
979533
979525
938131
714583
700939
880161
760939
709484
760732
762660
879630
879628
645664
2681599
2919553
2919550
2919554
2902837
871584
698728
747763
707757
2902838
686439
665032
663241
2919546
637730
655098
655097
644563
663554
674081
673837
674082
673832
2919544
673839
673835
1450169
673375
670252
2919543
683735
665033
2570911
2919548
668618
2898541
665887
2898543
2898542
555387
590739
335797
658401
372457
10845
649688
648017
642111
644007
646413
576791
2886898
538979
576790
576789
490912
490913
641487
641832
2681597
10693
2892342
627087
627480
2681619
593131
593131
593131
591487
348058
557393
538398
329864
578234
582382
581037
565140
2681608
2914008
2914017
2914009
573591
47049
2880538
2884427
520962
2849704
504346
563769
564886
430796
541865
560178
563121
2902904
561998
2914020
2914018
2914019
561999
546803
555603
3569567
3569586
3752841
3749846
3748958
3739273
3738802
3738803
3738743
3569565
3738756
3738755
3738754
3738753
3738752
3738751
3738750
3738749
3738748
3738747
3738746
3738745
3738744
3738742
3738741
3738740
3738739
3739316
3739318
3739324
3739326
3697783
3739323
3739315
3739314
3721756
3707736
3739325
3739322
3739321
3739320
3739317
3739313
3739319
3721748
3739312
3739272
3736585
3736586
3736400
3736402
3735982
3735994
3735303
3735983
3735986
3711002
3711013
3711020
3711014
3711018
3711017
3711015
3711019
3711016
3711029
3711003
3711005
3711007
3711004
3711008
3711010
3711011
3711009
3773094
3774358
3774359
3774360
3716257
3735049
3735048
3735047
3735065
3735085
3773093
3734610
3749001
3736135
3734612
3734615
3734614
3734611
3734613
3734616
3774343
3774342
3739329
3774352
3774356
3774355
3774351
3707894
3707734
3707731
3774350
3721754
3707726
3707724
3774353
3774354
3773092
3734315
3686279
3734313
3707899
3721755
3721753
3686272
3734314
3707719
3749028
3749000
3748999
3748998
3748997
3748836
3748828
3748829
3716256
3735713
3735712
3735711
3735710
3746646
3743638
3743639
3743640
3743354
3748736
3748827
3748826
3748610
3746645
3748615
3748614
3746647
3735781
3735780
3735779
3735778
3735777
3735676
3735675
3735674
3735673
3735672
3738066
3738065
3737006
3737005
3748301
3748288
3748290
3748289
3748300
3748294
3748293
3748298
3748299
3748297
3748296
3748304
3748292
3748291
3748295
3748303
3748302
3748286
3748285
3748284
3747918
3747917
3707740
3747920
3747916
3747913
3747919
3747912
3707732
3747915
3707728
3747914
3707720
3738682
3745965
3743655
3744648
3743654
3739440
3746649
3746648
3745951
3747635
3747615
3747632
3747619
3747629
3747626
3747616
3747622
3747631
3747623
3747624
3747627
3747634
3747628
3747617
3747625
3747620
3747633
3747618
3747636
3747630
3747621
3745966
3743653
3743637
3743634
3743635
3743636
3720746
3720749
3720748
3720747
3732630
3732629
3732631
3746542
3746577
3721773
3746576
3746575
3721772
3746547
3470834
3721770
3746574
3746573
3746541
3721768
3707738
3746553
3746572
3721767
3746552
3746571
3470831
3721766
3707900
3746570
3721765
3746569
3470828
3746546
3746568
3746567
3721761
3746540
3721760
3746545
3477070
3746551
3697781
3746566
3721759
3746565
3707895
3746564
3721758
3721757
3697779
3746563
3746544
3746543
3746562
3746550
3686278
3746578
3707727
3746561
3746549
3746539
3746560
3686277
3721752
3707722
3746538
3721750
3686274
3746559
3746558
3746557
3721749
3746548
3746556
3746555
3746554
3697772
3707718
3721746
3743641
3743343
3743341
3741181
3741214
3741213
3741212
3741211
3741210
3741209
3741208
3741207
3741206
3741205
3741204
3774357
3741217
3741216
3741215
3712857
3712856
3712858
3737103
3740628
3740627
3735205
3735204
3735203
3705831
3705830
3705829
3705828
3705827
3705826
3705825
3705823
3705822
3705821
3705820
3705819
3705818
3705817
3705816
3705824
3705815
3705814
3705813
3705812
3705811
3705810
3705809
3705808
3705807
3705839
3705838
3705837
3705836
3705835
3705834
3705833
3705832
3735206
3735207
3735195
3735196
3735297
3735296
3735299
3735298
3735295
3735202
3735166
3735177
3703904
3703903
3703902
3703901
3703900
3703899
3735186
3735185
3735184
3735183
3735182
3735181
3735180
3735174
3735173
3735172
3735171
3735170
3735169
3735168
3735050
3735389
3735388
3735387
3735386
3735385
3735198
3735197
3701429
3701431
3701421
3701436
3701438
3701440
3701441
3701422
3701450
3701453
3701452
3701451
3701420
3701419
3701418
3701417
3701437
3701435
3701434
3701433
3701432
3701430
3701428
3701427
3701426
3701425
3701449
3701448
3701447
3701446
3701445
3701444
3701443
3701414
3701413
3701412
3701411
3701424
3701423
3701442
3701439
3701416
3701415
3735023
3692507
3735011
3735010
3735009
3735008
3699939
3696052
3735007
3735006
3734982
3735005
3681904
3681907
3681901
3734971
3734971
3734970
3734970
3734969
3734969
3734968
3734968
3734967
3734967
3734966
3734966
3734965
3734965
3734964
3734964
3734963
3734963
3716029
3716028
3709782
3709781
3709779
3709785
3709780
3709784
3709783
3709778
3681572
3681571
3681736
3478691
3478590
3464429
3464428
3464427
3464469
3464468
3464470
3457517
3457516
3457515
3457514
3457513
3457512
3457511
3457510
3449944
3449944
3444602
3444602
3410840
3410839
3410839
3412692
3383214
3383215
3383216
3411889
3241054
3724943
3092751
2986440
2986439
2968435
546805
546806
546808
546807
99179
557289
551790
2884422
549446
549445
551895
496396
476523
496874
10704
526118
546184
2914016
2914015
2902893
2884424
2898538
532076
543152
532077
532075
399183
532074
543153
532078
2914013
540064
2914012
2914014
2914011
537874
198110
1980924
2993859
529929
2886918
475178
424716
194701
2011087
129862
129861
128975
503388
467481
2914004
2914010
484896
484895
2679905
493906
489779
139871
2994039
462590
451705
293178
480808
469660
455649
386793
386792
442493
2902891
260120
470865
448384
439809
403905
2913978
2913972
384848
330399
330398
330397
330396
2908169
40522
2914007
2914006
28358
445517
445516
445515
458639
2785079
2880361
2881397
446529
12348
447909
2914005
2913975
2913974
376758
2892339
2914003
2911440
414970
437329
2993856
2883942
2881401
2881400
2883941
424944
2849703
423476
2913982
2886897
418443
2994038
2993858
2913977
2913976
413066
2886925
2913973
369257
360398
387909
407392
2911442
384360
384359
2856824
2681602
379329
365048
213775
2892346
2913979
382685
2908173
382359
12024
396359
2911441
373404
373415
2911439
373414
2911435
2911433
2681596
373411
373413
373410
373409
2681623
373406
2902792
2911430
2681604
370623
363555
2883936
373126
384642
338110
338108
338107
338106
338105
489828
338103
338102
338101
511969
345922
347329
2911432
347327
2911431
347325
347324
343516
2885908
331627
2994040
2679891
273133
2908172
2994041
12336
146269
348137
313629
347962
344021
318595
2886922
334856
329886
2681592
2908166
2908152
2908151
2908115
2908114
2936818
2936817
2936816
320843
2936815
2936814
2936813
2936812
2952374
2908113
320836
2908111
2908098
2908097
2908096
320832
322855
2887182
321023
2908167
2908019
310539
101570
307240
293644
2681607
2892345
268747
268746
2908095
238854
2892344
294382
2679904
151599
294631
292443
280702
127511
127509
279281
260827
2883949
279530
279303
270673
2881392
2928685
260372
2695836
255431
2886926
221029
2492962
12390
2885909
2992641
139870
139872
10702
2905959
2883945
2907836
12402
2881399
77775
2883943
2883944
2880362
213236
236750
2907964
2907963
247080
242861
75320
172667
50948
2681595
204270
157924
12353
194949
194948
2907956
2907955
230158
225726
225725
2907838
196242
227720
215158
201847
2992578
225979
223524
148943
205880
2907835
205877
2907834
2907833
205874
2907832
2907831
2907830
2907829
204090
2679897
197783
3047527
2905945
2992645
2905946
2681609
198543
198542
198541
198540
198539
198538
2905964
1714273
207597
2905963
2883946
175950
70203
52979
2681626
43685
12027
161736
161736
161736
134554
134554
134554
10717
10724
2994042
51369
114416
2907796
185959
2928686
2928686
2928686
190478
189836
55884
2928746
2905923
88870
103807
181604
179237
2932882
2905721
180503
2883940
120086
120086
120086
10759
171618
2993860
1977402
2993857
40521
173707
49964
120574
31754
35345
155148
35241
154784
151537
151536
151535
2952367
2902907
2679898
145579
2905867
2905920
129009
2932880
2908168
127508
127507
71366
2681625
105154
2905727
2932877
2681617
2681618
2932879
10867
90963
83201
10868
75590
2898539
1604876
2905674
2905681
2789016
2932878
2905675
10747
2003327
2507234
2681624
2992577
2898540
12023
10680
10760
46014
12018
10757
2886930
10658
10843
10872
12022
2681611
2928691
10854
1977403
10869
2011081
10849
2681630
110457
93224
2681603
10730
97081
12417
2905688
2905685
2905728
2681598
3702316
3702314
3702313
3702310
3702317
3702315
3702312
3702311
3702309
3702308
3238284
1604876
749447
2886926
88870
88870
88870
88870
88870
88870
88870
88870
88870
88870
88870
88870
88870
88870
88870
88870
88870
88870
88870
1604876
158197
12023
12022
10863
10863
12353
2060721
2681598
2695836
2681611
2681611
2681611
2681611
2681611
10760
10759
10760
2681611
2681611
10863
2886926
270673
998086
593131
1161927
10760
2785248
2785248
2785248
2785248
10760
2886926
1239385
2681611
2681611
2681611
2681611
1708400
154784
12023
145579
1897486
998086
225067
313629
270673
504346
105154
1542131
582345
2681611
2884424
10760
1126885
2886926
10760
10759
2681611
3734418
3733630
3733631
3733633
3733632
3730611
3730613
3730609
3730612
3730610
3724934
3724935
3724936
3734618
2234088
3734621
3734619
3734617
3725127
3720745
3720744
3720302
3720301
3720300
3720303
3719989
3719985
3719991
3719990
3719988
3719987
3713411
3715790
3715789
3715787
3715311
3715270
3715268
3715271
3715266
3715265
3715263
3715272
3715267
3715269
3715264
3715793
3715544
3715543
3715274
3715275
3715081
3715551
3715550
3715549
3715619
3714736
3714735
3714734
3714726
3714069
3714068
3714067
3714066
3714065
3714064
3714063
3714062
3714061
3714060
3714059
3714058
3714057
3714055
3714056
3714054
3714053
3714070
3714052
3714051
3714050
3714049
3714048
3714047
3714046
3715786
3715797
3715729
3715788
3715660
3473182
3715661
3715659
3715794
3713751
3713380
3715795
3713750
3713748
3713747
3713745
3713746
3713744
3713749
3713743
3715276
3715277
3715283
3715281
3715280
3715279
3715282
3715278
3715799
3715784
3715783
3713373
3713365
3713151
3713150
3713149
3713148
3713375
3713374
3713111
3713110
3713109
3712854
3712860
3712855
3712864
3713376
3712865
3712853
3712859
3712885
3712884
3712883
3712882
3712881
3712880
3712879
3712878
3712877
3712863
3712150
3713817
3713816
3713819
3713818
3713815
3713814
3713813
3713812
3711715
3711729
3711730
3712149
3712149
3712148
3712148
3711539
3711538
3711510
3711353
3711219
3711218
3711217
3711220
3711215
3711214
3711213
3710398
3696317
3710401
3710400
3734897
3734896
3734895
3734894
3734893
3734892
3734891
3734890
3734889
3734888
3709816
3708950
3734585
3734584
3707832
3708037
3708043
3708036
3708044
3708035
3708042
3708034
3708041
3708033
3431108
3681905
3681903
3708040
3681902
3708039
3708038
3707851
3707395
3707384
3707383
3712929
3707396
3708066
3707393
3707392
3707391
3707390
3707389
3707388
3707387
3707386
3707385
3705767
3706998
3707000
3707001
3735019
3706521
3706520
3706512
3706513
3702303
3703981
3706511
3706510
3734806
3734807
3734808
3734805
3734804
3734803
3704904
3704956
3704965
3704962
3704961
3704960
3681899
3704976
3704963
3704968
3704967
3704970
3697775
3704975
3704971
3704966
3431150
3704972
3704969
3704957
3704964
3704958
3704973
3704959
3704974
3474817
3722115
3704903
3704902
3704553
3704554
3704552
3704551
3704555
3704054
3709622
3709623
3709621
3699303
3735021
3711753
3734981
3734980
3734979
3734978
3734977
3734976
3734975
3734974
3704558
3716230
3735020
3711754
3722233
3722234
3701579
3735025
3735022
3735024
3735026
3711755
3715195
3715199
3715198
3715197
3715196
3715194
3711756
3711556
3479364
3479365
3479366
3686235
3707886
3709620
3730596
3730555
3730554
3713821
3713820
3711791
3711790
3711789
3711788
3711787
3711786
3711785
3711784
3711783
3707264
3707263
3706996
3706995
3706994
3706993
3706992
3706990
3706991
3706989
3706981
3706980
3706982
3706978
3706975
3706976
3706977
3706979
3706988
3706985
3706986
3706987
3706984
3706983
3730550
3730553
3730552
3417291
3705282
3705279
3474822
3705278
3705284
3705281
3705277
3474820
3705276
3705275
3705280
3705283
3474818
3705274
3705273
3716046
3705285
3716044
3716045
3705265
3705263
3711757
3711766
3711765
3709773
3709774
3691779
3691778
3691777
3691776
3716027
3716026
3716025
3701194
3711087
3711086
3711085
3711084
3711083
3711082
3711081
3711080
3591623
3591622
3709777
3709776
3709775
3696911
3696910
3685564
3685567
3685566
3685565
3685563
3685562
3685561
3685560
3685559
3685558
3685557
3685556
3685555
3685554
3685553
3685552
3685551
3685550
3685549
3685548
3685547
3685546
3685545
3685544
3685543
3685542
3685541
3685540
3685539
3685538
3685537
3685536
3685535
3685534
3685533
3685532
3685531
3685530
3685529
3685528
3685527
3685526
3685525
3685524
3685523
3685522
3685521
3685520
3685519
3685518
3685517
3685516
3685515
3685514
3685513
3685512
3685511
3685510
3685509
3685508
3685507
3685506
3685505
3685504
3685503
3685502
3685501
3685500
3685499
3685498
3685497
3685496
3685495
3685494
3685493
3685492
3685491
3685490
3685489
3685488
3685487
3685486
3685485
3685484
3685483
3685482
3685481
3685480
3685479
3685478
3685477
3685476
3715986
3715984
3715985
3709818
3709817
3712715
3693369
3693368
3693367
3693366
3693365
3693364
3693363
3693362
3693361
3693360
3715247
3686835
3685323
3685327
3685326
3685325
3685324
3570345
3569603
3568311
3515828
3515827
3480213
3569735
3569734
3569733
3569732
3567755
3567751
3567756
3567750
3567746
3567749
3567747
3567748
3567754
3567753
3567752
3476883
3476884
3476886
3476887
3476885
3385097
3476319
3476320
3476321
3476318
3479222
3470553
3715000
3714999
3714998
3714997
3714996
3714995
3714994
3714993
3714992
3714991
3714990
3714989
3714988
3714987
3714986
3714985
3714984
3714983
3714982
3714981
3714980
3714979
3714978
3714977
3569737
3569739
3569736
3569738
3682631
3682633
3682632
3682634
3463353
3568993
3464434
3464599
3464602
3464601
3464603
3464597
3464604
3464596
3464598
3464600
3464507
3464250
3461284
3714896
3681237
3681236
3681235
3476921
3464052
3463357
3464060
3464059
3464061
3463693
3463691
3463692
3568992
3461085
3459879
3463719
3463717
3463715
3463714
3417282
3463728
3463730
3463721
3463729
3463724
3463716
3463720
3463722
3463727
3463718
3463712
3463725
3463731
3463726
3463713
3463723
3463711
3702182
3702181
3702180
3702179
3702178
3702177
3702176
3702175
3702174
3702173
3702172
3702171
3702170
3568693
3461077
3461070
3461081
3461082
3461078
3461079
3461076
3459874
3459878
3459880
3459197
3568982
3457740
3457739
3460060
3460059
3460058
3460057
3460056
3568984
3568983
3377094
3457509
3454263
3454262
3454261
3454260
3454259
3456262
3454606
3453517
3455873
3454706
3454708
3455173
3450297
3451277
3452621
3452620
3453523
3453525
3453522
3453521
3453520
3453519
3453518
3447157
3444379
3448162
3421750
3420098
3418518
3417227
3416987
3715154
3715153
3715151
3417909
3415645
3412693
3412691
3724869
3388614
3388621
3388620
3472830
3472834
3472832
3472833
3472829
3472831
3472835
3416603
3568972
3568975
3568967
3568976
3350515
3350514
3350513
3568974
3568973
3568968
3568969
3568964
3350512
3350511
3350510
3350509
3568963
3350508
3568965
3568966
3568971
3350507
3350506
3350505
3350504
3568977
3350503
3350502
3568970
3120378
3120377
3384990
3385183
3385182
3385181
3385180
3385179
3385178
3384997
3237241
3366596
3154094
3461064
3461065
3461063
3706591
3706587
3706606
3706592
3706607
3706874
3706615
3706655
3706627
3706633
3706603
3706642
3706648
3706626
3706622
3706619
3706872
3706636
3706602
3706610
3706589
3706598
3706913
3706638
3706873
3706910
3706908
3706594
3706612
3706585
3706601
3706616
3706618
3706647
3706653
3706649
3706645
3706635
3706641
3706631
3706583
3706614
3706644
3706632
3706588
3706590
3706605
3706604
3706628
3706624
3706611
3706593
3706620
3706650
3706621
3706637
3706909
3706654
3706597
3706912
3706639
3706911
3706596
3706629
3706608
3706599
3706914
3706600
3706613
3706586
3706640
3706617
3706634
3706595
3706609
3706625
3706907
3706652
3706584
3706630
3706623
3706643
3706646
3706651
3449715
3449706
3449708
3449712
3449711
3449710
3449707
3449709
3449717
3449703
3449714
3449716
3449705
3449719
3449713
3449704
3449718
3053891
3053888
3053885
3053893
3053903
3053902
3053901
3053900
3053899
3053898
3053897
3053892
3053890
3053889
3053887
3053896
3053886
3053895
3053884
3053894
3065428
3065427
3065426
3056219
3054482
2951231
2951186
3696521
3696520
3023340
1746068
1746068
1746068
1746068
2269360
2269360
2269360
2269360
2269360
2269360
2269360
2269360
3701597
3702373
3703727
3703740
3701917
3701919
3701918
3701097
3701096
3701095
3701093
3701092
3700051
3700022
3700055
3700054
3700053
3700050
3698867
3700031
3699796
3699941
3699794
3699795
3698027
3698026
3698025
3698024
3698023
3698022
3698021
3698020
3698019
3698018
3698017
3699185
3701315
3701314
3699940
3698505
3698503
3698504
3698500
3698501
3698502
3700002
3698296
3698295
3698282
3698281
3698280
3698279
3698278
3698277
3698276
3698275
3698274
3698273
3698272
3698271
3698270
3698269
3698268
3698291
3698290
3698289
3698283
3698288
3698287
3698286
3698285
3698284
3698293
3698292
3698294
3697770
3697696
3696316
3697692
3697693
3707710
3707709
3697202
3682131
3700907
3700032
3696766
3696475
3696474
3696476
3696473
3696472
3696471
3696470
3696469
3696468
3701059
3701060
3701329
3701331
3701330
3701196
3701192
3700028
3700034
3699938
3701193
3701191
3701077
3701079
3701080
3701081
3696931
3696930
3696929
3696928
3696927
3700027
3700029
3700030
3700026
3700033
3700014
3700013
3696410
3696412
3693359
3696413
3693488
3693487
3693370
3692309
3692308
3692307
3692274
3692273
3692269
3692270
3692271
3692272
3692268
3692310
3691949
3692008
3692007
3692006
3692005
3691873
3691874
3691871
3691752
3691748
3691753
3691750
3691749
3691751
3691946
3691747
3691746
3691745
3687983
3687985
3687984
3687988
3687990
3687991
3687989
3687987
3687986
3687651
3687650
3687649
3686833
3686830
3686829
3686832
3686831
3686212
3685784
3685401
3685400
3685399
3685398
3685397
3685396
3685395
3683494
3683493
3683492
3683491
3683490
3683725
3685391
3685392
3683888
3683887
3683886
3683885
3683884
3683883
3683882
3683881
3683880
3683879
3684219
3687312
3683707
3683724
3683723
3683556
3683555
3682639
3682640
3682641
3682638
3591862
3591791
3478253
3477582
3477585
3477596
3477593
3477597
3477588
3477587
3477595
3477591
3477594
3477589
3477592
3477590
3477583
3477584
3477586
3477581
3570433
3570432
3570431
3471636
3471597
3476317
3467273
3478338
3466735
3476880
3476881
3476877
3476878
3476882
3476879
3478337
3467421
3467420
3467275
3467276
3467277
3466505
3464691
3464689
3464690
3464445
3464506
3464251
3464286
3458671
3464278
3464274
3458670
3464271
3464273
3464284
3464289
3464275
3464276
3431141
3464280
3464288
3412321
3412310
3464282
3464270
3464290
3464272
3464281
3464287
3464277
3464279
3464285
3464283
2832643
2832643
2832643
2832643
2832643
2832643
2832643
2832643
2832643
2832643
2832643
2832643
2832643
2832643
2832643
2832643
2832643
2832643
2832643
2832643
2832643
2832643
2832643
2832643
2832643
2832643
2832643
2832643
2832643
2832643
2832643
2832643
2832643
2832643
2832643
2832643
2832643
2832643
2832643
2832643
2832643
2832643
2832643
2832643
2832643
2832643
2832643
2832643
2832643
2832643
2832643
2832643
2832643
2832643
2832643
2832643
2832643
2832643
2832643
2832643
2832643
2832643
2832643
2832643
2832643
2832643
2832643
2832643
2832643
2832643
2832643
2832643
2832643
2832643
2832643
2832643
2832643
2832643
2832643
2832643
2832643
2832643
2832643
2832643
2832643
2832643
2832643
2832643
2832643
2832643
2832643
2832643
2832643
2832643
2832643
2832643
2832643
2832643
2832643
2832643
2832643
2832643
2832643
2832643
2832643
2832643
2832643
2832643
2832643
2832643
2832643
2832643
2832643
2832643
2832643
2832643
2832643
2832643
2832643
2832643
2832643
2832643
2832643
2832643
2832643
2832643
2832643
2832643
2832643
2832643
2832643
2832643
2832643
2832643
2832643
2832643
2832643
2832643
2832643
2832643
2832643
2832643
2832643
2832643
2832643
2832643
2832643
2832643
2832643
2832643
2832643
2832643
2832643
2832643
2832643
2832643
2832643
2832643
2832643
2832643
2832643
2832643
2832643
2832643
2832643
2832643
2832643
2832643
2832643
2832643
2832643
2832643
2832643
2832643
2832643
2832643
2832643
2832643
2832643
2832643
2832643
2832643
2832643
2832643
2832643
2832643
2832643
2832643
2832643
2832643
2832643
2832643
2832643
2832643
2832643
2832643
2832643
2832643
2832643
2832643
2832643
2832643
2832643
2832643
2832643
2832643
2832643
2832643
2832643
2832643
2832643
2832643
2832643
2832643
2832643
2832643
2832643
2832643
2832643
2832643
2832643
2832643
2832643
2832643
2832643
2832643
2832643
2832643
2832643
2832643
2832643
2832643
2832643
2832643
2832643
2832643
2832643
2832643
2832643
2832643
2832643
2832643
2832643
2832643
2832643
2832643
2832643
2832643
2832643
2832643
2832643
2832643
2832643
2832643
2832643
2832643
2832643
2832643
2832643
2832643
2832643
2832643
2832643
2832643
2832643
2832643
2832643
2832643
2832643
2832643
2832643
2832643
2832643
2832643
2832643
2832643
2832643
2832643
2832643
2832643
2832643
2832643
2832643
2832643
2832643
2832643
2832643
2832643
2832643
2832643
2832643
2832643
2832643
2832643
2832643
2832643
2832643
2832643
2832643
2832643
2832643
2832643
2832643
2832643
2832643
2832643
2832643
2832643
2832643
2832643
2832643
2832643
2832643
2832643
2832643
2832643
2832643
2832643
2832643
2832643
2832643
2832643
2832643
2832643
2832643
2832643
2832643
2832643
2832643
2832643
2832643
2832643
2832643
2832643
2832643
2832643
2832643
2832643
2832643
2832643
2832643
2832643
2832643
2832643
2832643
2832643
2832643
2832643
2832643
2832643
2832643
2832643
2832643
2832643
2832643
2832643
2832643
2832643
2832643
2832643
2832643
2832643
2832643
2832643
2832643
2832643
2832643
2832643
2832643
2832643
2832643
2832643
2832643
2832643
2832643
2832643
2832643
2832643
2832643
2832643
2832643
2832643
2832643
2832643
2832643
2832643
2832643
2832643
2832643
2832643
2832643
2832643
2832643
2832643
2832643
2832643
2832643
2832643
2832643
2832643
2832643
2832643
2832643
2832643
2832643
2832643
2832643
2832643
2832643
2832643
2832643
2202649
2518611
2832927
3464658
3458753
3463354
3463768
3463760
3229447
3463763
3101557
3417289
3463764
3463766
3463765
3463761
3463762
3463767
3431133
3458742
3458741
3462923
3464680
3459875
3459873
3461080
3461073
3461084
3461072
3461075
3461083
3461071
3461074
3461062
3461061
3459915
3459520
3458989
3458988
3568986
3568985
3459996
3459995
3459993
3459994
3698323
3458860
3458859
3456264
3457755
3457754
3457753
3453352
3455926
3455812
3454709
3455174
3454645
3455561
3455573
3455565
3455571
3455560
3455570
3455562
3412306
3454634
3455566
3455559
3454639
3454640
3454635
3454648
3455567
3455563
3455568
3455569
3455574
3431146
3447004
3455572
3446999
3417288
3455564
3453527
3417283
3440896
3440888
3455548
3455528
3431152
3455552
3455520
3455535
3455532
3455508
3440878
3455518
3446998
3440894
3440883
3440895
3440897
3412318
3455558
3455551
3455550
3455515
3447000
3440884
3447002
3440890
3455534
3455514
3162897
3455540
3455556
3455543
3440886
3455504
3455519
3455546
3440873
3431140
3455509
3455501
3440891
3382074
3455502
3455545
3455498
3455537
3450208
3455544
3455555
3455536
3440889
3455525
3440872
3454643
3440898
3455531
3455554
3412307
3455499
3455549
3455500
3455533
3455553
3455541
3440892
3455522
3455497
3455524
3455507
3412322
3412319
3440875
3455521
3455529
3455542
3440877
3455503
3447001
3229453
3440887
3455510
3412311
3455512
3455505
3455506
3446996
3412309
3440879
3412308
3455526
3455547
3455538
3455523
3455527
3447003
3455530
3440882
3455511
3455513
3440874
3454637
3446995
3455539
3440893
3455517
3455557
3446997
3382073
3455516
3451682
3415645
3442626
3454476
3449886
3417626
3450329
3450328
3414261
3414260
3414259
3414258
3414257
3414256
3413941
3411652
3411651
3467332
3467333
3467330
3467331
3404772
3414234
3414234
3414234
3414234
3414234
3414234
3414675
3414674
3414673
3414672
3414671
3414670
3411029
3467320
3411679
3381536
3381535
3381534
3381533
3381532
3381531
3381530
3381529
3381528
3381527
3381525
3381524
3381523
3381522
3381521
3381520
3386204
3386205
3411687
3411686
3376891
3394154
3405113
3405112
3405111
3405117
3405116
3405115
3405114
3242602
3373394
3385184
3394170
3394169
3394168
3394167
3129735
3447563
3447563
3447563
3447563
3447563
3447563
3447563
3447563
3447563
3447563
2852005
3464054
3682600
3682601
3682602
3682599
3449696
3449698
3449695
3449699
3449697
3449692
3449690
3449689
3449693
3449694
3449691
3449701
3449700
3449702
3465135
3688152
3688151
3688149
3688150
3688202
3688201
3688200
3688199
3688198
3688197
3688196
3688195
3688070
3687889
3687888
3687648
3687648
3687648
3687648
3687648
3687648
3687648
3687648
3687648
3687648
3687648
3687648
3687648
3687648
3687648
3687648
3687653
3687652
3687655
3687890
3687425
3687382
3687463
3687084
3687086
3687085
3686823
3686826
3686825
3686828
3686827
3683375
3683374
3683373
3683372
3683371
3686409
3686410
3686411
3680736
3686223
3686222
3686194
3686195
12023
12022
2681611
10760
12023
12022
12023
12022
10760
10760
10760
10760
10760
10760
3686193
3686192
3685830
3685783
3685678
3685322
3685342
3685341
3685345
3685334
3685339
3431143
3685338
3685337
3685336
3440881
3685340
3685333
3685344
3685332
3417287
3417285
3685335
3681900
3685343
3685377
3684215
3684217
3684216
3685291
3685290
3685386
3685387
3685382
3685381
3684208
3685385
3685384
3685383
3685393
3685394
3684198
3685390
3685389
3685402
3685403
3683708
3683706
3683705
3683722
3683552
3680707
3683559
3683558
3683553
3683554
3683702
3683701
3683700
3683699
3683698
3683697
3683696
3683695
3683496
3683497
3683495
3680706
3680705
3680704
3680703
3680702
3682647
3682643
3682642
3682646
3682648
3682650
3682649
3681914
3681615
3681726
3681727
3681728
3681630
3681628
3681627
3681616
3681631
3681573
3681613
1300324
3681526
3681276
3681275
3681274
3681273
3681272
3681271
3681270
3681265
3681268
3681269
3681267
3681266
3681229
3681264
3681228
3680745
3681525
3681524
3680746
3680427
3680426
3680425
3680418
3680420
3680419
3680417
3680421
3680964
3680963
3680431
3680433
3680429
3680430
3680428
3680432
3680424
3680957
3680956
3680955
3672049
3672048
3672046
3672045
3672044
3672043
3672050
3672051
3672047
3672052
3672054
3672053
3672055
3672064
3672065
3591882
3672061
3672060
3672059
3672058
3591881
3591868
3591870
3591869
3591867
3591858
3591857
3591853
3591854
3591856
3591861
3591852
3591859
3591860
3591797
3591796
3591795
3591620
3591621
3591619
3591874
3591875
3591793
3591792
3570246
3570250
3570245
3570024
3570023
3570022
3570021
3570020
3570019
3570018
3570016
3570017
3570011
3570012
3570015
3570013
3569983
3569982
3569981
3570014
3570349
3570352
3570346
3570347
3570350
3570353
3570348
3570351
3570354
3568594
3568592
3568591
3568590
3568589
3568588
3568587
3568586
3568585
3568584
3568583
3568582
3568581
3568580
3568579
3568578
3568577
3568576
3568575
3568574
3568573
3568572
3569541
3569543
3569611
3569609
3569608
3569610
3569542
3569589
3569552
3569594
3569566
3569559
3569599
3569586
3569555
3569553
3569551
3569550
3569602
3569601
3569587
3569577
3569575
3569557
3569600
3569597
3569596
3569591
3569584
3569574
3569573
3569571
3569560
3569558
3569556
3569593
3569576
3569598
3569595
3569592
3569585
3569583
3569582
3569572
3569568
3569567
3569563
3569562
3569561
3569581
3569564
3569548
3569554
3569590
3569588
3569580
3569579
3569565
3569549
3569578
3569570
3569569
3569546
3569547
3569604
3569412
3489678
3489676
3489677
3489675
3489674
3489673
3489672
3569605
3568999
3569100
3569094
3568253
3568252
3568251
3680959
3567758
3567760
3567759
3479749
3479757
3479750
3479755
3479753
3479752
3479748
3479751
3479756
3479747
3479754
3478508
3478507
3478506
3478505
3478504
3478503
3478502
3478501
3478500
3478499
3478498
3478497
3478496
3478495
3478494
3478493
3478492
3478491
3478490
3478251
3478268
3478267
3478284
3478276
3478254
3478255
3478285
3478266
3478282
3478279
3478278
3478277
3478275
3478274
3478273
3478272
3478269
3478265
3478264
3478263
3478260
3478261
3478259
3478258
3478257
3478256
3478283
3478281
3478280
3478271
3478270
3478262
3567794
3567796
3567795
3567797
3567793
3567798
3477628
3477627
3477626
3477625
3477624
3477623
3477622
3477621
3477620
3477619
3477618
3477617
3477616
3477615
3477614
3477613
3477612
3477611
3477610
3477609
3477608
3477607
3477606
3477605
3477604
3477603
3477602
3477601
3479243
3477140
3477139
3477138
3477141
3683793
3683794
3685302
3685303
3685301
3685300
3685299
3475958
3476328
3476329
3476323
3476324
3476325
3476326
3476322
3476327
3476332
3476331
3476330
3472387
3479114
3469885
3469889
3469884
3469886
3431147
3469891
3469888
3469887
3469890
3475645
3475646
3567799
3567800
3568260
3568259
3568258
3568257
3568256
3672062
3685749
3685748
3685747
3685746
3685745
3466060
3466495
3465903
3465902
3464660
3464617
3464659
3568994
3464645
3464615
3464618
3472384
2832712
2853052
2853052
2853052
2853052
2853052
2853078
2853078
2853078
2960003
2960003
2960003
2960003
2960003
2831613
2831613
2831613
2831613
2831613
2831613
2831613
2960951
2960951
2960951
2960951
2960951
2853075
2853075
2853075
2853075
2853075
2853075
2853075
2853075
2853075
2853075
2853075
2853075
2853075
2853075
2853075
2853075
2853075
2853075
2853075
2853075
2853075
2853075
2959851
2959851
2959851
2959851
2959851
2959851
2959851
2959851
2959851
2959851
2959851
2959851
2959851
2959851
2959851
2959851
2959851
2959851
2959851
2959851
2959851
2959851
2832800
2833164
2833164
3687317
3687317
3687317
3687317
3687317
3687317
3687317
3687317
3687317
3687317
3687317
2202644
2202644
2202644
2202644
2202644
2202644
2202644
2202644
2202644
2202644
2202644
2202644
2202644
2202644
2202644
2202644
2202644
2202644
2202644
2202644
2202644
2202644
2202644
2202644
2202644
2202644
2202644
2202644
2202644
2202644
2202644
2202644
2202644
2202644
2202644
2202644
2202644
2202644
2202644
2202644
2202644
2202644
2202644
2202644
2202644
2202644
2202644
2202644
2202644
2202644
2202644
2202644
2202644
2202644
2202644
2202644
2832643
2832643
2832643
2832643
2832643
2832643
2832643
2832643
2832643
2832643
2832643
2832643
2832643
2832643
2832643
2832643
2832643
3463770
3459917
3459916
3464054
3463776
3463771
3463769
3684207
3591806
3591805
3591804
3591803
3591802
3591801
3591839
3591838
3591837
3591800
3591836
3591835
3591834
3591833
3591832
3591831
3591830
3591829
3591828
3591827
3591799
3591826
3591825
3591824
3591823
3591822
3591821
3591820
3591819
3591818
3591817
3591798
3591816
3591815
3591814
3591813
3591812
3591811
3591810
3591809
3591808
3591807
3684233
3684237
3684236
3684235
3684234
3471596
3459926
3459929
3459930
3459927
3459928
3683670
3459091
3476923
3476925
3476924
3458866
3458865
3458864
3456271
3456270
3456267
3456266
3456269
3456268
3456166
3456167
3456168
3457523
3457522
3457521
3457520
2832745
2832904
2960487
2833162
2832593
2833378
3455677
3570009
3570008
3570007
3570006
3570005
3570004
3570003
3570002
3570001
3570000
3569999
3569998
3569997
3569996
3569995
3569994
3569993
3569992
3569991
3569990
3569989
3569988
3569987
3569986
3569985
3569984
3453367
3686288
3417295
3467357
3450211
3450209
3396152
3440885
3467336
3467351
3454642
3467358
3467353
3467340
3467346
3431151
3431153
3454646
3467359
3431105
3417294
3431107
3431109
3440880
3467365
3431144
3417292
3467343
3467335
3467350
3450210
3454649
3417286
3454644
3467339
3417297
3467349
3467355
3454638
3467342
3467356
3454641
3454636
3412313
3417300
3412316
3467360
3467352
3467362
3431106
3467341
3382072
3440876
3454647
3467364
3431148
3431142
3431149
3412317
3467345
3467354
3417296
3467348
3417298
3431104
3467337
3467363
3467338
3467344
3396150
3467361
3467347
3436911
3436910
3436909
3436908
3436907
3242825
3242824
3242823
3425172
3416836
3414691
2914006
1406341
3102713
3102713
3102713
3102713
3102713
10863
2886926
3401082
3411028
3396870
3387286
3394245
3344780
3394156
3394157
3394155
3390312
3390311
3390310
3390309
3385101
3385102
3385021
3465744
3465767
3465743
3465765
3465766
2528677
2528678
2528674
2528691
2528672
2528688
2528683
2528681
2528684
2528682
2528686
2528679
2528687
2528673
2528675
2528689
2528690
2528676
2528671
2528685
2528680
3142239
1915306
1915306
1915306
1915306
3465796
3118570
3465794
3465775
3465789
3465785
3118568
3118577
3118564
3137177
2930317
3016384
3016383
2924886
2914858
3681845
3681846
3454411
3454410
3454409
3454408
3454407
3454406
3454405
3454431
3454430
3454429
3454428
3454427
3454426
3454425
3454424
3454423
3454422
3454404
3454421
3454420
3454419
3454418
3454417
3454416
3454415
3454414
3454413
3454412
3454403
3683622
3568306
3568558
3568249
3568248
3567788
3567787
3567791
3569861
3569860
3569859
3567790
3567781
3567782
3523317
3489668
3489667
3489669
3515826
3566662
3480211
3692544
3479761
3515824
3515825
3567757
3567780
3567779
3479759
3479760
3478977
3478978
3478972
3480214
3478976
3478975
3568750
3568749
3568748
3478472
3478473
3478422
3478421
3478288
3478252
3566664
3566663
3566666
3566665
3478286
3478287
3477931
3478974
3477570
3477571
3477572
3477579
3477580
3477578
3477577
3477631
3477632
3477513
3478973
3477133
3448152
3475966
3477137
3477136
3476602
3476583
3476579
3476599
3476596
3386215
3479145
3479070
3479052
3475659
3475971
3476316
3476315
3476314
3476313
3476312
3476311
3475657
3475658
3475656
3475956
3475957
3472808
3475085
3475084
3474366
3474363
3474369
3474368
3474367
3474365
3474364
3474362
3473733
3473748
3473742
3473745
3473800
3473799
3473798
3473741
3473740
3472815
3472385
3472827
3472008
3472014
3698356
3472012
3473747
3473746
3472015
3471687
3471769
3471766
3471770
3471835
3471768
3471638
3479154
3471599
3471506
3471505
3471504
3471503
3471509
3471508
3471507
3471513
3471512
3471511
3471510
3471498
3471502
3471497
3471501
3470845
3470850
3470852
3470848
3470847
3470849
3470846
3470861
3470862
3470863
3470864
3470866
3470865
3470855
3471600
3470843
3470844
3470559
3470556
3470557
3470558
3478932
3470790
3470554
3470842
3479173
3479172
3479171
3706568
3469892
3469834
3470022
3469556
3470021
3469486
3469483
3470027
3470025
3470026
3470024
3470020
3469320
3470023
3469079
3469894
3469081
3469082
3469083
3467408
3467409
3467274
3467274
3467274
3467274
3467175
3467312
3464981
3466731
3466493
3467172
3466492
3467305
3467304
3478340
3478339
3465901
3465904
3466504
3466504
3466504
3466504
3466503
3458666
3464661
3464058
3464687
3464686
3464682
3464681
3469863
3464430
3464622
3464621
3464620
3464623
3464521
3464432
3467369
3464057
3464464
3464462
3464461
3464460
3464459
3464455
3464453
3464452
3464451
3464450
3464449
3464448
3464447
3464446
3464467
3464466
3464465
3464463
3464458
3464457
3464456
3464454
3472873
3464493
3464472
3464487
3464479
3464478
3464477
3464476
3464475
3464474
3464473
3464471
3464492
3464491
3464490
3464489
3464488
3464482
3464486
3464485
3464484
3464483
3464481
3464480
3464252
3464296
3459865
3463358
3464056
3464055
3464442
3464444
3464443
3458938
3458937
3459116
3462926
3463352
3462927
3462929
3466088
3464941
3464942
3464943
3463690
3463689
3459991
3458606
3458606
3458606
3459925
3459990
3458605
3459519
3459872
3458432
3458431
3461069
3461068
3461067
3459117
3459198
3458030
3457968
3461042
3461041
3461040
3461039
3461038
3461037
3461036
3461035
3461034
3461033
3461032
3461031
3461030
3461029
3461028
3461027
3461026
3461025
3461024
3461023
3461022
3461021
3461020
3461043
3459912
3459911
3459906
3459905
3459910
3459909
3459908
3459907
3459914
3459913
3459903
3459902
3459904
3459109
3458987
3459108
3459106
3459119
3459118
3459086
3458633
3458857
3458632
3431145
3458634
3458882
3458875
3458878
3229441
3458879
3458881
3458880
3458874
3458876
3458877
3458392
3466734
3456260
3456263
3456261
3456172
3456152
3455928
3455927
3459932
3459931
3455624
3455933
3455932
3455678
3455813
3452233
3452232
3452231
3452230
3452229
3452228
3452227
3452226
3455811
3454120
3455931
3455929
3455930
3455200
3455199
3455198
3455197
3455196
3455195
3455194
3454121
3455576
3431139
3412315
3455575
3455578
3412314
3455577
3455579
3412312
3454707
3454705
2060721
3446833
3446832
3446834
3446831
3455189
3455175
3455188
3453354
3455038
3455037
3455036
3453356
3453368
3455034
3455033
3455032
3455031
3455030
3455029
3455028
3455027
3453357
3453360
3453395
3453394
3453393
3453392
3453391
3453390
3453365
3453353
3452861
3452862
3448153
3448826
3448825
3448824
3448823
3448822
3448821
3448820
3448819
3448818
3448817
3448816
3448815
3448814
3448813
3448812
3447163
3447162
3446602
3448950
3448949
3448948
3448947
3897132
3897132
3897132
3897132
3445450
3448298
3448297
3448296
3448295
3448294
3442627
3446683
3446682
3446681
3446680
3446679
3446678
3446677
3446676
3446675
3446674
3443504
3440546
3448161
3448946
3448945
3448943
3435197
3435548
3436882
3436271
3436270
3436858
3436857
3436856
3436855
3434158
3434156
3434159
3434157
3434971
3434970
3434166
3434165
3434164
3434163
3434162
3433625
3433624
3467406
3467404
3467400
3467399
3467398
3467397
3467405
3467403
3467396
3467395
3467394
3467402
3467401
3467393
3467392
3467391
3467390
3467389
3467383
3467385
3467384
3467387
3467386
3467388
3418520
3420611
3448578
3420618
3420617
3420616
3420615
3420612
3420614
3420613
3436053
3436052
3436051
3416989
3414733
3414732
3414731
3414730
3414729
3414728
3414727
3414233
3414695
3414694
3414693
3414692
3410985
3410984
3410983
3410982
3410981
3410980
3410979
3411025
3411877
3411876
3411873
3411872
3411875
3411871
3411874
3411870
3411464
3411817
3411816
3401041
3401040
3401042
2886926
3102713
3102713
3102713
3102713
3102713
2886926
3401083
3390220
3388613
3451895
3451894
3451893
3451892
3451891
3451890
3451889
3451888
3451887
3451886
3451885
3451884
3451883
3451882
3451881
3451880
3451879
3451878
3463793
3463799
3463798
3463797
3463796
3463794
3463795
3377013
3377012
3463800
3386825
3385169
3385168
3385167
3385166
3385165
3384963
3400240
3390314
3390313
3393993
3417976
3417975
3373956
3373955
3373954
3373969
3373968
3373967
3373953
3373966
3373965
3373964
3373952
3373963
3373962
3373961
3373951
3373960
3373959
3373958
3373950
3373949
3373957
3373948
3469032
3469031
3469030
3469029
3469028
3469027
3469026
3469033
3469025
3398388
3376753
3374909
3394242
3387284
3394205
3349803
3369523
3390321
3388608
3388609
3388607
3241053
3241510
3248864
3239047
3239046
3388777
3236938
3236820
3237673
3236923
3384965
3236642
3366593
3144547
3143894
3148918
3129222
3129223
3129734
2681611
2681611
10760
10759
10760
10760
10760
10760
10760
10760
2681611
10760
10760
10760
10760
3102713
3465525
3465528
3465530
3465529
3465531
3465526
3465527
3465629
3465621
3465625
3465699
3465627
3465675
3465667
3465670
3465672
3465635
3465659
3465690
3465644
3465684
3465626
3465641
3465628
3465682
3465633
3465646
3465686
3465657
3465701
3465662
3465630
3465615
3465649
3465669
3465677
3465694
3465656
3465654
3465693
3465655
3465663
3465650
3465639
3465678
3465642
3465611
3465671
3465619
3465680
3465687
3465648
3465610
3465651
3465643
3465700
3465645
3465618
3465689
3465666
3465692
3465681
3465674
3465661
3465637
3465698
3465632
3465647
3465673
3465617
3465665
3465679
3465695
3465653
3465608
3465658
3465685
3465616
3465623
3465638
3465640
3465614
3465624
3465696
3465683
3465691
3465607
3465652
3465631
3465688
3465660
3465676
3465636
3465620
3403433
3465784
3465782
3465791
3465790
3465780
3465783
3465786
3465779
3447605
3465777
3465773
3465778
3465750
3465801
3465792
3118579
3465802
3118582
3118576
3465805
3118578
3465797
3118573
3118567
3118580
3118581
3465799
3118565
3465793
3465795
3118566
3465803
3465788
3465776
3465798
3118574
3118571
3465800
3118583
3465787
3465781
3118572
3118575
3465806
3465804
3465774
3465768
3434925
3434927
3434924
3449651
3449647
3449679
3449654
3449669
3449676
3449640
3449643
3449659
3449665
3449662
3449657
3449644
3449667
3449656
3449642
3449661
3449658
3449663
3449637
3449635
2920921
3119682
3113373
3113372
3092752
3092753
3076818
3076810
3043515
3038217
3038214
3038216
3038215
3038198
3038199
3038197
2982877
2974455
2894387
2894398
2894716
2813176
2813177
3463959
3463959
3463959
3463959
3463959
3479225
3479224
3475925
3468509
3459519
3463959
3459510
1897639
1885268
1885267
1885266
1885265
1885264
1885263
1874253
1874252
1874251
1874255
1874250
1874254
1874249
1206555
1206554
1206553
1206552
1206551
1206550
1206549
1206548
1206547
1206546
1206544
1206543
1206542
1206541
1206540
1206539
1206538
1206537
1206536
1206535
1206534
1206533
1206532
1206531
1206530
1206529
1206528
1206527
1206527
1206526
1206525
1206524
1206524
1206524
1206523
1206523
1206523
1206523
1206522
1206521
1206520
1206519
1206518
1194093
1194093
1206517
1206516
1194092
1194091
1194093
1194092
3454014
3410232
3452238
3452237
3452236
3452235
3452234
3452777
3683489
3453359
3453358
3454710
3453362
3424140
3453355
3453364
3453363
3239850
3449941
3453703
3453702
3453701
3447927
3447926
3447925
3447924
3447923
3447922
3447921
2060721
2060721
3452860
3452859
3384823
3452685
3452684
3452683
3452682
3452681
3452622
3451278
3451608
3447839
3448151
3448150
3447120
3447159
3447161
3446498
3448160
3446499
3446689
3446688
3446687
3446686
3446685
3446684
3446501
3446500
3446692
3446691
3446098
3446107
3445451
3446106
3446102
3446690
3398708
3398707
3443898
3444376
3444375
3444374
3448577
3448576
3448575
3448574
3448573
3448572
3443505
3447394
3447393
3440547
3440523
3442625
3442624
3446673
3446672
3446671
3446670
3446669
3446668
3446667
3446666
3446665
3446664
3446663
3446662
3446661
3446660
3446659
3446658
3446657
3446656
3446655
3446654
3446653
3446652
3446651
3446650
3446649
3446648
3446647
3446646
3446645
3446644
3446643
3446642
3446641
3446640
3446639
3446638
3446637
3446636
3446635
3454676
3440539
3440535
3440524
3440525
3440536
3440534
3440537
3440217
3440216
3440215
3440214
3440021
3440538
3440022
3436883
3447912
3447918
3447917
3447916
3447915
3447914
3447913
3446277
3446276
3446275
3446274
3446273
3446272
3436859
3436628
3440020
3436269
3436195
3436194
3436193
3436192
3436191
3436190
3436196
3436268
3436050
3435809
3435398
3435397
3434941
3435238
3435626
3434656
3434942
3434944
3434943
3434336
3434335
3434334
3434034
3435237
3433627
3433626
3433628
3433623
3434033
3425951
3433636
3433639
3433638
3433637
3433642
3433641
3433635
3433640
3425696
3425683
3424870
3425682
3425908
3425907
3425901
3433679
3433667
3433678
3433677
3433676
3433668
3433666
3433675
3433665
3433664
3433663
3433674
3433673
3433672
3433671
3433670
3433669
3425697
3424871
3424872
3425684
3425926
3425925
3425924
3425923
3425171
3425916
3425915
3425914
3425913
3425912
3425911
3425910
3425909
3412320
3425169
3425170
3424015
3423632
2060721
2060721
3424139
3424138
3424006
3424137
3424136
3424005
3423286
3423648
3423647
3423646
3423645
3423644
3423285
3423642
3423635
3423634
3423633
3425131
3425130
3421631
3423641
3423640
3423639
3423638
3423637
3423636
3421155
3421154
3421153
3421660
3420634
3421746
3425210
3424032
3420841
3421185
3421739
3421738
3420915
3420846
3420845
3420196
3420195
3420192
3136608
3420097
3420096
3420852
3420851
3420850
3420849
3420848
3388560
3434755
3434754
3434753
3434752
3434751
3434750
3434749
3419000
3419001
3418999
3416869
3416868
3418806
3415720
3418809
3418808
3418807
3418805
3418510
3418509
3418345
3418344
3418343
3418342
3418341
3414725
3414724
3414723
3414722
3414721
3418254
3417668
3417667
3417455
3421147
3421146
3421145
3421144
3421149
3421143
3421150
3421152
3421142
3421141
3421140
3421151
3421148
3421139
3417226
3417225
3417224
3417223
3416834
3416835
3417019
3417018
3417017
3416986
3416602
3416601
3415512
3415646
3415633
3416399
3416398
3416397
3416395
3384972
3416020
3416019
3415611
3415610
3415609
3413278
3413979
3413980
3415716
3415715
3413929
3413668
3413498
3416990
3413496
3413946
3413945
3420803
3414247
3414246
3414245
3414244
3414243
3414242
3414241
3414240
3414239
3412729
3414232
3414231
3414230
3414229
3414228
3414227
3414226
3420847
3420847
3445838
3420847
3420847
3420855
3420847
3420847
3420847
3420847
3420847
3420847
3445837
3420847
3420847
3420847
3420847
3420847
3420847
3420847
3420847
3420847
3420847
3420855
3413219
3413218
3413217
3413216
3413215
3413214
3413213
3413212
3413211
3411815
3411814
3416499
3416498
3416497
3416496
3416495
3416494
3416493
3416492
3416491
3416490
3416489
3416488
3416487
3416486
3416485
3416484
3416483
3416482
3416481
3416480
3416479
3416478
3416477
3416476
3416475
3416474
3416473
3416472
3416471
3416470
3416469
3416468
3416467
1147154
1147153
3416466
3416465
3416464
1147157
3416463
3416462
2681611
3410901
3410900
3410899
3410898
3410897
3410896
3412527
3412525
3412526
3391617
3412443
3412442
3412441
3412440
3412439
3416567
3416566
3416559
3412438
3412437
3411683
3411682
3411684
3412546
3412547
3412548
3412545
3412534
3412532
3412533
3412536
3412535
3390994
3101560
3391616
3411690
3411689
3410964
3410969
3410968
3410967
3410962
3410961
3410963
3411842
3411845
3411843
3411844
10760
10760
10760
10760
3417984
3417983
3417982
3417981
3417980
3417979
3417978
3413930
3404141
3411828
3411829
3403492
3403491
3395520
3395522
3395523
3395525
3395521
3395524
3395526
3395527
3403540
3403515
3403529
3403527
3403520
3403525
3403524
3403539
3403538
3403537
3403534
3403517
3403528
3403523
3403516
3403535
3403522
3403533
3403526
3403511
3403532
3403521
3403513
3403542
3403519
3403514
3403541
3403518
3403536
3403512
3403531
3403530
3402739
3402740
3399732
3399710
3399700
3399697
3399708
3399727
3399695
3399715
3399718
3399699
3399721
3399730
3399720
3399717
3399694
3399698
3399722
3399705
3399734
3399713
3394250
3394249
3394248
3394247
3424028
3403485
3417015
3417014
3417013
3417012
3417011
3417010
3417009
3417008
3417007
3417006
3417005
3417004
3417003
3417002
3417001
3417000
3416999
3416998
3416997
3416996
3416995
3416994
3416993
3416992
3416991
3389958
3389957
3389954
3389956
3389955
3389953
3389952
3387282
3450214
3450213
3450212
3384966
3390257
3390256
3390255
3390254
3390253
3390252
3390263
3390264
3390262
3390261
3390259
3390260
3390258
3385107
3385106
3385105
3412967
3412966
3412965
3412964
3412963
3412962
3412961
3412957
3412909
3412908
3412907
3412906
3412905
3412960
3412959
3412958
3412904
3412956
3412955
3412954
3412953
3412952
3412951
3412950
3412949
3412948
3412947
3412946
3412945
3412944
3412943
3412942
3412941
3412940
3412903
3412902
3412901
3412900
3412899
3412898
3412897
3412938
3412939
3412937
3412936
3412935
3412934
3412933
3412932
3412896
3412895
3412894
3412931
3412930
3412929
3412919
3412928
3412927
3412926
3412925
3412924
3412923
3412922
3412921
3412920
3412911
3412918
3412917
3412916
3412915
3412914
3412913
3412912
3412893
3412892
3412891
3412910
3412890
3412889
3412888
3412887
3412886
3412885
3412884
3412883
3412882
3412881
3390247
3373937
3373947
3373946
3373945
3373944
3373943
3373936
3373935
3373942
3373941
3373940
3373939
3373938
3373934
3420452
3420451
3420450
3420449
3420448
3420447
3394246
3414681
3414680
3414679
2978976
3367764
3388611
3343753
3343752
3343751
3343750
3394184
3394183
3378659
3447978
3447977
3241058
3236918
3234286
3384995
3373400
3373399
3374930
3155224
3142672
3142669
3142668
3405110
3142671
3142670
3405109
3144838
3143147
3141802
3137354
3137618
3143005
3120034
3122168
3129737
3129736
2886926
2886926
2886926
2886926
12023
12022
2681611
12023
1897486
313629
10760
2886926
2886926
2886926
2886926
2681598
12023
10863
2886926
2681611
2886926
2886926
2886926
2886926
2681611
3349809
3349809
3349809
3349809
3349809
3349809
3349809
3349809
3349809
3349809
3349809
3117725
3110525
3127685
3127684
3127683
3127682
3127681
3127680
3127679
3127678
3127672
3127677
3127676
3127675
3127674
3127673
3074845
3062015
3053379
3056365
3043430
3035781
3038280
3032375
3032376
3028144
2925320
2851084
3384246
3384245
1874018
1874016
1874017
38018
38018
38018
38018
38018
38018
38018
38018
38018
38018
38018
38018
38018
38018
38018
38018
38018
38018
38018
38018
38018
38018
38018
38018
38018
38018
38018
38018
38018
38018
38018
38018
38018
38018
38018
38018
38018
38018
38018
38018
38018
38018
38018
38018
38018
38018
38018
38018
38018
38018
38018
38018
38018
38018
38018
38018
38018
38018
38018
38018
38018
38018
38018
38018
38018
38018
38018
38018
38018
38018
38018
38018
38018
38018
38018
38018
38018
38018
38018
38018
38018
38018
38018
38018
38018
38018
38018
38018
38018
38018
38018
38018
38018
38018
38018
38018
38018
38018
38018
38018
38018
38018
38018
38018
38018
38018
38018
38018
38018
38018
38018
38018
38018
38018
38018
38018
38018
38018
38018
3417627
3416985
3416988
3416932
3416833
3416405
3417972
3416015
3416016
3416021
3415719
3415712
3415713
3415714
3415608
3415625
3415612
3415513
3415622
3415628
3415627
3415626
3415737
3414682
3414726
3414225
3414262
3415509
3413985
3413927
3413923
3413497
3413495
3413152
3414238
3414238
3414238
3413151
3413206
3412969
3412968
3410838
3413142
3412880
3412731
3412730
3412613
3413145
3413210
3413209
3413207
3413208
3411808
3411806
3411807
3411810
3412528
3413141
3411654
3411927
3411754
3412444
3410948
3411809
3411886
3411887
3411548
3411653
3411576
3411026
3411940
3411941
3411939
3410910
3411027
3414237
3411022
3411023
3411929
3411928
3411688
3411839
3411838
3410912
3410947
3410972
3411982
3410954
3410970
3411979
3411981
3411980
3410951
3410929
3410944
3410946
3404147
3404142
3410945
3404825
3404826
3404827
3404828
3404145
3404140
3404139
3410957
3410956
3411999
3412000
3412879
3412879
3412879
3412879
3402710
3403426
3403470
3403471
3404143
3402711
3403037
3403036
3410960
3410959
3410958
1913667
3410927
3400948
3403435
3403434
3403433
3403444
3403442
3403443
3404144
3403122
3403038
3403484
3401073
3401225
3403111
3403148
3400889
3400886
3400888
3400887
3400810
3400895
3400896
3385181
3400897
3412781
3412780
3412779
3412782
3369203
3403058
3403057
3403056
3403055
3403054
3403053
3401079
3400161
3403502
3403496
3384974
3396154
3396151
3403494
3384973
3403493
3403497
3403499
3162889
3403495
3403501
3403500
3403498
3101556
3403050
3403052
3388565
3401080
3403488
3403489
3400159
3400169
3400168
3401912
3402121
3402122
3412847
3412859
3412849
3412842
3412840
3412838
3412837
3412852
3412836
3412841
3412854
3412857
3412832
3412839
3412856
3412855
3412844
3412843
3412833
3412850
3412835
3412831
3412834
3412851
3412861
3412863
3412853
3412862
3412858
3412848
3412846
3412845
3412860
3401639
3401638
3401640
3401637
3402120
3401164
3402141
3384659
3384658
3384657
3384656
3384655
3446600
3394621
3394619
3394620
3394618
3394625
3394624
3394623
3397586
3410893
3410895
3410894
3410892
3410891
3410890
3410889
3410887
3410888
3410886
3410885
3401910
3402001
3410879
3410878
3410877
3410876
3410875
3410874
3410873
3410872
3410871
3410870
3401996
3401961
200474
3401601
3401602
3406649
3406648
3403682
3403686
3403685
3403684
3403683
3403687
3400811
3402738
3402737
2932880
3401043
3401119
3401163
3401081
3401081
3401081
3401169
3414236
3414235
3400944
3401039
3391383
3400932
3403051
3401029
3401035
3401036
3401037
3400160
3400951
3400952
3400927
3400245
3395269
3400247
3391247
3393517
3393516
3403059
3399667
3400926
3400925
3399664
3400898
3399649
3399662
3399709
3399738
3399707
3399741
3399696
3399702
3399729
3399703
3399693
3399737
3399739
2927285
3399728
3399725
3399742
3399704
3399716
3399733
3399726
3399740
3399701
3399711
3399735
3399706
3399731
3399724
3399719
3399714
3399723
3399736
3399712
3398731
3399668
3399673
3399672
3399671
3391703
3391704
3395268
3398439
3398438
3398437
3398436
3398435
3398434
3398433
3398432
3398431
3398430
3398429
3398428
3398427
3398426
3398425
3398424
3391566
3398423
3398422
3398421
3398420
3398419
3398418
3391565
3398417
3398416
3398415
3398414
3398413
3398412
3398411
3398410
3391567
3398409
3398408
3398407
3398406
3398405
3398404
3398403
3390993
3398396
3388307
3398202
3398390
3398389
3398201
3388308
3390820
3401093
3399576
3388329
3389964
3389963
3390827
3390826
3389925
3388600
3388597
3388599
3388598
3388596
3388601
3388595
3388594
3388593
3388592
3388591
3388590
3388350
3389968
3389967
3389966
3389965
3387542
3403562
3403575
3403572
3403574
3403573
3403571
3403570
3403569
3403568
3403567
3403566
3403565
3403564
3403563
3386303
3387545
3387544
3386304
3386306
3386316
3386315
3386314
3386313
3386312
3385045
3385044
3385015
3384876
3418232
3384875
3384871
3384836
3387285
3389923
3389922
3389921
3384823
3384823
3384823
3384823
3384823
3384823
3384823
3384823
3384823
3384823
3384823
3384823
3384823
3384823
3384823
3384823
3384823
3384823
3384823
3384823
3384823
3384823
3384823
3384823
3384823
3384823
3384823
3384823
3384823
3385258
3385257
3385253
3385252
3385254
3385256
3385255
3385251
3385250
3385237
3385249
3385248
3385247
3385246
3385245
3385244
3385243
3385242
3385236
3385241
3385240
3385239
3385238
3385235
3385234
3385232
3385231
3385230
3385229
3385228
3385227
3385225
3385226
3385224
3385223
3385222
3385221
3385233
3385220
3385219
3385218
3385217
3385216
3385215
3385214
3385213
3385212
3385211
3385210
3385209
3385208
3385207
3454946
3390840
3390840
3390840
3390840
3390840
3404953
3388586
3388584
3388585
3388588
3388587
3378340
3378339
3388610
3374727
3374726
3374953
3374955
3374950
3374948
3374954
3374952
3374951
3374949
3374117
3374116
3400158
3400157
3400156
3400155
3343759
3388605
3343755
3393991
3373739
3390384
3349232
3349233
3349234
3388606
3317294
3366565
3248862
3243736
3243728
3243727
3377088
2163983
3403659
3403660
3403662
2845175
3403661
2681624
2845179
2905675
254252
2908173
3137289
3138417
3135697
3134920
3141530
3122945
3125924
3125923
3125922
3125921
3125920
3125919
3129733
2907955
2907955
365048
1887652
307898
1662330
1464127
1458851
320836
204090
10760
10760
2681611
2681611
1708400
154784
12023
145579
1897486
998086
225067
313629
270673
504346
105154
1542131
582345
2886926
2886926
2886926
2886926
12023
12022
12023
1708400
154784
12023
145579
1897486
998086
225067
313629
270673
504346
105154
1542131
582345
10863
2886926
10760
320836
1582152
1567473
1897486
154784
12023
313629
2886926
2886926
2886926
2886926
10760
2681611
270673
998086
593131
1161927
10863
2886926
3369487
3105727
3105740
3105742
3105746
3105744
3105747
3105738
3104816
3104817
3104819
3105212
3105214
3105209
3105215
3105217
3105222
3105219
3105224
3105431
3105434
3105226
3105436
3105440
3105442
3105446
3105444
3104864
3104860
3104862
3104872
3104874
3105265
3105267
3105270
3105799
3105268
3105272
3105801
3105804
3105803
3105805
3105806
3105807
3105809
3105811
3105007
3105011
3105009
3105012
3105014
3105018
3105016
3105021
3105020
3105027
3105033
3105023
3105025
3105035
3105030
3105032
3105029
3105037
3105040
3105047
3105045
3105043
3105055
3105038
3105052
3105048
3105057
3105065
3105063
3104955
3105059
3105066
3105068
3105071
3105073
3105084
3105078
3105077
3105082
3105080
3105301
3105085
3105314
3105316
3105320
3105318
3104809
3104812
3104814
3104815
3104861
3104863
3104865
3104866
3104868
3104859
3105466
3105467
3105458
3105471
3105476
3105475
3105479
3105486
3105485
3105483
3105370
3105473
3105543
3105545
3105541
3105546
3105548
3105549
3105551
3105552
3105559
3105558
3105556
3105554
3105565
3105553
3105563
3105561
3105568
3105571
3105573
3105575
3105576
3105579
3105504
3105495
3105784
3105243
3105242
3104845
3105182
3105359
3105494
3105296
3105300
3105245
3105305
3105532
3105368
3105308
3105367
3105294
3105506
3105782
3104877
3105264
3105793
3104867
3104869
3105298
3105779
3105508
3105290
3105238
3105788
3105580
3105528
3105503
3105261
3105794
3105762
3105524
3105269
3105514
3104873
3104840
3105534
3104839
3105510
3104776
3105526
3105273
3105595
3105509
3104875
3105312
3105586
3105480
3105240
3105183
3105271
3105778
3105523
3105520
3104798
3105443
3105188
3105588
3105266
3105776
3105345
3105786
3105193
3105190
3105259
3105578
3105594
3104871
3105221
3105220
3105518
3105577
3105572
3105574
3105192
3105583
3105437
3105537
3105497
3105223
3105310
3105501
3105481
3105489
3105539
3104796
3105781
3105536
3105535
3105302
3105538
3105516
3105322
3105590
3105445
3105452
3105490
3105582
3105585
3105499
3104842
3105450
3105185
3074848
3075937
3056357
3056357
2980078
2980077
2980084
2980083
2980082
2980081
2980080
2980079
2980076
2980073
2980072
2980075
2980074
2980071
2980070
2980069
2980068
2980067
2980066
2980065
2980064
2980060
2980059
2980058
2980057
2980056
2980055
2980054
2980063
2980062
2980061
2980049
2980053
2980052
2980051
2980050
2980048
2980046
2980047
2980045
2980044
2980043
2980040
2980039
2980038
2980037
2980036
2980042
2980041
2980035
2980034
2980033
2980032
2980031
2970497
2970496
2806550
3400148
3398617
3398194
3398204
3398203
3400137
3400136
3397566
3391471
3398711
3397798
3397771
3390495
3390906
3390903
3390905
3390904
3390221
3389962
3389951
3389924
3388309
3388309
3388309
3388309
3388309
3388309
3388309
3388309
3388309
3388309
3388311
3388311
3388311
3388311
3388311
3388311
3388311
3388311
3388311
3388312
3388312
3388310
3387543
3386300
3386913
3386311
3387549
3387548
3387547
3387546
3390897
3390898
3390848
3390847
3390846
3390845
3390844
3384873
3384840
3378335
3378228
3385039
3385040
3385042
3385041
3384979
3390366
3390365
2883572
3162002
3162004
3377119
3390404
3390403
3390402
3390401
3390397
3390398
3390387
3390388
3390390
3390391
3390393
3390395
3390399
3390400
3390386
3390396
3390389
3390392
3390394
3390385
3248863
3388603
3239052
3239051
3239050
3366613
3378199
3378198
3378200
3378197
3145173
3145174
3145172
3145206
3145205
3145204
3145203
3145202
3109674
3109681
3109686
3109685
3109687
3109646
3109663
3109638
3109662
3109664
3109700
3109684
3109690
3109714
3109716
3109679
3109680
3109699
3109634
3109661
3109633
3109641
3109659
3109675
3109671
3109665
3109653
3109660
3109711
3109697
3109648
3109635
3109636
3109647
3109692
3109695
3109639
3109705
3109698
3109696
3109655
3109668
3109669
3109666
3109656
3109712
3109717
3109649
3109673
3109677
3109667
3109672
3109652
3109631
3109706
3109658
3109644
3109688
3109691
3109702
3109701
3109651
3109707
3109640
3109642
3109708
3109718
3109654
3109632
3109710
3109643
3109704
3109719
3109670
3109683
3109650
3109694
3109693
3109709
3109703
3109676
3109657
3109645
3109689
3109682
3109637
3109678
3109715
3109713
3105818
3105816
3105815
3105808
3105459
3105814
3105817
3105462
3105432
3105433
3105733
3105731
3105730
3105728
3105725
3105717
3105723
3104876
3104870
3104879
3104878
3105456
3105454
3104990
3104988
3104986
3104982
3104847
3104797
3104980
3104805
3104803
3104801
3104806
3104804
3104802
3104800
3105218
3105128
3105126
3105124
3105123
3104995
3104992
3105039
3105026
3104857
3105036
3104848
3105570
3104855
3105567
3105569
3105566
3105564
3105562
3105413
3105410
3105560
3105317
3105315
3105321
3105319
3104894
3104892
3104889
3104887
3104888
3104882
3104880
3104885
3105363
3104883
3104813
3105361
3104811
3104810
3104808
3104807
3105420
3105418
3105284
3105274
3105417
3105279
3105280
3105277
3105263
3105003
3105276
3105002
3105000
3104993
3104996
3104987
3104994
3104991
3104989
3104977
3104983
3104984
3104985
3104981
3104978
3104979
3104976
3104973
3104971
3104950
3104948
3104969
3104956
3104965
3104962
3104963
3104960
3104945
3104958
3104952
3104954
3105754
3105752
3105750
3104784
3104781
3104779
3104783
3105777
3105775
3105773
3105772
3105771
3105768
3105709
3105766
3105711
3105707
3105702
3105703
3105700
3105696
3105698
3105694
3105692
3105690
3105680
3105688
3105685
3105682
3105675
3105673
3105581
3105678
3105671
3105660
3105667
3104799
3105419
3105533
3105531
3105530
3105522
3105527
3105416
3105430
3105525
3105429
3105404
3105411
3105207
3105213
3105412
3105211
3105210
3104908
3104905
3104899
3104896
3104893
3104901
3104942
3104940
3105512
3105795
3105521
3104890
3104891
3104895
3104881
3104900
3104886
3104897
3104884
3104898
3104902
3105386
3105422
3105424
3105414
3105428
3105760
3105679
3105764
3105770
3105767
3105769
3105765
3105089
3105087
3104914
3105774
3105336
3104907
3105091
3104906
3104921
3105334
3105341
3105338
3105344
3105493
3105496
3105491
3105498
3105500
3105492
3105505
3104964
3104968
3104966
3104970
3104972
3104975
3104974
3104967
3105173
3105174
3105176
3105507
3105511
3105502
3105513
3105515
3105540
3105529
3105544
3105547
3105550
3105542
3105555
3105757
3105756
3105557
3105812
3104822
3104820
3105235
3105780
3105384
3105383
3105783
3105785
3105517
3105519
3105599
3105600
3105592
3105604
3105608
3105606
3105610
3105602
3105615
3105619
3104792
3105617
3104794
3104790
3105343
3104844
3105333
3105743
3105346
3105745
3105751
3105748
3105753
3105749
3105759
3105755
3105761
3105758
3105763
3104785
3104782
3104787
3105358
3104780
3105360
3104778
3105362
3105369
3105364
3105371
3105230
3105231
3104904
3105233
3105216
3105237
3105239
3105241
3105621
3105612
3105625
3105623
3105627
3105629
3105622
3105631
3105634
3105636
3104823
3104825
3104828
3104830
3104832
3104834
3104837
3104821
3104909
3104903
3104917
3104912
3104919
3105251
3105248
3105252
3105584
3105254
3105587
3105596
3105589
3105598
3105593
3105591
3105601
3105603
3105611
3105609
3105607
3105605
3105614
3105616
3105618
3105613
3105620
3105628
3105626
3105624
3105630
3105633
3105635
3105637
3105639
3105642
3105647
3105645
3105649
3105653
3105657
3105655
3105652
3105666
3105664
3105662
3105668
3105669
3105672
3105674
3105676
3105677
3105670
3105681
3105683
3105686
3105684
3105689
3105687
3105691
3105693
3105695
3105697
3105699
3105701
3105712
3105710
3105704
3105708
3105705
3105713
3105715
3105706
3105722
3105720
3105719
3105724
3105729
3105726
3105732
3105734
3105736
3105739
3105741
3105447
3105453
3104824
3105457
3105455
3104827
3104829
3104831
3104826
3104833
3104835
3104836
3104838
3104841
3104775
3104849
3104850
3104851
3104852
3104854
3104853
3105347
3105348
3105350
3105352
3105356
3105357
3105354
3105372
3105375
3105377
3105385
3105382
3105379
3105387
3105389
3105391
3105393
3105394
3105397
3105396
3105399
3105401
3105406
3105408
3105392
3104918
3104920
3104922
3104924
3104943
3104934
3104946
3105789
3105787
3104858
3105791
3104856
3105402
3105405
3105403
3105448
3105449
3105451
3105326
3105324
3105327
3105435
3105426
3105438
3105439
3105441
3104947
3104944
3104916
3104913
3104915
3104949
3104953
3104951
3105256
3104957
3104959
3105257
3105250
3105260
3105797
3105258
3105810
3105813
3105180
3105178
3105275
3105278
3105281
3105283
3105291
3105289
3105287
3105293
3105295
3105297
3105299
3105262
3105304
3105303
3105306
3105307
3105309
3105311
3105195
3105196
3105365
3105366
3105388
3105398
3105390
3105381
3105395
3105400
3104777
3105464
3104961
3105407
3105409
3105460
3105461
3105463
3105465
3105468
3105790
3105470
3105792
3105597
3105415
3105472
3105474
3105478
3105477
3105469
3105482
3105484
3105487
3104910
3105488
3105349
3105351
3104911
3105353
3105796
3105355
3105798
3105800
3105802
3104786
3104925
3104928
3104788
3104930
3104932
3104923
3104936
3104935
3104938
3105199
3104941
3105335
3105331
3105323
3105329
3105337
3105339
3105340
3105342
3105093
3105156
3105083
3105096
3105097
3105099
3105106
3105094
3105101
3105108
3105110
3105115
3105113
3105117
3105119
3105130
3105122
3105133
3105131
3105125
3105137
3105140
3105144
3105142
3105145
3105147
3105149
3105151
3105154
3105157
3105146
3105159
3105164
3105160
3105165
3105162
3105167
3105169
3105171
3105638
3105640
3105632
3105643
3105644
3105650
3105648
3105646
3105651
3105641
3105654
3105656
3105659
3105658
3105663
3105661
3105718
3105714
3105716
3105665
3105721
3104999
3105004
3105001
3104818
3104997
3104998
3105005
3105008
3105010
3105013
3105374
3105373
3105380
3104791
3105376
3105378
3104793
3104843
3104795
3104846
3105006
3105017
3104789
3105019
3105024
3105022
3105015
3105028
3105034
3105031
3105421
3105423
3105425
3105427
3104926
3104927
3104929
3104931
3104933
3104937
3104939
3105041
3105046
3105042
3105044
3105049
3105053
3105051
3105054
3105056
3105050
3105062
3105058
3105064
3105067
3105069
3105070
3105074
3105061
3105076
3105079
3105075
3105081
3105072
3105088
3105086
3105092
3105090
3105095
3105098
3105100
3105102
3105103
3105105
3105107
3105111
3105109
3105104
3105112
3105118
3105116
3105120
3105121
3105114
3105132
3105127
3105129
3105138
3105139
3105134
3105141
3105136
3105143
3105135
3105148
3105150
3105152
3105153
3105155
3105158
3105161
3105163
3105060
3105170
3105168
3105172
3105175
3105166
3105179
3105181
3105184
3105177
3105187
3105191
3105189
3105194
3105186
3105198
3105203
3105200
3105285
3105197
3105205
3105286
3105282
3105288
3105325
3105330
3105313
3105332
3105328
3105292
3105247
3105246
3105249
3105244
3105253
3105255
3105204
3105201
3105208
3105206
3105225
3105202
3105227
3105228
3105229
3105232
3105234
3105236
3105735
3105737
3385024
3397502
3391707
3393471
3397799
3390828
3397182
3397181
3390501
3390498
3390500
3390499
3390497
3390219
3390218
3390217
3390216
3390215
3390214
3390213
3390212
3390496
3389930
3389929
3389928
3389927
3396871
3396871
3396871
3396871
3396871
3396871
3396871
3396871
3396871
3396871
3396871
3396871
3396871
3396871
3396871
3396871
3396871
3396871
3396871
3396871
3396871
3396871
3396871
3396871
3396871
3396871
3396871
3396871
3389871
3389926
3388738
3388331
3388589
3384970
3388352
3388351
3387541
3455448
3386826
3387281
3386305
3386302
3386301
3391975
3391974
3384841
112596
112596
112596
112596
112596
112596
112596
112596
112596
112596
112596
112596
112596
112596
112596
112596
112596
112596
112596
112596
112596
112596
112596
112596
112596
112596
112596
112596
112596
112596
112596
112596
112596
112596
112596
112596
112596
112596
112596
112596
112596
112596
112596
112596
112596
112596
112596
112596
112596
112596
112596
112596
112596
112596
112596
112596
112596
112596
112596
112596
112596
112596
112596
112596
112596
112596
112596
112596
112596
112596
112596
112596
112596
112596
112596
112596
112596
112596
112596
112596
112596
112596
112596
112596
112596
112596
112596
112596
112596
112596
112596
112596
112596
112596
112596
112596
112596
112596
112596
112596
112596
112596
112596
112596
112596
112596
112596
112596
112596
112596
112596
112596
112596
112596
112596
112596
112596
112596
112596
112596
112596
112596
112596
112596
112596
3396872
3396873
3384996
3384969
3387283
3384155
3384154
3384153
3384152
3384151
3384150
3384149
3384148
3384147
3384146
3384145
3384144
3384143
3384142
3384141
3384140
3384139
3384138
3384137
3384136
3384135
3384134
3384133
3384132
3384131
3384130
3384129
3384128
3384127
3384126
3384125
3384124
3384123
3384122
3384121
3384120
3384119
3384118
3384117
3384116
3384115
3384114
3384113
3384112
3384111
3384110
3384109
3384108
3384107
3384106
3384105
3385009
3385010
3384914
3384915
3384912
1227925
1227925
1227925
1227925
1227925
1227925
1227925
1227925
1227925
1227925
3384874
3384872
3384870
3384839
3384869
3384835
3384824
3384777
3385026
3385023
3391707
3385024
3384776
3384775
3384774
3384769
3377755
1416012
1416012
1416012
1416012
1416012
1416012
1416012
1416012
1416012
1416012
1416012
1416012
1416012
1416012
1416012
1416012
1416012
1416012
1416012
1416012
1416012
1416012
1416012
1416012
1416012
1416012
1416012
1416012
1416012
1416012
1416012
1416012
1416012
1416012
1416012
1416012
1416012
1416012
1416012
1416012
1416012
1416012
1416012
1416012
1416012
1416012
1416012
1416012
1416012
1416012
1416012
1416012
1416012
1416012
1416012
1416012
1416012
1416012
1416012
1416012
1416012
1416012
1416012
1416012
1416012
1416012
1416012
1416012
1416012
1416012
1416012
1416012
1416012
1416012
1416012
1416012
1416012
1416012
1416012
1416012
1416012
1416012
1416012
1416012
1416012
1416012
1416012
1416012
1416012
1416012
1416012
1416012
1416012
1416012
1416012
1416012
1416012
1416012
1416012
1416012
1416012
1416012
1416012
1416012
1416012
1416012
1416012
1416012
1416012
1416012
1416012
1416012
1416012
1416012
1416012
1416012
1416012
1416012
1416012
1416012
1416012
1416012
1416012
1416012
1416012
1416012
1416012
1416012
1416012
1416012
1416012
1416012
1416012
1416012
1416012
1416012
1416012
1416012
1416012
1416012
1416012
1416012
1416012
1416012
1416012
1416012
1416012
1416012
1416012
1416012
1416012
1416012
1416012
1416012
1416012
1416012
1416012
1416012
1416012
1416012
1416012
1416012
1416012
1416012
1416012
1416012
1416012
1416012
1416012
1416012
1416012
1416012
1416012
1416012
1416012
1416012
1416012
1416012
1416012
1416012
1416012
1416012
1416012
1416012
1416012
1416012
1416012
1416012
1416012
1416012
1416012
1416012
1416012
1416012
1416012
1416012
1416012
1416012
1416012
1416012
1416012
1416012
1416012
1416012
1416012
1416012
1416012
1416012
1416012
1416012
1416012
1416012
1416012
1416012
1416012
1416012
1416012
1416012
1416012
1416012
1416012
1416012
1416012
1416012
1416012
1416012
1416012
1416012
1416012
1416012
1416012
1416012
1416012
1416012
1416012
1416012
1416012
1416012
1416012
1416012
1416012
1416012
1416012
1416012
1416012
1416012
1416012
1416012
1416012
1416012
1416012
1416012
1416012
1416012
1416012
1416012
1416012
1416012
1416012
1416012
1416012
1416012
1416012
1416012
1416012
1416012
1416012
1416012
1416012
1416012
1416012
1416012
1416012
1416012
1416012
1416012
1416012
1416012
1416012
1416012
1416012
1416012
1416012
1416012
1416012
1416012
1416012
1416012
1416012
1416012
1416012
1416012
1416012
1416012
1416012
1416012
1416012
1416012
1416012
1416012
1416012
1416012
1416012
1416012
1416012
1416012
1416012
1416012
1416012
1416012
1416012
1416012
1416012
1416012
1416012
1416012
1416012
1416012
1416012
1416012
1416012
1416012
1416012
1416012
1416012
1416012
1416012
1416012
1416012
1416012
1416012
1416012
1416012
1416012
1416012
1416012
1416012
1416012
1416012
1416012
1416012
1416012
1416012
1416012
1416012
1416012
1416012
1416012
1416012
1416012
1416012
1416012
1416012
1416012
1416012
1416012
1416012
1416012
1416012
1416012
1416012
1416012
1416012
1416012
1416012
1416012
1416012
1416012
1416012
1416012
1416012
1416012
1416012
1416012
1416012
1416012
1416012
1416012
1416012
1416012
1416012
1416012
1416012
1416012
1416012
1416012
1416012
1416012
1416012
1416012
1416012
1416012
1416012
3375970
3375973
3375972
3350129
3350128
3350126
3350127
3350121
3350120
3375996
3375997
3350332
3384732
3375969
3388739
3162009
3162010
3162011
3162015
3162013
3162008
3162014
3162006
3162005
3385013
3376761
3376760
3162017
3162012
3162016
3162003
3375711
3375710
3374908
3377958
3374687
3374688
3374579
3374901
3374577
3374113
3374123
3162001
3162000
3369137
3368491
3368494
3368493
3378341
3374132
3374133
3369593
3350102
3366623
3366621
3366622
3366616
3366615
3366563
3349807
3369619
3369620
3369622
3369621
3348351
3349224
3348352
3390418
3390415
3390417
3390416
3367549
3367548
3367547
3367540
3367546
3367541
3367545
3367542
3367544
3367543
3367539
3349469
3349468
3349467
3349466
3349465
3349464
3349463
3349462
3349461
3349460
3349459
3349458
3349457
3349456
3349455
3349454
3349453
3349452
3349451
3349450
3349449
3349448
3349446
3349447
3349445
3349444
3349443
3349442
3349441
3349440
3349439
3349438
3349437
3349436
3349435
3162007
3242747
3234150
3385020
3243733
3243732
3243734
3243731
3243730
3236633
3233713
3233688
3233689
3233694
3233712
3233701
3233697
3233709
3233707
3233691
3233711
3233703
3233705
3233704
3233700
3233696
3233706
3233690
3233698
3233710
3233695
3233687
3233708
3233692
3233702
3233699
3233693
3387697
3237704
3375001
3375010
3375018
3375007
3374978
3374980
3375011
3375013
3374993
3374985
3374977
3374983
3375016
3374989
3374986
3375002
3374997
3374996
3375003
3374991
3374990
3375000
3375015
3375009
3374984
3374987
3374982
3375004
3374995
3375006
3375005
3375019
3374979
3375012
3375014
3374994
3374992
3374981
3374999
3374998
3374988
3375008
3375017
3145163
3239059
3239058
3239057
3239056
3141798
3143165
3143164
3137616
3137611
3137615
3141569
3141568
3141564
3141563
3129267
3129266
3129265
3129264
3145143
3367536
3367535
3367534
3120039
3120038
3120036
2976901
3116023
3138285
3138284
3138283
3138776
10863
2886926
2785248
2785248
2785248
2785248
2886926
10760
2681611
10760
2886926
10760
2886926
2886926
10863
2886926
2907955
10760
10760
10760
10737
2908168
2681611
2681611
1897486
154784
12023
225067
90963
313629
105154
1708400
154784
12023
145579
1897486
998086
225067
313629
270673
504346
105154
1542131
582345
2886926
2886926
3119686
3135754
3079687
3059436
3075130
3075129
3075128
3061622
3043512
2729638
2729638
2729638
2729638
2729638
2729638
2729638
3038223
3038322
3038320
3038321
3023455
2996070
2985560
2985558
2985557
2985556
2985559
2981565
2961838
2961979
2961978
2945937
2939125
2939126
2911671
2801362
2801361
2801360
1204178
3137469
1735702
1735699
1735701
1735700
1735574
3384962
3385048
3385047
3384978
3384998
3384964
3384977
3385022
3384968
3385019
3384636
3384911
3384917
3384877
3384607
3385196
3385192
3385187
3385193
3385185
3385186
3385191
3385188
3385190
3385195
3385189
3385194
3383217
3384638
3384822
3384778
3384820
3381783
3381781
3381782
3378338
3378334
3378324
3378227
3378094
3378093
3377867
3377828
3377829
3377830
3377869
3377868
3377870
3377594
3377827
3377569
3377568
3377945
3377944
3377939
3377938
3377951
3377950
3377949
3377948
3377947
3377946
3377943
3377942
3377941
3377940
3377937
3377936
3377935
3377934
3376889
3378211
3377170
3377173
3377172
3377171
3377169
3376961
1416012
1416012
1416012
1416012
1416012
1416012
1416012
1416012
1416012
1416012
1416012
1416012
1416012
1416012
1416012
1416012
1416012
1416012
1416012
1416012
1416012
1416012
1416012
1416012
1416012
1416012
1416012
1416012
1416012
1416012
1416012
1416012
1416012
1416012
1416012
1416012
1416012
1416012
1416012
1416012
1416012
1416012
1416012
1416012
1416012
1416012
3377174
3375971
3377109
3378353
3378352
3378351
3378350
3378349
3378348
3382196
3382195
3375708
3375709
3374690
3374910
3374689
3374725
3377957
3377956
3374911
3374941
3374940
3374939
3374938
3374937
3144829
3374763
3374761
3378326
3378325
3374118
3374743
3374742
3374749
3141618
3345358
3374738
3373405
3374286
3373398
3374284
3374245
3374285
3378298
3378293
3378294
3378297
3378296
3378295
3374947
3374942
3374946
3374945
3374944
3374943
3368495
3368496
3373402
3374115
3374114
3367371
3367372
3350136
3367373
3350138
3350133
3350135
3384676
3368492
2926077
3369597
3369596
3350132
3367138
3368642
3368497
3366567
112596
112596
112596
112596
112596
112596
112596
112596
112596
112596
112596
112596
3350327
3350564
3343754
3372873
3350578
3243099
3162898
3374963
3374962
3374964
3374974
3374957
3101559
3374960
3374959
3229448
3374969
3229443
3374968
3229449
3374975
3374971
3374965
3374961
3229451
3374972
3367730
3374970
3367731
3101558
3374966
3243098
3374958
3374976
3374973
3374967
3350566
3350565
3367567
3127744
3374131
3374130
3374129
3349809
3369136
3366564
3350103
3350104
3349168
3349808
3367568
3374119
3349470
3369591
3374124
3374127
3374126
3374125
3377769
3377768
3377767
3377766
3377765
3377764
3377763
3377762
3377761
3377760
3377759
3377758
3377757
3377756
3349802
3349187
3348353
3348172
3349228
3344745
3349226
3345353
3344731
3348350
3348362
3348361
3350980
3348405
3348404
3348374
3348376
3348375
3348349
3348174
3342976
3348355
3348356
3344724
3344727
3344729
3344730
3344728
2970483
3348173
3344725
3348175
3160836
3378288
3348347
3322152
3385174
3328528
3328527
3328526
3326590
3317306
3367560
3241708
3367564
3367566
3367556
3367555
3367562
3367559
3367558
3367565
3367557
3367563
3367561
3317305
3348354
3299033
3299002
3320152
3299034
3348348
3348357
3243745
3289873
3289874
3289875
3289872
3248842
3248857
3250807
3250803
3162901
3250809
3250806
3250811
3250804
3250805
3250812
3250814
3250810
3250808
3250813
3243726
3243725
3243724
3243415
3279181
3344723
3385370
3385369
3385368
3385367
3385366
3385365
3385364
3385363
3385362
3385361
3385360
3385359
3385358
3385357
3385356
3385355
3385354
3385353
3385352
3385351
3385350
3385349
3385348
3385347
3385346
3385345
3385344
3385343
3385342
3385341
3385340
3385339
3385338
3385337
3385336
3385335
3385334
3385333
3385332
3385331
3385330
3385329
3385328
3385327
3385326
3385325
3385324
3385323
3385322
3385321
3385320
3385319
3385318
3385317
3385316
3385315
3385314
3385313
3385312
3385311
3385310
3385309
3385308
3385307
3385306
3385305
3385304
3385303
3385302
3385301
3385300
3385299
3385298
3385297
3385296
3385295
3385294
3385293
3385292
3385291
3385290
3385289
3385288
3385287
3385286
3385285
3385284
3385283
3385282
3385281
3385280
3385279
3385278
3385277
3385276
3385275
3385274
3385273
3385272
3385271
3385270
3385269
3385268
3385267
3385266
3385265
3385264
3243723
3251039
3251017
3251028
3251015
3251010
3251009
3141633
3251025
3251027
3251002
3251008
3162902
3141634
3141635
3141632
3251016
3251036
3251034
3251038
3243097
3251031
3251041
3251037
3251013
3251040
3251022
3141631
3251007
3251043
3251035
3251033
3251014
3251005
3251023
3251029
3251011
3162893
3251000
3251024
2927271
3251030
3251003
3251021
3251006
3251019
3162892
3251001
3251042
3251032
3251020
3141626
3251026
3251018
3251004
3251012
3279182
3279183
3243423
3289865
3279184
3135554
3331680
3331679
3331678
3331677
3331676
3331675
3331674
3331673
3331672
3331671
3331670
3331669
3348365
3348364
3348363
3250150
3250149
3241136
3241105
3250169
3250168
3447540
3241062
3241060
3241059
3241061
3240361
3241087
3241077
3241079
3241074
3241073
3241072
3241069
3241071
3241080
3241076
3241068
3136614
3241064
3241081
3241075
3229454
3136615
3241070
3241066
3241065
3241067
3241078
3229445
3229442
3240401
3289880
3289876
3289881
3289878
3289877
3289879
3239852
3239069
3239072
3239068
3239070
3239071
3289868
3289869
3384961
3367537
3367538
3238780
3239043
3349643
3349642
3349641
2876597
3349640
3236928
3344475
3344474
3344473
3344472
3236635
3289857
3243735
3234149
3234148
3234147
3234146
3236927
3236926
3289870
3236749
3127672
3241799
2927287
3118045
3241798
3241748
3118048
3241720
3141628
3241751
3162890
3229446
3241771
3237191
3237190
3234957
3234956
3248836
3240798
3240800
3240799
3236688
3236693
3236690
3236694
3236692
3236691
3236689
3237192
3230267
3366611
3230266
3237932
3123118
3123118
3123118
3123118
3123118
3123118
3123118
3123118
3123117
3123117
3123117
3123117
3123117
3123117
3123117
3123117
3123117
3123117
3123117
3123117
3123117
3123117
3123117
3123117
3123117
3123117
3123117
3123116
3123116
3123116
3123116
3123116
3123116
3123115
3123115
3123115
3123115
3123115
3123115
3123115
3123115
3123115
3123115
3123115
3123115
3123115
3123115
3123115
3123115
3123115
3123115
3123115
3123115
3123115
3123115
3123115
3123115
3123115
3123115
3123115
3123115
3123115
3123115
3123115
3236745
3236745
3236745
3236745
3236745
3236745
3236745
3236745
3236745
3236745
3236745
3236745
3236745
3236745
3236745
3236745
3236745
3236745
3236745
3236745
3236745
3236745
3236745
3236745
3236745
3236745
3345079
3345078
3345074
3345077
3345076
3345075
3345071
3345073
3345072
3141577
3144836
3345069
3345068
3345067
3345066
3345065
3345064
3345063
3345062
3345061
3344726
3143880
3144083
3144082
3142663
3142664
3142665
3142666
3142667
3141821
3378292
3378291
3378290
3378289
3138300
3138299
3138298
3138297
3138296
3138295
3138290
3138289
3138288
3138287
3140220
3127689
3127688
3127687
3135020
3135019
3135021
3135022
3146127
3146126
3146125
3146124
3237255
3237254
3237253
3126730
3145151
3145150
3145148
3145149
3127578
3127577
3120033
3136186
3116019
3126745
3126744
3126753
3126752
3126751
3126750
3126749
3126748
3126747
3126746
3126743
3119683
1897486
313629
10760
2681611
2884424
12023
12022
2681611
12023
2886926
2681598
2681598
3113492
3113491
3113490
3113488
3113487
3113486
3113485
3113484
3113483
3113482
3113480
3113481
3113469
3113479
3113478
3113477
3113476
3113475
3113474
3113473
3113472
3113471
3113470
3113468
3113467
3113466
3113465
3113464
3113463
3113462
3113461
3113452
3113460
3113459
3113458
3113457
3113456
3113455
3113454
3113453
3113451
3113450
3113449
3113448
3113447
3113425
3113424
3113423
3113422
3113421
3113446
3113420
3113419
3113418
3113417
3113416
3113415
3113414
3113445
3113413
3113412
3113411
3113410
3113409
3113408
3113407
3113406
3113405
3113437
3113404
3113403
3113402
3113444
3113401
3113443
3113400
3113442
3113399
3113441
3113398
3113397
3113440
3113394
3113439
3113396
3113395
3113438
3113426
3113436
3113393
3113435
3113392
3113434
3113391
3113433
3113390
3113432
3113389
3113431
3113388
3113430
3113387
3113429
3113386
3113428
3113427
3113385
3113384
3113383
3113382
3113381
3113380
3113379
3108981
3093937
3084963
3092332
3092332
3090859
3090860
3090777
3061231
3088886
3088885
3076817
3079569
3079568
3079570
3079566
3079571
3079567
3075938
3053378
3032918
3056225
3053257
3043315
3038316
2996064
2986386
2982895
2777235
2777234
2777233
2777232
2778435
2776833
2776832
3137795
3135553
3242748
3242749
3242750
3241052
3241051
3241050
3241083
3241084
3241085
3241086
3240399
3240400
3240332
3240362
3240385
3239045
3239040
3454651
3238787
3240963
3240967
3240966
3240965
3240964
3240961
3240960
3240962
3238781
3238786
3239049
3239048
3236831
3236917
3236638
3236634
3236643
3236930
3236931
3230418
3236922
3158139
3158141
3158140
3158138
3158137
3234966
3234038
3241537
3234012
3234013
3236750
3234040
3236748
3234042
3234039
3241863
3241770
3241785
3141638
3241790
3241714
3241772
3136623
3241742
3241737
3229444
3241761
3241768
3118047
3241747
3136628
3233152
3241795
3241721
3162895
3241786
3241765
3136624
3241766
3241735
3136612
3162900
3241767
3241750
3241752
3241727
3241743
3136610
3241746
3241712
3241759
3136617
3241713
3241800
3136613
3241756
3241797
3241723
3141623
3162899
3241779
3241716
3241736
3241726
3241763
3241715
3136631
3241757
3241780
3241755
3241717
3241729
3241711
3141629
3229440
3241739
3241782
3241783
3241769
3241794
3241792
3241749
3241787
3241758
3121343
3136616
3241774
3241764
3229455
3141625
3241796
3141637
3241753
3229452
3241722
3141627
3241738
3241744
3241784
3136611
3241777
3241791
3241789
3162896
3241733
3118051
3241719
3241754
3241732
3241741
3241778
3241728
3241775
3241762
3241773
3241740
3241781
3241724
3136625
3162891
3162894
3241730
3229450
3241745
3136621
3241793
3241760
3241776
3241788
3241731
3241718
3241725
3241734
3156075
3237207
3237206
3237205
3237204
3237203
3237202
3237201
3237200
3237199
3237198
3237197
3237196
3237195
3236747
3234959
3236746
3455035
3233534
3235046
3234041
3234043
3236716
3236717
3234046
3236632
3234044
3234045
3234048
3234047
3236641
3230836
3230835
3229530
3233132
3236639
3229529
3233536
3236702
3236705
3236707
3236706
3236704
3236703
3229749
3229748
3229731
3229730
3229729
3229728
3073996
3229738
3230129
3230128
3230131
3230130
3230127
3230132
3229741
3229740
3229739
3229745
3229744
3229743
3229742
3229746
3229760
3229763
3233246
3236701
3236700
3236699
3236698
3236697
3236696
3233247
3233249
3236647
3236646
3236645
3236644
3235047
3163549
3163585
3235054
3163552
3231233
3229723
3229724
3232236
3232235
3232234
3232233
3232232
3232231
3232230
3232229
3232228
3232227
3232226
3232225
3232224
3232223
3232222
3232221
3232220
3232219
3232218
3232217
3232216
3232215
3232214
3232213
3232212
3232211
3232210
3232209
3232208
3232207
3232206
3232205
3232204
3232203
3232202
3232201
3232200
3232199
3232198
3232197
3232196
3232195
3232194
3232193
3232192
3232191
3232190
3232189
3232188
3232187
3232186
3232185
3232184
3232183
3232182
3232181
3232180
3229727
3229726
3229725
3232176
3163548
3161158
3163581
3161150
3161161
3163547
3161160
3232179
3232178
3232177
3159453
3159438
3158977
3161181
3161180
3161179
3161178
3161177
3161176
3161175
3161174
3161173
3161172
3161171
3161170
3161169
3161168
3161167
3161166
3161165
3161164
3161163
3161162
3159457
3158978
3161147
3161147
3161147
3161146
3230856
3230855
3230854
3230850
3230849
3230848
3230853
3230852
3230851
3230839
3230838
3230837
3230847
3230846
3230845
3230844
3230843
3230842
3230841
3230840
3161157
3161145
3161143
3161144
3143022
3158854
3143021
3143020
3143019
3143017
3143016
3143015
3158853
3143013
3143012
3143011
3143010
3143009
3161149
3161148
3161141
3161140
3158833
3158834
3158841
3158844
3158845
3158843
3158842
3158836
3153892
3143958
3153893
3231242
3231241
3231240
3231239
3231238
3231237
3231236
3153515
3153514
3153513
3153512
3154017
3153336
3153334
3153335
3373393
3153349
3153338
3151447
3153768
3153768
3153768
3153768
3153768
3153768
3153768
3153768
3153768
3153768
3153768
3153768
3153768
3153768
3153768
3153768
3153768
3153768
3153768
3153768
3153768
3153768
3153768
3153768
3153768
3153768
3153768
3153768
3153768
3153768
3153768
3153768
3153768
3153768
3153768
3153768
3153768
3153768
3153768
3153768
3153768
3153768
3153768
3153768
3153768
3153768
3153768
3153768
3153768
3153768
3153768
3153768
3153768
3153768
3153768
3153768
3153768
3153768
3153768
3153768
3153768
3153768
3153768
3153768
3153768
3153768
3153768
3153768
3153768
3153768
3153768
3153768
3153768
3153768
3153768
3153768
3153768
3153768
3153768
3153768
3153768
3153768
3153768
3153768
3153768
3153768
3153768
3153768
3153768
3153768
3153768
3153768
3153768
3153768
3153768
3153768
3153768
3153768
3153768
3153768
3153768
3153768
3153768
3153768
3153768
3153768
3153768
3153768
3153768
3153768
3153768
3153768
3153768
3153768
3153768
3153768
3153768
3153768
3153768
3153768
3153768
3153768
3153768
3153768
3153768
3153768
3153768
3153768
3153768
3153768
3153768
3153768
3153768
3153768
3153768
3153768
3153768
3153768
3153768
3153768
3153768
3153768
3153768
3153768
3153768
3153768
3153768
3153768
3153768
3153768
3153768
3153768
3153768
3153768
3153768
3153768
3153768
3153768
3153768
3153768
3153768
3153768
3153768
3153768
3153768
3153768
3153768
3153768
3153768
3153768
3153768
3153768
3153768
3153768
3153768
3153768
3153768
3153768
3153768
3153768
3153768
3153768
3153768
3153768
3153768
3153768
3153768
3153768
3153768
3153768
3153768
3153768
3153768
3153768
3153768
3109218
3239875
3158875
3158874
3158873
3158872
3158871
3109219
3149140
3149139
3148939
3148942
3155565
3155564
3148928
3158837
3145033
3145032
3145031
3141619
3141617
3141576
3141575
3144828
3144827
3158880
3158878
3158877
3158882
3136627
3158879
3158876
3158881
3144279
3144278
3144283
3144282
3144281
3144280
3144506
3158892
3136626
3158889
3158890
3136629
3158891
3158894
3136630
3136620
3158893
3136622
3158895
3158858
3158857
3158856
3158855
3144072
3143901
3143900
3143897
3143899
3143898
3143902
3141630
3143026
3118046
3143023
3143024
3141624
3136619
3143025
3136618
3118050
3141819
3161182
3141823
3141578
3154096
3154095
3143156
3143157
3139963
3158864
3138064
3136187
3137287
3137286
3137285
3137284
3137283
3137282
3138551
3240397
3240396
3240395
3129228
3129229
3126494
3120099
3120098
3119681
3120101
3138527
3138528
3138529
3138536
3138535
3138544
3138543
3138542
3138541
3138548
3138539
3138538
3138532
3138531
3138533
3138530
3138540
3138550
3138545
3138549
3138537
3138534
3138526
3138547
3138546
3116434
3116927
3138196
3138195
3138194
3138193
3138192
3138191
3113641
2681611
10760
270673
998086
593131
1161927
10863
2886926
2886926
2681611
2681611
2681611
2681611
2681598
2681598
2681611
2681611
2681611
2681611
2681611
2681611
2681611
2681611
2681611
2681611
2681611
2681611
2681611
2681611
10760
10760
2932878
10736
2681611
2681611
2681611
2681611
2681611
2681611
2681611
2681611
12023
12023
12023
12022
12023
12022
31533
2681611
2681611
2681611
12023
12023
12022
204270
204270
204270
1671396
1671396
1671396
674081
674081
674081
674082
674082
674082
1636313
1636313
1636313
1587520
1587520
1587520
197783
532077
529929
866889
10760
532077
197783
529929
866889
10760
532077
197783
866889
529929
1176765
10759
1176767
532076
10760
1229788
1229787
1229786
1229789
1229784
1229782
1229792
1229788
1229787
1229786
1229789
1229784
1229782
1229788
1229787
1229786
1229789
1229784
1229792
1229788
1229787
1229786
1229789
1229784
1229788
1229787
1229786
1229789
1229784
1229782
1229782
1229782
1229782
1229792
1229782
1229792
1229782
1229792
1229792
1229782
2681611
2681611
2681611
10760
2681611
2785248
2785248
2785248
2785248
3137176
3154087
3154088
3137161
3119067
3119066
3119063
3119064
3119065
3117708
3117707
3117680
3117681
3103121
3141436
3116870
3110532
3113346
3113348
3093932
3092208
3092209
3088887
3079664
3093957
3093956
3093955
3093954
3093953
3093952
3076787
3076781
3075957
3075956
3077116
3077115
3240812
3240811
3240810
3240809
3240808
3240807
3240806
3240803
3240805
3240804
3240802
3240801
3088339
3065693
3035930
3015289
3015287
2996062
2973500
2972471
2973654
2973655
2822859
3157665
3157664
3157663
3157662
3157661
3121379
1204178
1983560
3019178
3154122
3154121
3154120
3154119
3154118
3154117
3154116
3154115
3154114
3154113
3154112
3154111
3154110
3154109
3154108
3154107
3154106
3154105
3154104
3154103
3154102
3154101
3154100
3429787
3154098
3154097
3145026
3145029
3144833
3144834
3144230
3144081
3143896
3143138
3143135
3143136
3143134
3143133
3142779
3142721
3142731
3142711
3141971
3163621
3141801
3141799
3141800
3141804
3141803
3141792
3141820
3140275
3141528
3141527
3141526
2999047
3141560
3141559
3141558
3141489
3141518
3141818
3141817
3141816
3141815
3141520
3142240
3142239
3141262
3143155
3143154
3141519
3141812
3141811
3141810
3139422
3141319
3141318
3141317
3141316
3141315
3141314
3141313
3141312
3141311
3141308
3141307
3141310
3141309
3141306
3141305
3141304
3141303
3141302
3141301
3141300
3141299
3141298
3141297
3141295
3141296
3141294
3141293
3141292
3141291
3141290
3141289
3141288
3141287
3141286
3141285
3141284
3141283
3141282
3141281
3141280
3141279
3140159
3140157
3140158
3127054
3140156
3140155
3139610
3143388
3138306
3141444
3141445
3141272
3141271
3138328
3138330
3138329
3138327
3138331
3138180
3136768
3136767
3136766
3140152
3140151
3137907
3137617
3138326
3138325
3138324
3138323
3138315
3138314
3138313
3138312
3138311
3138310
3138309
3138308
3135753
3135752
3135751
3135750
3137906
3109400
3109402
3109401
3109399
3430219
3136639
3137290
3136680
3136638
3137291
3136607
3136606
3136605
2952612
2952612
2952612
2952612
2952612
2952612
2952612
2952612
2952612
2952612
2952612
2952612
2952612
2952612
2952612
2952612
2952612
2952612
2952612
2952612
2952612
2952612
3134925
2912239
3136609
3137599
3135722
3135709
3135592
3135610
3137294
3137293
3137292
3137296
3137295
3137297
3135597
3136658
3136657
3136656
3136761
3136655
3135707
3056211
3135302
3140160
3135711
3135197
3135713
3135710
3135196
3134917
3135718
3134914
3135446
3134915
3134913
3135712
10736
3134742
3134740
3134741
3135448
3135447
3134717
3134737
3134903
3135593
3134911
3110414
3135716
3135715
3135714
3134916
3132683
3132682
3132681
3132680
3132679
3132678
3132677
3132676
3132675
3132674
3132673
3132672
3132671
3132670
3132669
3132668
3132667
3132666
3132665
3132664
3132663
3132662
3132661
3132660
3132659
3132658
3132657
3132656
3132655
3132654
3132653
3132652
3132651
3132650
3132649
3132648
3132647
3132646
3132645
3132644
3132643
3132642
3132641
3132640
3132639
3132638
3132637
3132636
3132635
3132634
3132633
3132632
3132631
3132630
3132629
3132628
3132627
3132626
3132625
3132624
3132623
3132622
3132621
3132620
3132619
3132618
3132617
3135609
3135608
3135607
3135606
3135605
3135604
3135603
3135602
3135601
3135600
3135599
3135305
3135303
3135304
3135017
3135018
3135592
3134030
3134019
3134032
3134025
3134912
3138563
3138562
3138561
3135294
3135295
3134018
3117455
3117453
3117454
3129139
3129220
3129221
3129219
3129218
3129138
3129144
3129143
3129142
3021017
3129739
3127874
3127876
3128135
3128132
3128153
3128161
3128160
3128159
3128158
3128157
3128156
3128155
3128143
3128145
3128144
3128150
3128142
3128141
3128140
3128154
3128149
3128148
3128139
3128131
3128138
3128152
3128146
3128137
3128151
3128136
3128134
3128130
3128147
3128133
3128129
3127947
3127729
3127727
3127728
3127723
3127721
3128044
3127725
3127726
3137921
3040652
3137912
3137911
3137910
3137909
3137908
3137920
3137919
3137917
3137916
3137914
3137918
3137915
3137913
3127948
3127571
3127570
3127569
3127483
3127629
3127628
3127627
3127626
3127625
3127624
3127623
3127622
3127621
3127620
3127619
3127618
3127617
3127616
3127615
3127614
3127613
3127612
3127611
3127610
3127609
3127608
3127607
3127606
3127605
3127604
3127603
3127602
3127601
3127600
3127599
3127598
3127597
3127596
3127595
3127594
3127593
3127592
3127591
3127590
3127630
3127589
3127588
3127587
3127586
3127585
3127584
3127583
3127582
3127581
3127580
3127737
3127736
3127735
3127734
3127733
3127732
3127731
3127730
3128118
3128117
3128116
3128115
3128114
3128113
3128112
3128111
3128110
3128109
3128108
3128107
3128106
3128105
3128104
3128103
3128102
3128063
3128060
3128059
3128057
3128053
3128052
3128062
3128061
3128058
3128056
3128055
3128065
3128054
3128064
3126658
3126652
3126657
3126656
3126655
3126651
3126654
3126650
3126653
3127724
3126091
10760
10760
10760
10760
10760
10760
10760
10760
10760
10760
10760
10760
10760
1985738
1985738
1985738
1985738
1985738
3126092
3126175
3126617
3121342
3126619
3126618
3126620
3127768
3127767
3127766
3127765
3127764
3127763
3127762
3127761
3127760
3127759
3127758
3127757
3127756
3127755
3127754
3127753
3127752
3127751
3127750
3127749
3127748
3127747
3127746
3127745
3127743
3127742
3127741
3127740
3127739
3127738
3127576
3127575
3127574
3127573
3127572
3142713
3142712
3126734
3126733
3123329
3123103
3126517
3126516
3117433
3117432
3117431
3117430
3141805
3141807
3141806
3141809
3141808
3121469
3121470
3121468
3121467
3117414
3133108
3133107
3141251
3141253
3141252
3154074
3154075
3137162
3154077
3154078
3154079
3154080
3154081
3154082
3154083
3154084
3154085
3154086
3044330
2898834
3108155
3108129
3108139
3108118
3108125
3108149
3108152
3108128
3108139
2733641
3108119
3108101
3108112
3108132
1985354
3108151
3108111
3108115
3108154
3108127
3108156
3108127
3108109
2956039
3108151
3108157
3108111
3108133
3108125
3108161
3108160
3108117
3108105
3108144
3108157
10665
3108161
3108143
3108144
3108122
3108104
3108099
3108101
3108108
3108153
3108138
3108150
3108142
3108158
2956038
3108108
3108137
2956039
3108154
3108141
3108161
3108104
3108161
3108114
3108148
3108106
3108109
3108147
2560437
3108116
3108110
3108146
3108123
3108115
3108100
3108116
3108134
3108113
3108131
2733674
3108156
3108101
3108162
3108103
3108136
3108102
3108107
3108112
3108124
3108120
2734157
3108140
3108151
3108121
3108158
3108130
1985738
3108126
3108145
3108135
3108159
3044329
3044334
3044328
3044332
3044333
3044327
2202644
2202644
2202644
2202644
2202644
2202644
2202644
2202644
2202644
2202644
2202644
2202644
2202644
2202644
2202644
2202644
2202644
2202644
2202644
2202644
2202644
2202644
2202644
2202644
2202644
2202644
2202644
2202644
2202644
2202644
2202644
2202644
2202644
2202644
2202644
2202644
2202644
2202644
2202644
2202644
2202644
2202644
2202644
2202644
2202644
2202644
2202644
2202644
2202644
2202644
2202644
2202644
2202644
2202644
2202644
2202644
2202644
2202644
2202644
2202644
2202644
2202644
2202644
2202644
2202644
2202644
2202644
2202644
2202644
2202644
2202644
2202644
2202644
2202644
2202644
2202644
2202644
2202644
2202644
2202644
2202644
2202644
2202644
2202644
2202644
2202644
2202644
2202644
2202644
2202644
2202644
2202644
2202644
2202644
2202644
2202644
2202644
2202644
3108088
3108087
3117705
3117704
3113360
3113359
3113358
3113357
3113356
3092670
3092671
3097008
3097012
3097011
3097010
3097009
3097007
3097006
3097005
3097004
3097003
3097002
3097001
3097000
3096999
3093984
3093967
3093966
3093983
3093982
3093981
3093980
3093979
3093978
3093977
3093976
3093975
3093974
3093973
3093972
3093971
3093970
3093969
3093968
3093965
3093964
3093963
3093962
3093961
3077180
3077179
3094282
3094281
3094280
3094279
3094278
3094277
3094276
3094275
3094274
3094273
3094272
3094271
3094270
3094269
3094268
3094267
3094266
3094265
3094264
3094263
3094262
3094261
3094260
3094259
3094258
3094257
3094256
3094255
3094254
3094253
3094252
3094251
3094250
3094249
3094248
3094247
3094246
3094245
3094244
3094243
3094242
3094241
3094240
3094239
3094238
3094237
3094236
3094235
3094234
3094233
3094232
3094231
3094230
3094229
3094228
3094227
3094226
3094225
3094224
3094223
3094222
3094221
3094220
3094219
3094218
3094217
3094216
3094215
3094214
3094213
3094212
3094211
3094210
3094209
3094208
3094207
3094206
3094205
3094204
3094203
3094202
3094201
3094200
3094199
3094198
3094197
3094196
3094195
3094194
3094193
3094192
3094191
3094190
3094189
3094188
3094187
3094186
3094185
3094184
3094183
3094182
3094181
3094180
3094179
3094178
3094177
3094176
3094175
3094174
3094173
3094172
3094171
3094170
3094169
3076796
3144840
3061953
3430317
3065249
3065248
3056211
3056116
3056115
3088342
3088341
3088340
1537091
1537091
3035939
3038325
3038324
3038323
3038333
3038332
3038331
3038330
3038329
3038328
3038327
3038326
3032411
3069976
3003237
2996120
2996123
2914859
2856554
2992158
2992158
3129115
3129114
3127872
3126307
3126105
3125918
3125915
3125909
3125908
3125910
3126093
3126098
3123320
3123321
3123325
3120096
3120097
3120010
3120105
3120104
3120103
3120102
3120106
3120094
3120093
3120095
3120006
3119561
3119562
3120035
3123101
3119556
3119557
3119558
3123102
3119846
3119845
3119844
3119843
3119840
3119841
3119842
3116828
3118981
3118985
3118971
3118986
3118987
3118977
3118049
3069518
3118983
3118975
3118976
3118984
3118980
3118982
3069517
3118978
3118973
3118972
2926087
3118974
3118979
3117420
3121471
3117589
3123109
560198
560197
3116022
3116021
3116020
3102707
3117470
3117469
3117468
3117473
3117472
3117471
3117391
3117392
3113642
3113642
3113642
3113642
3113642
3113735
3113733
3113736
3113734
3113729
3113732
3113731
3113730
3119532
3108924
3113646
3113647
3113660
3113660
3113660
3113660
3113660
3113660
3113659
3113659
3113659
3113659
3113659
3113659
3113659
3108095
3108094
3108093
3098268
3098267
3098266
3098265
3098264
3098263
3098262
3098261
3098260
3098259
3098258
3098257
3098256
3098255
3098254
3098253
3098252
3098251
3098250
3098249
3140517
3098286
2419762
3098285
3098284
3098283
3098282
3098281
3098280
3098279
3098278
3098277
3098276
3098275
3098274
3098273
3098272
2713217
3098271
3098270
3098269
3116513
3113659
3113834
3113834
3113834
3113834
3113834
3113834
3113834
3113834
3113834
3113834
3113834
3113834
3113834
3113834
3113834
3113834
3113834
3113834
3113834
3113834
3113834
3113834
3113834
3113834
3113834
3113834
3113834
3113834
3113834
3113834
3113834
3113834
3113834
3113834
3113834
3113834
3113834
3113834
3113834
3113834
3113834
3113834
3113834
3113834
3113834
3113834
3113834
3113834
3113834
3113834
3113834
3113834
3113834
3113834
3113834
3113834
3113834
3113834
3113834
3113834
3113834
3113834
3113834
3113834
3113834
3113834
3113834
3113834
3113834
3113834
3113834
3113834
3113834
3113834
3113834
3113834
3113834
3113834
3113834
3113834
3113834
3113834
3113834
3113834
3113834
3113834
3113834
3113834
3113834
3113834
3113834
3113834
3113834
3113834
3113834
3113834
3113834
3113834
3113834
3113834
3113834
3113834
3113834
3113834
3113834
3113834
3113834
3113834
3113834
3113834
3113834
3113834
3113834
3113834
3113834
3113834
3113834
3113834
3113834
3113834
3113834
3113834
3113834
3113834
3113834
3113828
3113828
3113828
3113828
3113828
3113828
3113828
3113828
3113828
3113828
3113828
3113828
3113828
3113828
3113828
3113828
3113828
3113828
3113828
3113828
3113828
3113828
3113828
3113828
3113828
3113828
3113828
3113828
3113828
3113828
3113828
3113828
3113828
3113828
3113828
3113828
3113828
3113828
3113828
3113828
3113828
3113828
3113828
3113828
3113828
3113828
3113828
3113828
3113828
3113828
3113828
3113828
3113828
3113828
3113828
3113828
3113828
3113828
3113828
3113828
3113828
3113828
3113828
3113828
3113828
3113828
3113828
3113828
3113828
3113828
3113828
3113828
3113828
3113828
3113828
3113828
3113828
3113828
3113828
3113828
3113828
3113828
3113828
3113828
3113828
3113828
3113828
3113828
3113828
3113828
3113828
3113828
3113828
3113828
3113828
3113828
3113828
3113828
3113828
3113828
3113828
3113828
3113828
3113828
3113828
3113828
3113828
3113828
3113828
3113828
3113828
3113828
3113828
3113828
3113828
3113828
3113828
3113828
3113828
3113841
3113841
3113841
3113841
3113841
3113841
3113841
3113841
3113841
3113838
3113838
3113838
3113838
3113838
3113838
3113838
3113838
3113838
3113838
3113838
3113838
3113838
3113838
3113838
3113838
3113838
3113838
3113838
3113838
3113838
3113838
3113838
3113838
3113838
3113838
3113838
3113838
3113838
3113838
3113838
3113838
3113838
3113838
3113838
3113838
3113837
3113837
3113837
3113837
3113837
3113837
3113837
3113837
3113837
3113837
3113837
3113837
3113837
3113837
3113837
3113837
3113837
3113837
3113837
3113837
3113837
3113837
3113837
3113837
3113837
3113837
3113837
3113837
3113837
3113837
3113837
3113837
3113837
3113837
3113837
3113837
3113837
3113837
3113837
3113837
3113837
3113837
3113837
3113837
3113837
3113837
3113837
3113837
3113837
3113837
3113837
3113837
3113837
3113837
3113837
3113837
3113837
3113837
3113837
3113843
3113843
3113843
3113843
3113843
3113843
3113843
3113843
3113843
3113843
3113843
3113843
3113843
3113843
3113843
3113843
3113843
3113843
3113843
3113843
3113843
3113843
3113843
3113843
3113843
3113843
3113843
3113843
3113843
3113843
3113843
3113843
3113843
3113843
3113843
3113843
3113843
3113843
3113843
3113843
3113843
3113843
3113843
3113843
3113843
3113843
3113826
3113826
3113826
3113826
3113826
3113826
3113826
3113826
3113826
3113826
3113826
3113826
3113826
3113826
3113826
3113826
3113826
3113826
3113826
3113826
3113826
3113826
3113826
3113826
3113826
3113826
3113826
3113826
3113826
3113826
3113826
3113826
3113826
3113826
3113826
3113826
3113826
3113826
3113826
3113826
3113826
3113826
3113826
3113826
3113826
3113826
3113832
3113832
3113832
3113832
3113832
3113832
3113832
3113832
3113832
3113832
3113832
3113832
3113832
3113832
3113832
3113832
3113832
3113832
3113832
3113832
3113832
3113832
3113832
3113832
3113832
3113832
3113832
3113832
3113832
3113832
3113832
3113832
3113832
3113832
3113832
3113832
3113832
3113832
3113832
3113832
3113832
3113832
3113832
3113832
3113832
3113832
3113832
3113832
3113832
3113832
3113832
3113832
3113832
3113832
3113832
3113832
3113832
3113832
3113832
3113832
3113832
3113832
3113832
3113832
3113832
3113832
3113832
3113832
3113832
3113832
3113832
3113832
3113832
3113832
3113832
3113832
3113832
3113832
3113832
3113832
3113832
3113832
3113832
3113831
3113831
3113831
3113831
3113831
3113831
3113831
3113831
3113831
3113831
3113831
3113831
3113831
3113831
3113831
3113831
3113831
3113831
3113831
3113831
3113831
3113831
3113831
3113831
3113831
3113831
3113831
3113831
3113831
3113831
3113831
3113831
3113831
3113831
3113831
3113831
3113831
3113831
3113831
3113831
3113831
3113831
3113831
3113831
3113831
3113831
3113831
3113831
3113831
3113831
3113831
3113831
3113831
3113831
3113831
3113831
3113831
3113831
3113831
3113831
3113831
3113831
3113831
3113831
3113831
3113831
3113831
3113831
3113831
3113831
3113831
3113831
3113831
3113831
3113831
3113831
3113831
3113831
3113831
3113831
3113831
3113831
3113831
3113831
3113831
3113831
3113831
3113831
3113831
3113831
3113831
3113831
3113831
3113831
3113830
3113830
3113830
3113830
3113830
3113830
3113830
3113830
3113830
3113830
3113830
3113830
3113830
3113830
3113830
3113830
3113830
3113830
3113830
3113830
3113830
3113830
3113830
3113830
3113830
3113830
3113830
3113830
3113830
3113830
3113830
3113830
3113830
3113830
3113830
3113830
3113830
3113830
3113830
3113830
3113830
3113830
3113830
3113830
3113830
3113830
3113830
3113830
3113830
3113830
3113830
3113830
3113830
3113830
3113830
3113830
3113830
3113830
3113830
3113830
3113830
3113830
3113830
3113829
3113829
3113829
3113829
3113829
3113829
3113829
3113829
3113829
3113829
3113829
3113829
3113829
3113829
3113829
3113829
3113829
3113829
3113829
3113829
3113829
3113829
3113829
3113829
3113829
3113829
3113829
3113829
3113829
3113829
3113829
3113829
3113829
3113829
3113829
3113829
3113829
3113829
3113829
3113829
3113829
3113829
3113829
3113829
3113829
3113829
3113829
3113829
3113829
3113829
3113829
3113829
3113833
3113833
3113833
3113833
3113833
3113833
3113833
3113833
3113833
3113833
3113833
3113833
3113833
3113833
3113833
3113833
3113833
3113833
3113833
3113833
3113833
3113833
3113833
3113833
3113833
3113833
3113833
3113833
3113833
3113833
3113833
3113833
3113833
3113833
3113833
3113833
3113833
3113833
3113833
3113833
3113833
3113833
3113833
3113833
3113833
3113833
3113833
3113833
3113833
3113833
3113833
3113833
3113833
3113833
3113833
3113833
3113833
3113833
3113833
3113833
3113833
3113833
3113833
3113833
3113833
3113833
3113833
3113833
3113833
3113833
3113833
3113833
3110551
3097468
3097467
3097477
3097476
3097475
3097474
3097473
3097472
3097471
3096134
3092557
278008
3097443
3097442
3097441
3097440
3097439
3082143
3082142
3082141
3082140
3082139
3082138
3082137
3077244
3077243
3077242
3075953
3038317
3035941
3038227
3038226
3038225
3035933
3032377
3028139
3003788
3003787
3003786
3127058
3113834
3113834
3113834
3113834
3113834
3113834
3113834
3113834
3113834
3113834
3113834
3113834
3113834
3113834
3113834
3113834
3113834
3113834
3113834
3113834
3113834
3113834
3113834
3113834
3113834
3113834
3113834
3113834
3113834
3113834
3113834
3113834
3113834
3113834
3113834
3113834
3113834
3113834
3113834
3113834
3113834
3113834
3113834
3113834
3113834
3113834
3113834
3113834
3113834
3113834
3113834
3113834
3113834
3113834
3113834
3113834
3113834
3113834
3113834
3113834
3113834
3113834
3113834
3113834
3113834
3113834
3113834
3113834
3113834
3113834
3113834
3113834
3113834
3113834
3113834
3113834
3113834
3113834
3113834
3113834
3113834
3113834
3113834
3113834
3113834
3113834
3113834
3113834
3113834
3113834
3113834
3113834
3113834
3113834
3113834
3113834
3113834
3113834
3113834
3113834
3113834
3113834
3113834
3113834
3113834
3113834
3113834
3113834
3113834
3113834
3113834
3113834
3113834
3113834
3113834
3113834
3113834
3113834
3113834
3113834
3113834
3113834
3113834
3113834
3113834
3113834
3113834
3113834
3113834
3113834
3113834
3113834
3113834
3113834
3113834
3113834
3113834
3113834
3113834
3113834
3113834
3113834
3113834
3113834
3113834
3113834
3113834
3113834
3113834
3113834
3113834
3113834
3113834
3113834
3113834
3113834
3113834
3113834
3113834
3113834
3113834
3113834
3113834
3113834
3113834
3113834
3113834
3113834
3113834
3113834
3113834
3113834
3113834
3113834
3113834
3113834
3113834
3113834
3113834
3113834
3113834
3113834
3113834
3113834
3113834
3113834
3113834
3113834
3113834
3113834
3113834
3113834
3113834
3113834
3113834
3113834
3113834
3113834
3113834
3113834
3113834
3113834
3113834
3113834
3113834
3113834
3113834
3113834
3113834
3113834
3113834
3113834
3113834
3113834
3113834
3113834
3113834
3113834
3113834
3113834
3113834
3113834
3113834
3113834
3113834
3113834
3113834
3113834
3113834
3113834
3113834
3113834
3113834
3113834
3113834
3113834
3113834
3113834
3113834
3113834
3113834
3113834
3113834
3113834
3113834
3113834
3113834
3113834
3113834
3113834
3113834
3113834
3113834
3113834
3113834
3113834
3113834
3113834
3113834
3113834
3113834
3113834
3113834
3113834
3113834
3113834
3113834
3113834
3113834
3113834
3113834
3113834
3113834
3113834
3113834
3113834
3113834
3113834
3113834
3113834
3113834
3113834
3113834
3113834
3113834
3113834
3113834
3113834
3113834
3113834
3113834
3113834
3113834
3113834
3113834
3113834
3113834
3113834
3113834
3113834
3113834
3113834
3113834
3113834
3113834
3113834
3113834
3113834
3113834
3113834
3113834
3113834
3113834
3113834
3113834
3113834
3113834
3113834
3113834
3113834
3113834
3113834
3113834
3113834
3113834
3113834
3113834
3113834
3113834
3113834
3113834
3113834
3113834
3113834
3113834
3113834
3113834
3113834
3113834
3113834
3113834
3113834
3113834
3113834
3113834
3113834
3113834
3113834
3113834
3113834
3113834
3113834
3113834
3113834
3113834
3113834
3113834
3113834
3113834
3113834
3113834
3113834
3113834
3113834
3113834
3113834
3113834
3113834
3113834
3113834
3113834
3113834
3113834
3113834
3113834
3113834
3113834
3113834
3113834
3113834
3113834
3113834
3113834
3113834
3113834
3113834
3113834
3113834
3113834
3113834
3113834
3113834
3113834
3113834
3113834
3113834
3113834
3113834
3113834
3113834
3113834
3113834
3113834
3113834
3113834
3113834
3113834
3113834
3113834
3113834
3113834
3113834
3113834
3113834
3113834
3113834
3113834
3113834
3113834
3113834
3113834
3113834
3113834
3113834
3113834
3113834
3113834
3113834
3113834
3113834
3113834
3113834
3113834
3113834
3113834
3113834
3113834
3113834
3113834
3113834
3113834
3113834
3113834
3113834
3113834
3113834
3113834
3113834
3113834
3113834
3113834
3113834
3113834
3113834
3113834
3113834
3113834
3113834
3113834
3113834
3113834
3113834
3113834
3113834
3113834
3113834
3113834
3113834
3113834
3113834
3113834
3113834
3113834
3113834
3113834
3113834
3113834
3113834
3113834
3113834
3113834
3113834
3113834
3113834
3113834
3113834
3113834
3113834
3113834
3113834
3113834
3113834
3113834
3113834
3113834
3113834
3113834
3113834
3113834
3113834
3113834
3113834
3113834
3113834
3113834
3113834
3113834
3113834
3113834
3113834
3113834
3113834
3113834
3113834
3113834
3113834
3113834
3113834
3113834
3113834
3113834
3113834
3113834
3113834
3113834
3113834
3113834
3113834
3113834
3113834
3113834
3113834
3113834
3113834
3113834
3113834
3113834
3113834
3113834
3113834
3113834
3113834
3113834
3113834
3113834
3113834
3113834
3113834
3113834
3113834
3113834
3113834
3113834
3113834
3113834
3113834
3113834
3113834
3113834
3113834
3113834
3113834
3113834
3113834
3113834
3113834
3113834
3113834
3113834
3113834
3113834
3113834
3113834
3113834
3113834
3113834
3113834
3113834
3113834
3113834
3113834
3113834
3113834
3113834
3113834
3113834
3113834
3113834
3113834
3113834
3113834
3113834
3113834
3113834
3113834
3113834
3113834
3113834
3113834
3113834
3113834
3113834
3113834
3113834
3113834
3113834
3113834
3113834
3113834
3113834
3113834
3113834
3113834
3113834
3113834
3113834
3113834
3113834
3113834
3113834
3113834
3113834
3113834
3113834
3113834
3113834
3113834
3113834
3113834
3113834
3113834
3113834
3113834
3113834
3113834
3113834
3113834
3113834
3113834
3113834
3113834
3113834
3113834
3113834
3113834
3113834
3113834
3113834
3113834
3113834
3113834
3113834
3113834
3113834
3113834
3113834
3113834
3113834
3113834
3113834
3113834
3113834
3113834
3113834
3113834
3113834
3113834
3113834
3113834
3113834
3113834
3113834
3113834
3113834
3113834
3113834
3113834
3113834
3113834
3113834
3113834
3113834
3113834
3113834
3113834
3113834
3113834
3113834
3113834
3113834
3113834
3113834
3113834
3113834
3113834
3113834
3113834
3113834
3113834
3113834
3113834
3113834
3113834
3113834
3113834
3113834
3113834
3113834
3113834
3113834
3113834
3113834
3113834
3113834
3113834
3113834
3113834
3113834
3113834
3113834
3113834
3113834
3113834
3113834
3113834
3113834
3113834
3113834
3113834
3113834
3113834
3113834
3113834
3113834
3113834
3113834
3113834
3113834
3113834
3113834
3113834
3113834
3113834
3113834
3113834
3113834
3113834
3113834
3113834
3113834
3113834
3113834
3113834
3113834
3113834
3113834
3113834
3113834
3113834
3113834
3113834
3113834
3113834
3113834
3113834
3113834
3113834
3113834
3113834
3113834
3113834
3113834
3113834
3113834
3113834
3113834
3113834
3113834
3113834
3113834
3113834
3113834
3113834
3113834
3113834
3113834
3113834
3113834
3113834
3113834
3113834
3113834
3113834
3113834
3113834
3113834
3113834
3113834
3113834
3113834
3113834
3113834
3113834
3113834
3113834
3113834
3113834
3113834
3113834
3113834
3113834
3113834
3113834
3113834
3113834
3113834
3113834
3113834
3113834
3113834
3113834
3113834
3113834
3113834
3113834
3113834
3113834
3113834
3113834
3113834
3113834
3113834
3113834
3113834
3113834
3113834
3113834
3113834
3113834
3113834
3113834
3113834
3113834
3113834
3113834
3113834
3113834
3113834
3113834
3113834
3113834
3113834
3113834
3113834
3113834
3113834
3113834
3113834
3113834
3113834
3113834
3113834
3113834
3113834
3113834
3113834
3113834
3113834
3113834
3113834
3113834
3113834
3113834
3113834
3113834
3113834
3113834
3113834
3113834
3113834
3113834
3113834
3113834
3113834
3113834
3113834
3113834
3113834
3113834
3113834
3113834
3113834
3113834
3113834
3113834
3113834
3113834
3113834
3113834
3113834
3113834
3113834
3113834
3113834
3113834
3113834
3113834
3113834
3113834
3113834
3113834
3113834
3113834
3113834
3113834
3113834
3113834
3113834
3113834
3113834
3113834
3113834
3113834
3113834
3113834
3113834
3113834
3113834
3113834
3113834
3113834
3113834
3113834
3113834
3113834
3113834
3113834
3113834
3113834
3113834
3113834
3113834
3113834
3113834
3113834
3113834
3113834
3113834
3113834
3113834
3113834
3113834
3113834
3113834
3113834
3113834
3113834
3113834
3113834
3113834
3113834
3113834
3113834
3113834
3113834
3113834
3113834
3113834
3113834
3113834
3113834
3113834
3113834
3113834
3113834
3113834
3113834
3113834
3113834
3113834
3113834
3113834
3113834
3113834
3113834
3113834
3113834
3113834
3113834
3113834
3113834
3113834
3113834
3113834
3113834
3113834
3113834
3113834
3113834
3113834
3113835
3113835
3113835
3113835
3113835
3113835
3113835
3113835
3113835
3113835
3113835
3113835
3113835
3113835
3113835
3113835
3113835
3113835
3113835
3113835
3113835
3113835
3113835
3113835
3113835
3113835
3113835
3113835
3113835
3113835
3113835
3113835
3113835
3113835
3113835
3113835
3113835
3113835
3113835
3113835
3113835
3113835
3113835
3113835
3113835
3113835
3113835
3113835
3113835
3113835
3113835
3113835
3113835
3113835
3113835
3113835
3113835
3113835
3113835
3113835
3113835
3113835
3113835
3113835
3113835
3113835
3113835
3113835
3113835
3113835
3113835
3113835
3113835
3113835
3113835
3113835
3113835
3113835
3113835
3113835
3113835
3113835
3113835
3113835
3113835
3113835
3113835
3113835
3113835
3113835
3113835
3113835
3113835
3113835
3113835
3113835
3113835
3113835
3113835
3113835
3113835
3113835
3113835
3113835
3113835
3113835
3113835
3113835
3113835
3113835
3113835
3113835
3113835
3113835
3113835
3113835
3113835
3113835
3113835
3113835
3113835
3113835
3113835
3113835
3113835
3113835
3113835
3113835
3113835
3113835
3113835
3113835
3113835
3113835
3113835
3113835
3113835
3113835
3113835
3113835
3113835
3113835
3113835
3113835
3113835
3113835
3113835
3113835
3113835
3113835
3113835
3113835
3113835
3113835
3113835
3113835
3113835
3113835
3113835
3113835
3113835
3113835
3113835
3113835
3113835
3113835
3113835
3113835
3113835
3113835
3113835
3113835
3113835
3113835
3113835
3113835
3113835
3113835
3113835
3113835
3113835
3113835
3113835
3113835
3113835
3113835
3113835
3113835
3113835
3113835
3113835
3113835
3113835
3113835
3113835
3113835
3113835
3113835
3113835
3113835
3113835
3113835
3113835
3113835
3113835
3113835
3113835
3113835
3113835
3113835
3113835
3113835
3113835
3113835
3113835
3113835
3113835
3113835
3113835
3113835
3113835
3113835
3113835
3113835
3113835
3113835
3113835
3113835
3113835
3113835
3113835
3113835
3113835
3113835
3113835
3113835
3113835
3113835
3113835
3113835
3113835
3113835
3113835
3113835
3113835
3113835
3113835
3113835
3113835
3113835
3113835
3113835
3113835
3113835
3113835
3113835
3113835
3113835
3113835
3113835
3113835
3113835
3113835
3113835
3113835
3113835
3113835
3113835
3113835
3113835
3113835
3113835
3113835
3113835
3113835
3113835
3113835
3113835
3113835
3113835
3113835
3113835
3113835
3113835
3113835
3113835
3113835
3113835
3113835
3113835
3113835
3113835
3113835
3113835
3113835
3113835
3113835
3113835
3113835
3113835
3113835
3113835
3113835
3113835
3113835
3113835
3113835
3113835
3113835
3113835
3113835
3113835
3113835
3113835
3113835
3113835
3113835
3113835
3113835
3113835
3113835
3113835
3113835
3113835
3113835
3113835
3113835
3113835
3113835
3113835
3113835
3113835
3113835
3113835
3113835
3113835
3113835
3113835
3113835
3113835
3113835
3113835
3113835
3113835
3113835
3113835
3113835
3113835
3113835
3113835
3113835
3113835
3113835
3113835
3113835
3113835
3113835
3113835
3113835
3113835
3113835
3113835
3113835
3113835
3113835
3113835
3113835
3113835
3113835
3113835
3113835
3113835
3113835
3113835
3113835
3113835
3113835
3113835
3113835
3113835
3113835
3113835
3113835
3113835
3113835
3113835
3113835
3113835
3113835
3113835
3113835
3113835
3113835
3113835
3113835
3113835
3113835
3113835
3113835
3113835
3113835
3113835
3113835
3113835
3113835
3113835
3113835
3113835
3113835
3113835
3113835
3113835
3113835
3113835
3113835
3113835
3113835
3113835
3113835
3113835
3113835
3113835
3113835
3113835
3113835
3113835
3113835
3113835
3113835
3113835
3113835
3113835
3113835
3113835
3113835
3113835
3113835
3113835
3113835
3113835
3113835
3113835
3113835
3113835
3113835
3113835
3113835
3113835
3113835
3113835
3113835
3113835
3113835
3113835
3113835
3113835
3113835
3113835
3113835
3113835
3113835
3113835
3113835
3113835
3113835
3113835
3113835
3113835
3113835
3113835
3113835
3113835
3113835
3113835
3113835
3113835
3113835
3113835
3113835
3113835
3113835
3113835
3113835
3113835
3113835
3113835
3113835
3113835
3113835
3113835
3113835
3113835
3113835
3113835
3113835
3113835
3113835
3113835
3113835
3113835
3113835
3113835
3113835
3113835
3113835
3113835
3113835
3113835
3113835
3113835
3113835
3113835
3113835
3113835
3113835
3113835
3113835
3113835
3113835
3113835
3113835
3113835
3113835
3113835
3113835
3113835
3113835
3113835
3113835
3113835
3113835
3113835
3113835
3113835
3113835
3113835
3113835
3113835
3113835
3113835
3113835
3113835
3113835
3113835
3113835
3113835
3113835
3113835
3113835
3113835
3113835
3113835
3113835
3113835
3113835
3113835
3113835
3113835
3113835
3113835
3113835
3113835
3113835
3113835
3113835
3113835
3113835
3113835
3113835
3113835
3113835
3113835
3113835
3113835
3113835
3113835
3113835
3113835
3113835
3113835
3113835
3113835
3113835
3113835
3113835
3113835
3113835
3113835
3113835
3113835
3113835
3113835
3113835
3113835
3113835
3113835
3113835
3113835
3113835
3113835
3113835
3113835
3113835
3113835
3113835
3113835
3113835
3113835
3113835
3113835
3113835
3113835
3113835
3113835
3113835
3113835
3113835
3113835
3113835
3113835
3113835
3113835
3113835
3113835
3113835
3113835
3113835
3113835
3113835
3113835
3113835
3113835
3113835
3113835
3113835
3113835
3113835
3113835
3113835
3113835
3113835
3113835
3113835
3113835
3113835
3113835
3113835
3113835
3113835
3113835
3113835
3113835
3113835
3113835
3113835
3113835
3113835
3113835
3113835
3113835
3113835
3113835
3113835
3113835
3113835
3113835
3113827
3113827
3113827
3113827
3113827
3113827
3113827
3113827
3113827
3113827
3113827
3113827
3113827
3113827
3113827
3113827
3113827
3113827
3113827
3113827
3113827
3113827
3113827
3113827
3113827
3113827
3113827
3113827
3113827
3113827
3113827
3113827
3113827
3113827
3113827
3113827
3113827
3113827
3113827
3113827
3113827
3113827
3113827
3113827
3113827
3113827
3113827
3113827
3113827
3113827
3113827
3113827
3113827
3113827
3113827
3113827
3113827
3113827
3113827
3113827
3113827
3113827
3113827
3113827
3113827
3113827
3113827
3113827
3113827
3113827
3113827
3113827
3113827
3113827
3113827
3113827
3113827
3113827
3113827
3113827
3113827
3113827
3113827
3113827
3113827
3113827
3113827
3113827
3113827
3113827
3113827
3113827
3113827
3113827
3113827
3113827
3113827
3113827
3113827
3113827
3113827
3113827
3113827
3113827
3113827
3113827
3113827
3113827
3113827
3113827
3113827
3113827
3113827
3113827
3113827
3113827
3113827
3113827
3113827
3113827
3113827
3113827
3113827
3113827
3113827
3113827
3113827
3113827
3113827
3113834
3113834
3113834
3113834
3113834
3113834
3113834
3113834
3113834
3113834
3113834
3113834
3113834
3113834
3113834
3113834
3113834
3113834
3113834
3113834
3113834
3113834
3113834
3113834
3113834
3113834
3113834
3113834
3113834
3113834
3113834
3113834
3113834
3113834
3113834
3113834
3113834
3113834
3113834
3113834
3113834
3113834
3113834
3113834
3113834
3113834
3113834
3113834
3113834
3113834
3113834
3113834
3113834
3113834
3113834
3113834
3113834
3113834
3113834
3113834
3113834
3113834
3113834
3113834
3113834
3113834
3113834
3113834
3113834
3113834
3113834
3113834
3113834
3113834
3113834
3113834
3113834
3113834
3113834
3113834
3113834
3113834
3113834
3113834
3113834
3113834
3113834
3113834
3113834
3113834
3113834
3113834
3113834
3113834
3113834
3113834
3113834
3113834
3113834
3113834
3113834
3113834
3113834
3113834
3113834
3113834
3113834
3113834
3113834
3113834
3113834
3113834
3113834
3113834
3113834
3113834
3113834
3113834
3113834
3113834
3113834
3113834
3113834
3113834
3113834
3113834
3113834
3113834
3113834
3113834
3113834
3113834
3113834
3113834
3113834
3113834
3113834
3113834
3113834
3113834
3113834
3113834
3113834
3113834
3113834
3113834
3113834
3113834
3113834
3113834
3113834
3113834
3113834
3113834
3113834
3113834
3113834
3113834
3113834
3113834
3113834
3113834
3113834
3113834
3113834
3113834
3113834
3113834
3113834
3113834
3113834
3113834
3113834
3113834
3113834
3113834
3113834
3113834
3113834
3113834
3113834
3113834
3113834
3113834
3113834
3113834
3113834
3113834
3113834
3113834
3113834
3113834
3113834
3113834
3113834
3113834
3113834
3113834
3113834
3113834
3113834
3113834
3113834
3113834
3113834
3113836
3113836
3113836
3113836
3113836
3113836
3113836
3113836
3113836
3113836
3113836
3113836
3113836
3113836
3113836
3113836
3113836
3113836
3113836
3113836
3113836
3113836
3113836
3113836
3113836
3113836
3113836
3113836
3113836
3113836
3113836
3113836
3113836
3113836
3113836
3113836
3113836
3113836
3113836
3113836
3113836
3113836
3113836
3113836
3113836
3113836
3113836
3113836
3113836
3113836
3113836
3113836
3113836
3113836
3113836
3113836
3113836
3113836
3113836
3113836
3113836
3113836
3113836
3113836
3113836
3113836
3113836
3113836
3113836
3113836
3113836
3113836
3113836
3113836
3113836
3113836
3113836
3113836
3113836
3113836
3113836
3113836
3113836
3113836
3113836
3113836
3113836
3113836
3113836
3113836
3113836
3113836
3113836
3113836
3113836
3113836
3113836
3113836
3113836
3113836
3113836
3113836
3113836
3113836
3113836
3113836
3113836
3113836
3113836
3113836
3113836
3113836
3113836
3113836
3113836
3113836
3113836
3113836
3113836
3113836
3113836
3113836
3113836
3113836
3113836
3113836
3113836
3113836
3113836
3113836
3113836
3113836
3113836
3113836
3113836
3113836
3113836
3113836
3113836
3113836
3113836
3113836
3113836
3113836
3113836
3113836
3113836
3113836
3113836
3113836
3113836
3113836
3113836
3113836
3113836
3113836
3113836
3113836
3113836
3113836
3113836
3113836
3113836
3113836
3113836
3113836
3113836
3113836
3113836
3113836
3113836
3113836
3113836
3113836
3113836
3113836
3113836
3113836
3113836
3113836
3113836
3113836
3113836
3113836
3113836
3113836
3113836
3113836
3113836
3113836
3113836
3113836
3113836
3113836
3113836
3113836
3113836
3113836
3113836
3113836
3113836
3113836
3113836
3113836
3113836
3113836
3113836
3113836
3113836
3113836
3113836
3113836
3113836
3113836
3113836
3113836
3113836
3113836
3113836
3113836
3113836
3113836
3113836
3113836
3113836
3113836
3113836
3113836
3113836
3113836
3113836
3113836
3113836
3113836
3113836
3113836
3113836
3113836
3113836
3113836
3113836
3113836
3113836
3113836
3113836
3113836
3113836
3113836
3113836
3113836
3113836
3113836
3113836
3113836
3113836
3113836
3113836
3113836
3113836
3113836
3113836
3113836
3113836
3113836
3113836
3113836
3113836
3113836
3113836
3113836
3113836
3113836
3113836
3113836
3113836
3113836
3113836
3113836
3113836
3113836
3113836
3113836
3113836
3113836
3113835
3113835
3113835
3113835
3113835
3113835
3113835
3113835
3113835
3113835
3113835
3113835
3113835
3113835
3113835
3113835
3113835
3113835
3113835
3113835
3113835
3113835
3113835
3113835
3113835
3113835
3113835
3113835
3113835
3113835
3113835
3113835
3113835
3113835
3113835
3113835
3113835
3113835
3113835
3113835
3113835
3113835
3113835
3113835
3113835
3113835
3113835
3113835
3113835
3113835
3113835
3113835
3113835
3113835
3113835
3113835
3113835
3113835
3113835
3113835
3113835
3113835
3113835
3113835
3113835
3113835
3113835
3113835
3113835
3113835
3113835
3113835
3113835
3113835
3113835
3113835
3113835
3113835
3113835
3113835
3113835
3113835
3113835
3113835
3113835
3113835
3113835
3113835
3113835
3113835
3113835
3113835
3113835
3113835
3113835
3113835
3113835
3113835
3113835
3113835
3113835
3113835
3113835
3113835
3113835
3113835
3113835
3113835
3113835
3113835
3113835
3113835
3113835
3113835
3113835
3113835
3113835
3113835
3113835
3113835
3113835
3113835
3113835
3113835
3113835
3113835
3113835
3113835
3113835
3113835
3113835
3113835
3113835
3113835
3113835
3113835
3113835
3113835
3113835
3113835
3113835
3113835
3113835
3113835
3113835
3113835
3113835
3113835
3113835
3113835
3113835
3113835
3113835
3113835
3113835
3113835
3113835
3113835
3113835
3113835
3113835
3113835
3113835
3113835
3113835
3113835
3113835
3113835
3113835
3113835
3113835
3113835
3113835
3113835
3113835
3113835
3113835
3113835
3113835
3113835
3113835
3113835
3113835
3113835
3113835
3113835
3113835
3113835
3113835
3113835
3113835
3113835
3113835
3113835
3113835
3113835
3113835
3113835
3113835
3113835
3113835
3113835
3113835
3113835
3113835
3113835
3113835
3113835
3113835
3113835
3113835
3113835
3113835
3113835
3113835
3113835
3113835
3113835
3113835
3113835
3113835
3113835
3113835
3113835
3113835
3113835
3113835
3113835
3113835
3113835
3113835
3113835
3113835
3113835
3113835
3113835
3113835
3113835
3113835
3113835
3113835
3113835
3113835
3113835
3113835
3113835
3113835
3113835
3113835
3113835
3113835
3113835
3113835
3113835
3113835
3113835
3113835
3113835
3113835
3113835
3113835
3113835
3113835
3113835
3113835
3113835
3113835
3113835
3113835
3113835
3113835
3113835
3113835
3113835
3113835
3113835
3113835
3113835
3113835
3113835
3113835
3113835
3113835
3113835
3113835
3113835
3113835
3113835
3113835
3113835
3113835
3113835
3113835
3113835
3113835
3113835
3113835
3113835
3113835
3113835
3113835
3113835
3113835
3113835
3113835
3113835
3113835
3113835
3113835
3113835
3113835
3113835
3113835
3113835
3113835
3113835
3113835
3113835
3113835
3113835
3113835
3113835
3113835
3113835
3113835
3113835
3113835
3113835
3113835
3113835
3113835
3113835
3113835
3113835
3113835
3113835
3113835
3113835
3113835
3113835
3113835
3113835
3113835
3113835
3113835
3113835
3113835
3113835
3113835
3113835
3113835
3113835
3113835
3113835
3113835
3113835
3113835
3113835
3113835
3113835
3113835
3113835
3113835
3113835
3113835
3113835
3113835
3113835
3113835
3113835
3113835
3113835
3113835
3113835
3113835
3113835
3113835
3113835
3113835
3113835
3113835
3113835
3113835
3113835
3113835
3113835
3113835
3113835
3113835
3113835
3113835
3113835
3113835
3113835
3113835
3113835
3113835
3113835
3113835
3113835
3113835
3113835
3113835
3113835
3113835
3113835
3113835
3113835
3113835
3113835
3113835
3113835
3113835
3113835
3113835
3113835
3113835
3113835
3113835
3113835
3113835
3113835
3113835
3113835
3113835
3113835
3113835
3113835
3113835
3113835
3113835
3113835
3113835
3113835
3113835
3113835
3113835
3113835
3113835
3113835
3113835
3113835
3113835
3113835
3113835
3113835
3113835
3113835
3113835
3113835
3113835
3113835
3113835
3113835
3113835
3113835
3113835
3113835
3113835
3113835
3113835
3113835
3113835
3113835
3113835
3113835
3113835
3113835
3113835
3113835
3113835
3113835
3113835
3113835
3113835
3113835
3113835
3113835
3113835
3113835
3113835
3113835
3113835
3113835
3113835
3113835
3113835
3113835
3113835
3113835
3113835
3113835
3113835
3113835
3113835
3113835
3113835
3113835
3113835
3113835
3113835
3113835
3113835
3113835
3113835
3113835
3113835
3113835
3113835
3113835
3113835
3113835
3113835
3113835
3113835
3113835
3113835
3113835
3113835
3113835
3113835
3113835
3113835
3113835
3113835
3113835
3113835
3113835
3113835
3113835
3113835
3113835
3113835
3113835
3113835
3113835
3113835
3113835
3113835
3113835
3113835
3113835
3113835
3113835
3113835
3113835
3113835
3113835
3113835
3113835
3113835
3113835
3113835
3113835
3113835
3113835
3113835
3113835
3113835
3113835
3113835
3113835
3113835
3113835
3113835
3113835
3113835
3113835
3113835
3113835
3113835
3113835
3113835
3113835
3113835
3113835
3113835
3113835
3113835
3113835
3113835
3113835
3113835
3113835
3113835
3113835
3113835
3113835
3113835
3113835
3113835
3113835
3113835
3113835
3113835
3113835
3113835
3113835
3113835
3113835
3113835
3113835
3113835
3113835
3113835
3113835
3113835
3113835
3113835
3113835
3113835
3113835
3113835
3113835
3113835
3113835
3113835
3113835
3113835
3113835
3113835
3113835
3113835
3113835
3113835
3113835
3113835
3113835
3113835
3113835
3113835
3113835
3113835
3113835
3113835
3113835
3113835
3113835
3113835
3113835
3113835
3113835
3113835
3113835
3113835
3113835
3113835
3113835
3113835
3113835
3113835
3113835
3113835
3113835
3113835
3113835
3113835
3113835
3113835
3113835
3113835
3113835
3113835
3113835
3113835
3113835
3113835
3113835
3113835
3113835
3113835
3113835
3113835
3113835
3113835
3113835
3113835
3113835
3113835
3113835
3113835
3113835
3113835
3113835
3113835
3113835
3113835
3113835
3113835
3113835
3113835
3113835
3113835
3113835
3113835
3113835
3113835
3113835
3113835
3113835
3113835
3113835
3113835
3113835
3113835
3113835
3113835
3113835
3113835
3113835
3113835
3113835
3113835
3113835
3113835
3113835
3113836
3113836
3113836
3113836
3113836
3113836
3113836
3113836
3113836
3113836
3113836
3113836
3113836
3113836
3113836
3113836
3113836
3113836
3113836
3113836
3113836
3113836
3113836
3113836
3113836
3113836
3113836
3113836
3113836
3113836
3113836
3113836
3113836
3113836
3113836
3113836
3113836
3113836
3113836
3113836
3113836
3113836
3113836
3113836
3113836
3113836
3113836
3113836
3113836
3113836
3113836
3113836
3113836
3113836
3113836
3113836
3113836
3113836
3113836
3113836
3113836
3113836
3113836
3113836
3113836
3113836
3113836
3113836
3113836
3113836
3113836
3113836
3113836
3113836
3113836
3113836
3113836
3113836
3113836
3113836
3113836
3113836
3113836
3113836
3113836
3113836
3113836
3113836
3113836
3113836
3113836
3113836
3113836
3113836
3113836
3113836
3113836
3113836
3113836
3113836
3113836
3113836
3113836
3113836
3113836
3113836
3113836
3113836
3113836
3113836
3113836
3113836
3113836
3113836
3113836
3113836
3113836
3113836
3113836
3113836
3113836
3113836
3113836
3113836
3113836
3113836
3113836
3113836
3113836
3113836
3113836
3113836
3113836
3113836
3113836
3113836
3113836
3113836
3113836
3113836
3113836
3113836
3113836
3113836
3113836
3113836
3113836
3113836
3113836
3113836
3113836
3113836
3113836
3113836
3113836
3113836
3113836
3113836
3113836
3113836
3113836
3113836
3113836
3113836
3113836
3113836
3113836
3113836
3113836
3113836
3113836
3113836
3113836
3113836
3113836
3113836
3113836
3113836
3113836
3113836
3113836
3113836
3113836
3113836
3113836
3113836
3113836
3113836
3113836
3113836
3113836
3113836
3113836
3113836
3113836
3113836
3113836
3113836
3113836
3113836
3113836
3113836
3113836
3113836
3113836
3113836
3113836
3113836
3113836
3113836
3113836
3113836
3113836
3113836
3113836
3113836
3113836
3113836
3113836
3113836
3113836
3113836
3113836
3113836
3113836
3113836
3113836
3113836
3113836
3113836
3113836
3113836
3113836
3113836
3113836
3113836
3113836
3113836
3113836
3113836
3113836
3113836
3113836
3113836
3113836
3113836
3113836
3113836
3113836
3113836
3113836
3113836
3113836
3113836
3113836
3113836
3113836
3113836
3113836
3113836
3113836
3113836
3113836
3113836
3113836
3113836
3113836
3113836
3113836
3113836
3113836
3113836
3113836
3113836
3113836
3113836
3113836
3113836
3113836
3113836
3113836
3113836
3113836
3113836
3113836
3113836
3113836
3113836
3113836
3113836
3113836
3113836
3113836
3113836
3113836
3113836
3113836
3113836
3113836
3113836
3113836
3113836
3113836
3113836
3113836
3113836
3113836
3113836
3113836
3113836
3113836
3113836
3113836
3113836
3113836
3113836
3113836
3113836
3113836
3113836
3113836
3113836
3113836
3113836
3113836
3113836
3113836
3113836
3113836
3113836
3113836
3113836
3113836
3113836
3113836
3113836
3113836
3113836
3113836
3113836
3113836
3113836
3113836
3113836
3113836
3113836
3113836
3113836
3113836
3113836
3113836
3113836
3113836
3113836
3113836
3113836
3113836
3113836
3113836
3113836
3113836
3113836
3113836
3113836
3113836
3113836
3113836
3113836
3113836
3113836
3113836
3113836
3113836
3113836
3113836
3113836
3113836
3113836
3113836
3113836
3113836
3113836
3113836
3113836
3113836
3113836
3113836
3113836
3113836
3113836
3113836
3113836
3113836
3113836
3113836
3113836
3113836
3113836
3113836
3113836
3113836
3113836
3113836
3113836
3113836
3113836
3113836
3113836
3113836
3113836
3113836
3113836
3113836
3113836
3113836
3113836
3113836
3113836
3113836
3113836
3113836
3113836
3113836
3113836
3113836
3113836
3113836
3113836
3113836
3113836
3113836
3113836
3113836
3113836
3113836
3113836
3113836
3113836
3113836
3113836
3113836
3113836
3113836
3113836
3113836
3113836
3113836
3113836
3113836
3113836
3113836
3113836
3113836
3113836
3113836
3113836
3113836
3113836
3113836
3113836
3113836
3113836
3113836
3113836
3113836
3113836
3113836
3113836
3113836
3113836
3113836
3113836
3113836
3113836
3113836
3113836
3113836
3113836
3113836
3113836
3113836
3113836
3113836
3113836
3113836
3113836
3113836
3113836
3113836
3113836
3113836
3113836
3113836
3113836
3113836
3113836
3113836
3113836
3113836
3113836
3113836
3113836
3113836
3113836
3113836
3113836
3113836
3113836
3113836
3113836
3113836
3113836
3113836
3113836
3113836
3113836
3113836
3113836
3113836
3113836
3113836
3113836
3113836
3113836
3113836
3113836
3113836
3113836
3113836
3113836
3113836
3113836
3113836
3113836
3113836
3113836
3113836
3113836
3113836
3113836
3113836
3113836
3113836
3113836
3113836
3113836
3113836
3113836
3113836
3113836
3113836
3113836
3113836
3113836
3113836
3113836
3113836
3113836
3113836
3113836
3113836
3113836
3113836
3113836
3113836
3113836
3113836
3113836
3113836
3113836
3113836
3113836
3113836
3113836
3113836
3113836
3113836
3113836
3113836
3113836
3113836
3113836
3113836
3113836
3113836
3113836
3113836
3113836
3113836
3113836
3113836
3113836
3113836
3113836
3113836
3113836
3113836
3113836
3113836
3113836
3113836
3113836
3113836
3113836
3113836
3113836
3113836
3113836
3113836
3113836
3113836
3113836
3113836
3113836
3113836
3113836
3113836
3113836
3113836
3113836
3113836
3113836
3113836
3113836
3113836
3113836
3113836
3113836
3113836
3113836
3113836
3113836
3113836
3113836
3113836
3113836
3113836
3113836
3113836
3113836
3113836
3113836
3113836
3113836
3113836
3113836
3113836
3113836
3113836
3113836
3113836
3113836
3113836
3113836
3113836
3113836
3113836
3113836
3113836
3113836
3113836
3113836
3113836
3113836
3113836
3113836
3113836
3113836
3113836
3113836
3113836
3113836
3113836
3113836
3113836
3113836
3113836
3113836
3113836
3113836
3113836
3113836
3113836
3113836
3113836
3113836
3113836
3113836
3113836
3113836
3113836
3113836
3113836
3113836
3113836
3113836
3113836
3113836
3113836
3113836
3113836
3113836
3113836
3113836
3113836
3113836
3113836
3113836
3113836
3113836
3113836
3113836
3113836
3113836
3113836
3113836
3113836
3113836
3113836
3113836
3113836
3113836
3113836
3113836
3113836
3113836
3113836
3113836
3113836
3113836
3113836
3113836
3113836
3113836
3113836
3113836
3113836
3113836
3113836
3113836
3113836
3113836
3113836
3113836
3113836
3113836
3113836
3113836
3113836
3113836
3113836
3113836
3113836
3113836
3113836
3113836
3113836
3113836
3113836
3113836
3113836
3113836
3113836
3113836
3113836
3113836
3113836
3113836
3113836
3113836
3113836
3113836
3113836
3113836
3113836
3113836
3113836
3113836
3113836
3113836
3113836
3113836
3113836
3113836
3113836
3113836
3113836
3113836
3113836
3113836
3113836
3113836
3113836
3113836
3113836
3113836
3113836
3113836
3113836
3113836
3113836
3113836
3113836
3113836
3113836
3113836
3113836
3113836
3113836
3113836
3113836
3113836
3113836
3113836
3113836
3113836
3113836
3113836
3113836
3113836
3113836
3113836
3113836
3113836
3113836
3113836
3113836
3113836
3113836
3113836
3113836
3113836
3113836
3113836
3113836
3113836
3113836
3113836
3113836
3113836
3113836
3113836
3113836
3113836
3113836
3113836
3113836
3113836
3113836
3113836
3113836
3113836
3113836
3113836
3113836
3113836
3113836
3113836
3113836
3113836
3113836
3113836
3113836
3113836
3113836
3113836
3113836
3113836
3113836
3113836
3113836
3113836
3113836
3113836
3113836
3113836
3113836
3113836
3113836
3113836
3113836
3113836
3113836
3113836
3113836
3113836
3113836
3113836
3113836
3113836
3113836
3113836
3113836
3113836
3113836
3113836
3113836
3113836
3113836
3113836
3113836
3113836
3113836
3113836
3113836
3113836
3113836
3113836
3113836
3113836
3113836
3113836
3113836
3113836
3113836
3113836
3113836
3113836
3113836
3113836
3113836
3113836
3113836
3113836
3113836
3113836
3113836
3113836
3113836
3113836
3113836
3113836
3113836
3113836
3113836
3113836
3113836
3113836
3113836
3113836
3113836
3113836
3113836
3113836
3113836
3113836
3113836
3113836
3113836
3113836
3113836
3113836
3113836
3113836
3113836
3113836
3113836
3113836
3113836
3113836
3113836
3113836
3113836
3113836
3113836
3113836
3113836
3113836
3113836
3113836
3113836
3113836
3113836
3113836
3113836
3113836
3113836
3113836
3113836
3113836
3113836
3113836
3113836
3113836
3113836
3113836
3113836
3113836
3113836
3113836
3113836
3113836
3113836
3113836
3113836
3113836
3113836
3113836
3113836
3113836
3113842
3113842
3113842
3113842
3113842
3113842
3113842
3113842
3113842
3113842
3113842
3113842
3113842
3113842
3113842
3113842
3113842
3113842
3113842
3113842
3113842
3113842
3113842
3113842
3113842
3113842
3113842
3113842
3113842
3113842
3113842
3113842
3113842
3113842
3113842
3113842
3113842
3113842
3113842
3113842
3113842
3113842
3113842
3113842
3113842
3113842
3113842
3113842
3113842
3113842
3113842
3113842
3113842
3113842
3113842
3113842
3113842
3113842
3113842
3113842
3113842
3113842
3113842
3113842
3113842
3113842
3113842
3113842
3113842
3113842
3113842
3113842
3113842
3113842
3113842
3113842
3113842
3113842
3113842
3113842
3113842
3113842
3113842
3113842
3113842
3113842
3113842
3113842
3113842
3113842
3113842
3113842
3113842
3113842
3113842
3113842
3113842
3113842
3113842
3113842
3113842
3113842
3113842
3113842
3113842
3113842
3113842
3113842
3113842
3113842
3113842
3113842
3113842
3113842
3113842
3113842
3113842
3113842
3113842
3113842
3113842
3113842
3113842
3113842
3113842
3113842
3113842
3113842
3113842
3113842
3113842
3113842
3113842
3113842
3113842
3113842
3113842
3113842
3113842
3113842
3113842
3113842
3113842
3113842
3113842
3113842
3113842
3113842
3113842
3113842
3113842
3113842
3113842
3113842
3113842
3113842
3113842
3113842
3113842
3113842
3113842
3113842
3113842
3113842
3113842
3113842
3113842
3113842
3113842
3113842
3113842
3113842
3113842
3113842
3113842
3113842
3113842
3113842
3113842
3113842
3113842
3113842
3113842
3113842
3113842
3113842
3113842
3113842
3113842
3113842
3113842
3113842
3113842
3113842
3113842
3113842
3113842
3113842
3113842
3113842
3113842
3113842
3113842
3113842
3113842
3113842
3113842
3113842
3113842
3113842
3113842
3113842
3113842
3113842
3113842
3113842
3113842
3113842
3113842
3113842
3113842
3113842
3113842
3113842
3113842
3113842
3113842
3113842
3113842
3113842
3113842
3113842
3113842
3113842
3113842
3113842
3113842
3113842
3113842
3113842
3113842
3113842
3113842
3113842
3113842
3113842
3113842
3113842
3113842
3113842
3113842
3113842
3113842
3113842
3113842
3113842
3113842
3113842
3113842
3113842
3113842
3113842
3113842
3113842
3113842
3113842
3113842
3113842
3113842
3113842
3113842
3113842
3113842
3113842
3113842
3113842
3113842
3113842
3113842
3113842
3113842
3113842
3113842
3113842
3113842
3113842
3113842
3113842
3113842
3113842
3113842
3113842
3113842
3113842
3113842
3113842
3113842
3113842
3113842
3113842
3113842
3113842
3113842
3113842
3113842
3113842
3113842
3113842
3113842
3113842
3113842
3113842
3113842
3113842
3113842
3113842
3113842
3113842
3113842
3113842
3113842
3113842
3113842
3113842
3113842
3113842
3113842
3113842
3113842
3113842
3113842
3113842
3113842
3113842
3113842
3113842
3113842
3113842
3113842
3113842
3113842
3113842
3113842
3113842
3113842
3113842
3113842
3113842
3113842
3113842
3113842
3113842
3113842
3113842
3113842
3113842
3113842
3113842
3113842
3113842
3113842
3113842
3113842
3113842
3113842
3113842
3113842
3113842
3113842
3113842
3113842
3113842
3113842
3113842
3113842
3113842
3113842
3113842
3113842
3113842
3113842
3113842
3113842
3113842
3113842
3113842
3113842
3113842
3113842
3113842
3113842
3113842
3113842
3113842
3113842
3113842
3113842
3113842
3113842
3113842
3113842
3113842
3113842
3113842
3113842
3113842
3113842
3113842
3113842
3113842
3113842
3113842
3113842
3113842
3113842
3113842
3113842
3113842
3113842
3113842
3113842
3113842
3113842
3113842
3113842
3113842
3113842
3113842
3113842
3113842
3113842
3113842
3113842
3113842
3113842
3113842
3113842
3113842
3113842
3113842
3113842
3113842
3113842
3113842
3113842
3113842
3113842
3113842
3113842
3113842
3113842
3113842
3113842
3113842
3113842
3113842
3113842
3113842
3113842
3113842
3113842
3113842
3113842
3113842
3113842
3113842
3113842
3113842
3113842
3113842
3113842
3113842
3113842
3113842
3113842
3113842
3113842
3113842
3113842
3113842
3113842
3113842
3113842
3113842
3113842
3113842
3113842
3113842
3113842
3113842
3113842
3113842
3113842
3113842
3113842
3113842
3113842
3113842
3113842
3113842
3113842
3113842
3113842
3113842
3113842
3113842
3113842
3113842
3113842
3113842
3113842
3113842
3113842
3113842
3113842
3113842
3113842
3113842
3113842
3113842
3113842
3113836
3113836
3113836
3113836
3113836
3113836
3113836
3113836
3113836
3113836
3113836
3113836
3113836
3113836
3113836
3113836
3113836
3113836
3113836
3113836
3113836
3113836
3113836
3113836
3113836
3113836
3113836
3113836
3113836
3113836
3113836
3113836
3113836
3113836
3113836
3113836
3113836
3113836
3113836
3113836
3113836
3113836
3113836
3113836
3113836
3113836
3113836
3113836
3113836
3113836
3113836
3113836
3113836
3113836
3113836
3113836
3113836
3113836
3113836
3113836
3113836
3113836
3113836
3113836
3113836
3113836
3113836
3113836
3113836
3113836
3113836
3113836
3113836
3113836
3113836
3113836
3113836
3113836
3113836
3113836
3113836
3113836
3113836
3113836
3113836
3113836
3113836
3113836
3113836
3113836
3113836
3113836
3113836
3113836
3113836
3113836
3113836
3113836
3113836
3113836
3113836
3113836
3113836
3113836
3113836
3113836
3113836
3113836
3113836
3113836
3113836
3113836
3113836
3113836
3113836
3113836
3113836
3113836
3113836
3113836
3113836
3113836
3113836
3113836
3113836
3113836
3113836
3113836
3113836
3113836
3113836
3113836
3113836
3113836
3113836
3113836
3113836
3113836
3113836
3113836
3113836
3113836
3113836
3113836
3113836
3113836
3113836
3113836
3113836
3113836
3113836
3113836
3113836
3113836
3113836
3113836
3113836
3113836
3113836
3113836
3113836
3113836
3113836
3113836
3113836
3113836
3113836
3113836
3113836
3113836
3113836
3113836
3113836
3113836
3113836
3113836
3113836
3113836
3113836
3113836
3113836
3113836
3113836
3113836
3113836
3113836
3113836
3113836
3113836
3113836
3113836
3113836
3113836
3113836
3113836
3113836
3113836
3113836
3113836
3113836
3113836
3113836
3113836
3113836
3113836
3113836
3113836
3113836
3113836
3113836
3113836
3113836
3113836
3113836
3113836
3113836
3113836
3113836
3113836
3113836
3113836
3113836
3113836
3113836
3113836
3113836
3113836
3113836
3113836
3113836
3113836
3113836
3113836
3113836
3113836
3113836
3113836
3113836
3113836
3113836
3113836
3113836
3113836
3113836
3113836
3113836
3113836
3113836
3113836
3113836
3113836
3113836
3113836
3113836
3113836
3113836
3113836
3113836
3113836
3113836
3113836
3113836
3113836
3113836
3113836
3113836
3113836
3113836
3113836
3113836
3113836
3113836
3113836
3113836
3113836
3113836
3113836
3113836
3113836
3113836
3113836
3113836
3113836
3113836
3113836
3113836
3113836
3113836
3113836
3113836
3113836
3113836
3113836
3113836
3113836
3113836
3113836
3113836
3113836
3113836
3113836
3113836
3113836
3113836
3113836
3113836
3113836
3113836
3113836
3113836
3113836
3113836
3113836
3113836
3113836
3113836
3113836
3113836
3113836
3113836
3113836
3113836
3113836
3113836
3113836
3113836
3113836
3113836
3113836
3113836
3113836
3113836
3113836
3113836
3113836
3113836
3113836
3113836
3113836
3113836
3113836
3113836
3113836
3113836
3113836
3113836
3113836
3113836
3113836
3113836
3113836
3113836
3113836
3113836
3113836
3113836
3113836
3113836
3113836
3113836
3113836
3113836
3113836
3113836
3113836
3113836
3113836
3113836
3113836
3113836
3113836
3113836
3113836
3113836
3113836
3113836
3113836
3113836
3113836
3113836
3113836
3113836
3113836
3113836
3113836
3113836
3113836
3113836
3113836
3113836
3113836
3113836
3113836
3113836
3113836
3113836
3113836
3113836
3113836
3113836
3113836
3113836
3113836
3113836
3113836
3113836
3113836
3113836
3113836
3113836
3113836
3113836
3113836
3113836
3113836
3113836
3113836
3113836
3113836
3113836
3113836
3113836
3113836
3113836
3113836
3113836
3113836
3113836
3113836
3113836
3113836
3113836
3113836
3113836
3113836
3113836
3113836
3113836
3113836
3113836
3113836
3113836
3113836
3113836
3113836
3113836
3113836
3113836
3113836
3113836
3113836
3113836
3113836
3113836
3113836
3113836
3113836
3113836
3113836
3113836
3113836
3113836
3113836
3113836
3113836
3113836
3113836
3113836
3113836
3113836
3113836
3113836
3113836
3113836
3113836
3113836
3113836
3113836
3113836
3113840
3113840
3113840
3113840
3113840
3113840
3113840
3113840
3113840
3113840
3113840
3113840
3113840
3113840
3113840
3113840
3113840
3113840
3113840
3113840
3113840
3113840
3113840
3113840
3113840
3113840
3113840
3113840
3113840
3113840
3113840
3113840
3113840
3113840
3113840
3113840
3113840
3113840
3113840
3113840
3113840
3113840
3113840
3113840
3113840
3113840
3113840
3113840
3113840
3113840
3113840
3113840
3113840
3113840
3113840
3113840
3113840
3113840
3113840
3113840
3113840
3113840
3113840
3113840
3113840
3113840
3113840
3113840
3113840
3113840
3113840
3113840
3113840
3113840
3113840
3113840
3113840
3113840
3113840
3113840
3113840
3113840
3113840
3113840
3113840
3113840
3113840
3113840
3113840
3113840
3113840
3113840
3113840
3113840
3113840
3113840
3113840
3113840
3113840
3113840
3113840
3113840
3113840
3113840
3113840
3113840
3113840
3113840
3113840
3113840
3113840
3113840
3113840
3113840
3113840
3113840
3113840
3113840
3113840
3113840
3113840
3113840
3113840
3113840
3113840
3113840
3113840
3113840
3113840
3113840
3113840
3113840
3113840
3113840
3113840
3113840
3113840
3113840
3113840
3113840
3113840
3113840
3113840
3113840
3113840
3113840
3113840
3113840
3113840
3113840
3113840
3113840
3113840
3113840
3113840
3113840
3113840
3113840
3113840
3113840
3113840
3113840
3113840
3113840
3113840
3113840
3113840
3113840
3113840
3113840
3113840
3113840
3113840
3113840
3113840
3113840
3113840
3113840
3113840
3113840
3113840
3113840
3113840
3113840
3113840
3113840
3113840
3113840
3113840
3113840
3113840
3113840
3113840
3113840
3113840
3113840
3113840
3113840
3113840
3113840
3113840
3113840
3113840
3113840
3113840
3113840
3113840
3113840
3113840
3113840
3113840
3113840
3113840
3113840
3113840
3113840
3113840
3113840
3113840
3113840
3113840
3113840
3113840
3113840
3113840
3113840
3113840
3113840
3113840
3113840
3113840
3113840
3113840
3113840
3113840
3113840
3113840
3113840
3113840
3113840
3113840
3113840
3113840
3113840
3113840
3113840
3113840
3113840
3113840
3113840
3113840
3113840
3113840
3113840
3113840
3113840
3113840
3113840
3113840
3113840
3113840
3113840
3113840
3113840
3113840
3113840
3113840
3113840
3113840
3113840
3113840
3113840
3113840
3113840
3113840
3113840
3113840
3113840
3113840
3113840
3113840
3113840
3113840
3113840
3113840
3113840
3113840
3113840
3113840
3113840
3113840
3113840
3113840
3113840
3113840
3113840
3113840
3113840
3113840
3113840
3113840
3113840
3113840
3113840
3113840
3113840
3113840
3113840
3113840
3113840
3113840
3113840
3113840
3113840
3113840
3113840
3113840
3113840
3113840
3113840
3113840
3113840
3113840
3113840
3113840
3113840
3113840
3113840
3113840
3113840
3113840
3113840
3113840
3113840
3113840
3113840
3113840
3113840
3113840
3113840
3113840
3113840
3113840
3113840
3113840
3113840
3113840
3113840
3113840
3113840
3113840
3113840
3113840
3113840
3113840
3113840
3113840
3113840
3113840
3113840
3113840
3113840
3113840
3113840
3113840
3113840
3113840
3113840
3113840
3113840
3113840
3113840
3113840
3113840
3113840
3113840
3113840
3113840
3113840
3113840
3113840
3113840
3113840
3113840
3113840
3113840
3113840
3113840
3113840
3113840
3113840
3113840
3113840
3113840
3113840
3113840
3113840
3113840
3113840
3113840
3113840
3113840
3113840
3113840
3113840
3113840
3113840
3113840
3113840
3113840
3113840
3113840
3113840
3113840
3113840
3113840
3113840
3113840
3113840
3113840
3113840
3113840
3113840
3113840
3113840
3113840
3113840
3113840
3113840
3113840
3113840
3113840
3113840
3113840
3113840
3113840
3113840
3113840
3113840
3113840
3113840
3113840
3113840
3113840
3113840
3113840
3113840
3113840
3113840
3113840
3113840
3113840
3113840
3113840
3113840
3113840
3113840
3113840
3113840
3113840
3113840
3113840
3113840
3113840
3113840
3113840
3113840
3113840
3113840
3113840
3113840
3113840
3113840
3113840
3113840
3113840
3113840
3113840
3113840
3113840
3113840
3113840
3113840
3113840
3113840
3113840
3113840
3113840
3113840
3113840
3113840
3113840
3113840
3113840
3113840
3113840
3113840
3113840
3113840
3113840
3113840
3113840
3113840
3113840
3113840
3113840
3113840
3113840
3113840
3113839
3113839
3113839
3113839
3113839
3113839
3113839
3113839
3113839
3113839
3113839
3113839
3113839
3113839
3113839
3113839
3113839
3113839
3113839
3113839
3113839
3113839
3113839
3113839
3113839
3113839
3113839
3113839
3113839
3113839
3113839
3113839
3113839
3113839
3113839
3113839
3113839
3113839
3113839
3113839
3113839
3113839
3113839
3113839
3113839
3113839
3113839
3113839
3113839
3113839
3113839
3113839
3113839
3113839
3113839
3113839
3113839
3113839
3113839
3113839
3113839
3113839
3113839
3113839
3113839
3113839
3113839
3113839
3113839
3113839
3113839
3113839
3113839
3113839
3113839
3113839
3113839
3113839
3113839
3113839
3113839
3113839
3113839
3113839
3113839
3113839
3113839
3113839
3113839
3113839
3113839
3113839
3113839
3113839
3113839
3113839
3113839
3113839
3113839
3113839
3113839
3113839
3113839
3113839
3113839
3113839
3113839
3113839
3113839
3113839
3113839
3113839
3113839
3113842
3113842
3113842
3113842
3113842
3113842
3113842
3113842
3113842
3113842
3113842
3113842
3113842
3113842
3113842
3113842
3113842
3113842
3113842
3113842
3113842
3113842
3113842
3113842
3113842
3113842
3113842
3113842
3113842
3113842
3113842
3113842
3113842
3113842
3113842
3113842
3113842
3113842
3113842
3113842
3113842
3113842
3113842
3113842
3113842
3113842
3113842
3113842
3113842
3113842
3113842
3113842
3113842
3113842
3113842
3113842
3113842
3113842
3113842
3113842
3113842
3113842
3113842
3113842
3113842
3113842
3113842
3113842
3113842
3113842
3113842
3113842
3113842
3113842
3113842
3113842
3113842
3113842
3113842
3113842
3113842
3113842
3113842
3113842
3113842
3113842
3113842
3113842
3113842
3113842
3113842
3113842
3113842
3113842
3113842
3113842
3113842
3113842
3113842
3113842
3113842
3113842
3113842
3113842
3113842
3113842
3113842
3113842
3113842
3113842
3113842
3113842
3113842
3113842
3113842
3113842
3113842
3113842
3113842
3113842
3113842
3113842
3113842
3113842
3113842
3113842
3113842
3113842
3113842
3113842
3113842
3113842
3113842
3113842
3113842
3113842
3113842
3113842
3113842
3113842
3113842
3113842
3113842
3113842
3113842
3113842
3113842
3113842
3113842
3113842
3113842
3113842
3113842
3113842
3113842
3113842
3113842
3113842
3113842
3113842
3113842
3113842
3113842
3113842
3113842
3113842
3113842
3113842
3113842
3113842
3113842
3113842
3113842
3113842
3113842
3113842
3113842
3113842
3113842
3113842
3113842
3113842
3113842
3113842
3113842
3113842
3113842
3113842
3113842
3113842
3113842
3113842
3113842
3113842
3113842
3113842
3113842
3113842
3113842
3113842
3113842
3113842
3113842
3113842
3113842
3113842
3113842
3113842
3113842
3113842
3113842
3113842
3113842
3113842
3113842
3113842
3113842
3113842
3113842
3113842
3113842
3113842
3113842
3113842
3113842
3113842
3113842
3113842
3113842
3113842
3113842
3113842
3113842
3113842
3113842
3113842
3113842
3113842
3113842
3113842
3113842
3113842
3113842
3113842
3113842
3113842
3113842
3113842
3113842
3113842
3113842
3113842
3113842
3113842
3113842
3113842
3113842
3113842
3113842
3113842
3113842
3113842
3113842
3113842
3113842
3113842
3113842
3113842
3113842
3113842
3113842
3113842
3113842
3113842
3113842
3113842
3113842
3113842
3113842
3113842
3113842
3113842
3113842
3113842
3113842
3113842
3113842
3113842
3113842
3113842
3113842
3113842
3113842
3113842
3113842
3113842
3113842
3113842
3113842
3113842
3113842
3113842
3113842
3113842
3113842
3113842
3113842
3113842
3113842
3113842
3113842
3113842
3113842
3113842
3113842
3113842
3113842
3113842
3113842
3113842
3113842
3113842
3113842
3113842
3113842
3113842
3113842
3113842
3113842
3113842
3113842
3113842
3113842
3113842
3113842
3113842
3113842
3113842
3113842
3113842
3113842
3113842
3113842
3113842
3113842
3113842
3113842
3113842
3113842
3113842
3113842
3113842
3113842
3113842
3113842
3113842
3113842
3113842
3113842
3113842
3113842
3113842
3113842
3113842
3113842
3113842
3113842
3113842
3113842
3113842
3113842
3113842
3113842
3113842
3113842
3113842
3113842
3113842
3113840
3113840
3113840
3113840
3113840
3113840
3113840
3113840
3113840
3113840
3113840
3113840
3113840
3113840
3113840
3113840
3113840
3113840
3113840
3113840
3113840
3113840
3113840
3113840
3113840
3113840
3113840
3113840
3113840
3113840
3113840
3113840
3113840
3113840
3113840
3113840
3113840
3113840
3113840
3113840
3113840
3113840
3113840
3113840
3113840
3113840
3113840
3113840
3113840
3113840
3113840
3113840
3113840
3113840
3113840
3113840
3113840
3113840
3113840
3113840
3113840
3113840
3113840
3113840
3113840
3113840
3113840
3113840
3113840
3113840
3113840
3113840
3113840
3113840
3113840
3113840
3113840
3113840
3113840
3113840
3113840
3113840
3113840
3113840
3113840
3113840
3113840
3113840
3113840
3113840
3113840
3113840
3113840
3113840
3113840
3113840
3113840
3113840
3113840
3113840
3113840
3113840
3113840
3113840
3113840
3113840
3113840
3113840
3113840
3113840
3113840
3113840
3113840
3113840
3113840
3113840
3113840
3113840
3113840
3113840
3113840
3113840
3113840
3113840
3113840
3113840
3113840
3113840
3113840
3113840
3113840
3113840
3113840
3113840
3113840
3113840
3113840
3113840
3113840
3113840
3113840
3113840
3113840
3113840
3113840
3113840
3113840
3113840
3113840
3113840
3113840
3113840
3113840
3113840
3113840
3113840
3113840
3113840
3113840
3113840
3113840
3113840
3113840
3113840
3113840
3113840
3113840
3113840
3113840
3113840
3113840
3113840
3113840
3113840
3113840
3113840
3113840
3113840
3113840
3113840
3113840
3113840
3113840
3113840
3113840
3113840
3113840
3113840
3113840
3113840
3113840
3113840
3113840
3113840
3113840
3113840
3113840
3113840
3113840
3113840
3113840
3113840
3113840
3113840
3113840
3113840
3113840
3113840
3113840
3113840
3113840
3113840
3113840
3113840
3113840
3113840
3113840
3113840
3113840
3113840
3113840
3113840
3113840
3113840
3113840
3113840
3113840
3113840
3113840
3113840
3113840
3113840
3113840
3113840
3113840
3113840
3113840
3113840
3113840
3113840
3113840
3113840
3113840
3113840
3113840
3113840
3113840
3113840
3113840
3113840
3113840
3113840
3113840
3113840
3113840
3113840
3113840
3113840
3113840
3113840
3113840
3113840
3113840
3113840
3113840
3113840
3113840
3113840
3113840
3113840
3113840
3113840
3113840
3113840
3113840
3113840
3113840
3113840
3113840
3113840
3113840
3113840
3113840
3113840
3113840
3113840
3113840
3113840
3113840
3113840
3113840
3113840
3113840
3113840
3113840
3113840
3113840
3113840
3113840
3113840
3113840
3113840
3113840
3113840
3113840
3113840
3113840
3113840
3113840
3113840
3113840
3113840
3113840
3113840
3113840
3113840
3113840
3113840
3113840
3113840
3113840
3113840
3113840
3113840
3113840
3113840
3113840
3113840
3113840
3113840
3113840
3113840
3113840
3113840
3113840
3113840
3113840
3113840
3113840
3113840
3113840
3113840
3113840
3113840
3113840
3113840
3113840
3113840
3113840
3113840
3113840
3113840
3113840
3113840
3113840
3113840
3113840
3113840
3113840
3113840
3113840
3113840
3113840
3113840
3113840
3113840
3113840
3113840
3113840
3113840
3113840
3113840
3113840
3113840
3113840
3113840
3113840
3113840
3113840
3113840
3113840
3113840
3113840
3113840
3113840
3113840
3113840
3113840
3113840
3113840
3113840
3113840
3113840
3113840
3113840
3113840
3113840
3113840
3113840
3113840
3113840
3113840
3113840
3113840
3113840
3113840
3113840
3113840
3113840
3113840
3113840
3113840
3113840
3113840
3113840
3113840
3113840
3113840
3113840
3113840
3113840
3113840
3113840
3113840
3113840
3113840
3113840
3113840
3113840
3113840
3113840
3113840
3113840
3113840
3113840
3113840
3113840
3113840
3113840
3113840
3113840
3113840
3113840
3113840
3113840
3113840
3113840
3113840
3113840
3113840
3113840
3113840
3113840
3113840
3113840
3113840
3113840
3113840
3113840
3113840
3113840
3113840
3113840
3113840
3113840
3113840
3113840
3113840
3113840
3113840
3113840
3113840
3113840
3113840
3113840
3113840
3113840
3113840
3113840
3113840
3113840
3113840
3113840
3113840
3113840
3113840
3113840
3113840
3113840
3113840
3113840
3113840
3113840
3113840
3113840
3113840
3113840
3113840
3113840
3113840
3113840
3113840
3113840
3113840
3113840
3113840
3113840
3113840
3113840
3113840
3113840
3113840
3113840
3113840
3113840
3113840
3113840
3113840
3113840
3113840
3113840
3113840
3113840
3113840
3113840
3113840
3113840
3113840
3113840
3113840
3113840
3113840
3113840
3113840
3113840
3113840
3113840
3113840
3113840
3113840
3113840
3113840
3113840
3113840
3113840
3113840
3113840
3113840
3113840
3113840
3113840
3113840
3113840
3113840
3113840
3113840
3113840
3113840
3113840
3113840
3113840
3113840
3113840
3113840
3113840
3113840
3113840
3113840
3113840
3113840
3113840
3113840
3113840
3113840
3113840
3113840
3113840
3113840
3113840
3113840
3113840
3113840
3113840
3113840
3113840
3113840
3113840
3113840
3113840
3113840
3113840
3113840
3113840
3113840
3113840
3113840
3113840
3113840
3113840
3113840
3113840
3113840
3113840
3113840
3113840
3113840
3113840
3113840
3113840
3113840
3113840
3113840
3113840
3113840
3113840
3113840
3113840
3113840
3113840
3113840
3113840
3113840
3113840
3113840
3113840
3113840
3113840
3113840
3113840
3113840
3113840
3113840
3113840
3113840
3113840
3113840
3113840
3113840
3113840
3113840
3113840
3113840
3113840
3113840
3113840
3113840
3113840
3113840
3113840
3113840
3113840
3113840
3113840
3113840
3113840
3113840
3113840
3113840
3113840
3113840
3113840
3113840
3113840
3113840
3113840
3113840
3113840
3113840
3113840
3113840
3113840
3113840
3113840
3113840
3113840
3113840
3113840
3113840
3113840
3113840
3113840
3113840
3113840
3113840
3113840
3113840
3113840
3113840
3113840
3113840
3113840
3113840
3113840
3113840
3113840
3113840
3113840
3113840
3113840
3113840
3113840
3113840
3113840
3113840
3113840
3113840
3113840
3113840
3113840
3113840
3113840
3113840
3113840
3113840
3113840
3113840
3113840
3113840
3113840
3113840
3113840
3113840
3113840
3113840
3113840
3113840
3113840
3113840
3113840
3113840
3113840
3113840
3113840
3113840
3113840
3113840
3113840
3113840
3113840
3113840
3113840
3113840
3113840
3113840
3113840
3113840
3113840
3113840
3113840
3113840
3113840
3113840
3113840
3113840
3113840
3113840
3113840
3113840
3113840
3113840
3113840
3113840
3113840
3113840
3113840
3113840
3113840
3113840
3113840
3113840
3113840
3113840
3113840
3113840
3113840
3113840
3113840
3113840
3113840
3113840
3113840
3113840
3113840
3113840
3113840
3113840
3113840
3113840
3113840
3113840
3113840
3113840
3113840
3113840
3113840
3113840
3113840
3113840
3113840
3113840
3113840
3113840
3113840
3113840
3113840
3113840
3113840
3113840
3113840
3113840
3113840
3113840
3113840
3113840
3113840
3113840
3113840
3113840
3113840
3113840
3113840
3113840
3113840
3113840
3113840
3113840
3113840
3113840
3113840
3113840
3113840
3113840
3113840
3113840
3113840
3113840
3113840
3113840
3113840
3113840
3113840
3113840
3113840
3113840
3113840
3113840
3113840
3113840
3113840
3113840
3113840
3113840
3113840
3113840
3113840
3113840
3113840
3113840
3113840
3113840
3113840
3113840
3113840
3113840
3113840
3113840
3113840
3113840
3113840
3113840
3113840
3113840
3113840
3113840
3113840
3113840
3113840
3113840
3113840
3113840
3113840
3113840
3113840
3113840
3113840
3113840
3113840
3113840
3113840
3113840
3113840
3113840
3113840
3113840
3113840
3113840
3113840
3113840
3113840
3113840
3113840
3113840
3113840
3113840
3113840
3113840
3113840
3113840
3113840
3113840
3113840
3113840
3113840
3113840
3113840
3113840
3113840
3113840
3113840
3113840
3113840
3113840
3113840
3113840
3113840
3113840
3113840
3113840
3113840
3113840
3113840
3113840
3113840
3113840
3113840
3113840
3113840
3113840
3113840
3113840
3113840
3113840
3113840
3113840
3113840
3113840
3113840
3113840
3113840
3113840
3113840
3113840
3113840
3113840
3113840
3113840
3113840
3113840
3113840
3113840
3113840
3113840
3113840
3113840
3113840
3113840
3113840
3113840
3113840
3113840
3113840
3113840
3113840
3113840
3113840
3113840
3113840
3113840
3113840
3113840
3113840
3113840
3113840
3113840
3113840
3113840
3113840
3113840
3113840
3113840
3113840
3113840
3113840
3113840
3113840
3113840
3113840
3113840
3113840
3113840
3119567
3119566
3119565
3119564
3119560
3119555
3119059
3119620
3119049
3119045
3118915
3118527
3117423
3117425
3119865
3119069
3116832
3117428
3117427
3117422
3117421
3117424
3117419
3119008
3119009
3117418
3116433
3117416
3118964
3118963
3118962
3118961
3118960
3019185
3117545
3114920
3116453
3117417
3117415
3115037
3117466
3117467
3117464
3117465
3114922
3116921
3116018
3114905
3116827
3116826
3116825
3116824
3116823
3114919
3116926
3117396
3115048
3114921
3116925
3117413
3117412
3116924
3116815
3116813
3116814
3116812
3116811
3116810
3116816
3116922
3116923
3113644
3113643
3110778
3110780
3394602
3115046
3110879
3110880
3113739
3113741
3113740
3113738
3110483
3110518
3110481
3111808
3111807
2886926
2886926
2886926
2886926
2886926
2886926
2886926
2886926
2681598
12023
10863
2886926
2681611
2886926
10760
3101665
3071621
3071609
3071659
3071636
3071678
3071606
3071679
3071647
3071674
3071658
3071626
3071677
3071624
3071620
3071661
3071655
3071650
3071663
3071611
3071616
3071635
3071673
3071664
3071629
3071617
3071665
3071639
3071648
3071625
3071633
3071607
3071641
3071645
3071649
3071628
3071660
3071642
3071657
3071656
3071643
3071623
3071637
3071680
3071627
3071634
3071651
3071652
3071640
3071666
3071622
3071618
3071632
3071644
3071672
3071654
3071670
3071630
3071675
3071653
3071613
3071619
3071669
3071638
3071676
3071668
3071608
3071614
3071646
3071615
3071667
3071662
3071612
3071681
3071671
3071610
3071631
3111806
3111805
3109404
3110419
3110418
3110486
3110509
3110516
3110484
3110416
3110515
2681611
2681611
2681611
2681611
2681611
2681611
2681611
2681611
2681611
3110517
3114684
3104531
3108091
3110527
3108092
3110526
3110417
3110543
3110415
3110534
3110552
2696456
3108097
3108096
3110544
3110533
3110514
3113565
3113564
3113563
3113562
3113561
3113560
3113559
3113558
3113557
3113556
3113555
3113554
3113553
3113552
3113551
3113550
3113549
3113548
3113547
3113546
3113545
3113544
3113543
3113542
3113541
3113540
3113539
3113535
3113538
3113537
3113536
3113534
3113533
3113532
3113531
3113530
3113529
3113528
3113527
3113526
3113525
3113524
3113523
3113522
3113521
3113520
3113519
3113518
3113517
3113511
3113516
3113515
3113514
3113513
3113512
3113510
3113509
3113508
3113507
3113506
3113505
3113504
3113500
3113503
3113502
3113501
3113489
3113499
3113498
3113497
3113496
3113495
3113494
3113493
3110411
3110530
3110508
3116514
3110545
3111804
3111803
12392
3113350
3113349
3113354
3113353
3113352
3113351
3111469
3110555
3110554
3110546
3110550
3110108
3083271
3110548
3110553
3108955
3108958
3096073
3110506
3110507
3096152
3095964
3108904
3109000
3096258
3092179
3092178
3092177
3092176
3092175
3092174
3097458
3097457
3097456
3095669
3097470
3096153
3096622
3096133
3096003
3096078
3097445
3097444
2981545
2981546
3093940
3096122
3096123
3093887
3093939
3092170
3092169
3093951
3097469
3093929
3093930
3093914
3093947
3093946
3094855
3093888
3093933
3093924
3097437
3097436
3093892
3093891
3093890
2991262
3093889
3093917
3094918
3094853
3094854
3094853
1933093
3092754
3092672
3084962
3086988
3082396
3093950
3093639
3093916
3096151
3093941
3096150
3096145
3096147
3096148
3035392
3096149
3096146
3096143
3096144
3087168
3079971
3097491
3110777
3082893
3064292
3031943
3096171
3096170
3096169
3096168
3096167
3096172
3096174
3096173
3092344
3092642
3096138
3096141
3096140
3096139
3095171
3092641
3095168
3097013
3090778
3088121
3088877
3088876
3082892
3093925
3093928
3093927
3093926
3092584
3092583
3092555
3084965
3092556
3092553
3111733
1882400
3055449
3055450
3092552
3079686
3080770
3080769
3069516
3078579
3078577
3043905
3078569
2926085
3078570
3078571
3035386
3078576
3035367
3078573
3078580
3035393
3078578
3078575
3078574
3078572
3079683
3079665
3079684
3090677
3090680
3090679
3090678
3078665
3090831
3090830
3090829
3077152
3076194
3084964
3084964
3084964
3077150
3079657
3092638
3079663
3077114
3079656
3092605
3092604
3075320
3077795
3077794
3077793
3077807
3077792
3059065
3077791
3077806
3077790
3076821
3076820
3092597
3092596
3092592
3092591
3092595
3092594
3092593
3090672
3090673
3090671
3076812
3092603
3092601
3092600
3092599
3092598
3092602
3077135
3085092
3077134
3073608
3092589
3092590
3076809
3092268
3092267
3092266
3093645
3093646
3093644
3093648
3093647
3093650
3093649
3044212
3069509
3077828
3051764
3077827
3035375
3069510
3077826
3077825
3077824
3043910
3077823
3077822
3077821
3077820
3077819
3043904
3077818
3069519
3077817
3077816
3077815
3077814
3077813
3077829
3035372
3077812
3077811
3051767
3077810
3059064
3077809
3096985
3096984
3096983
3096986
3093732
3093731
3093730
3079608
3079609
3076807
3076808
3076801
3076800
3076795
3079562
3079561
3079560
3076798
3076793
3079565
3079564
3079563
3076791
3076790
3079574
3079573
3079572
3076780
3075958
3075960
3075444
3079587
3079586
3079585
3079584
3079583
3079582
3079581
3079580
3079579
3079578
3079577
3079576
3079602
3079601
3079600
3079599
3079598
3079597
3077247
3077246
3077245
3075951
3075954
3079605
3054435
3079604
3067296
3079603
2884424
2884424
2884424
2884424
2884424
2884424
3072841
3072837
3072833
3072849
3072840
3072848
3072845
3072847
3072834
3072836
3072844
3072843
3072842
3072835
3072846
3072839
3072838
3072850
3076548
3077604
3077603
3077602
3077601
3077600
3077599
3077598
3077597
3077596
3077595
3077594
3077593
3074847
3074846
3053650
3079607
3079606
3075856
3075855
3075854
3075866
3079559
3079558
3079557
3076594
3076593
3076592
3076591
3076590
3076589
3076588
3076586
3076585
3076584
3076583
3076582
3076581
3076580
3076579
3076578
3076577
3076575
3076574
3076573
3076572
3076571
3076570
3076569
3076568
3076567
3076566
3076602
3076601
3076600
3076599
3076598
3076597
3076587
3076576
3076565
3076564
3076563
3076562
3076561
3077274
3077273
3077272
3077271
3077270
3077269
3077268
3077267
3077266
3077265
3077264
3077263
3077262
3077261
3077260
3077259
3077258
3077257
3077256
3077255
3077254
3077253
3077252
3077251
3077250
3077249
3077248
3075857
3075860
3075950
3079530
3079529
3079528
3079527
3079526
3079525
3079524
3079523
3079522
3079521
3079520
3079519
3079518
3079517
3069508
3075187
3075192
3075190
3075193
3075189
3075188
3075191
3075186
3075185
3075184
3075182
3075179
3075180
3075181
3075183
3075108
3075107
3068537
3075145
3075144
3075143
3075142
3075146
3073017
3075095
3075094
3075081
3075080
3075110
3075109
3075136
3075135
3075041
3075042
3075043
3075075
3075074
3075072
3075076
3075073
3075079
3075078
3075077
3061987
3053879
3065431
3065430
3065432
3053864
3053654
3053653
3046823
3046822
3046821
3046820
3046819
3046818
3046817
3046816
3046815
3046814
3053878
3053877
3053876
3065243
3065244
3056366
3076128
3076135
3076127
3076136
3076137
3076129
3053870
3053259
3053258
3043566
3043580
3043579
3043578
3043577
3043576
3043575
3043574
3043573
3043572
3043571
3043570
3043569
3043568
3043567
3056217
2997400
2997402
2997401
2997403
3056380
3056378
3056379
3056377
3056604
3056603
3056602
3056601
3056489
3056492
3056606
3056600
3056599
3056598
3056597
3056596
3056595
3056594
3056491
3056490
3043584
3076824
3076823
3043593
3043592
3043591
3043590
3043589
3076825
3043587
3043586
3076822
3043583
3043621
3038271
3038275
3038276
3038779
3035937
3032373
3112592
3025409
3018284
3018284
3018284
3018284
3018284
3018283
3018283
3003717
3003716
3003794
3003797
3003796
3003795
3003613
3003612
3003614
3003615
3003742
3003743
3003744
2996073
2989751
2989752
2989760
2989759
2989758
2989757
2989756
2989755
2989754
2989753
2996048
2985647
2995629
2982921
3101607
3246724
3101606
3101605
3101604
3101603
3101602
3101601
3101600
3101599
3101598
3101597
3101596
3101595
2951336
2951335
2951334
2951333
2951332
2951341
2951340
2951339
2951338
2951337
2945893
2920964
2920967
2920962
2920963
2910786
2910785
2910784
2935085
2910940
2910939
2910938
2910937
2910936
2910935
2910934
2900296
2894347
2894348
2894725
2894724
3073016
2860969
2835943
2835944
2835942
2853265
2853267
2853266
2736343
3092526
3092525
3092524
3092523
3092522
3092521
3092520
3092519
3092518
1264700
10847
3093841
3074381
2995115
2500564
2734119
2163588
2831678
2831678
3070299
2306278
2306278
2306278
2306278
2306278
2306278
2831678
2306278
2306278
2306278
2306278
3061070
2790011
2762815
2762815
3031940
3049951
3049951
3044049
3044050
3040667
3031941
3073945
2994996
2994995
3035376
3077805
3044213
3077804
3077803
3077802
3077801
3035378
3077800
3077799
3077808
3077798
3077797
3035387
3043918
3035381
3077796
3076819
3076816
3074392
3074391
3074393
3076797
3072303
10843
3073943
3076786
3077166
3074487
3077161
3043930
3069513
3077175
3074492
3077163
3077173
3077169
3077165
3077158
3074486
3077162
3077164
3043911
3059066
3074490
3069515
3077160
3059067
3043913
3077154
3035374
3069512
3077177
3069514
3077167
3077170
3035370
3077159
3077157
3051766
3077156
3035373
3035390
3077153
3077172
3074488
3043926
3077155
3077168
3077174
3077171
3069511
3069505
3035377
3043920
3077176
3035385
3075959
3050039
3075443
3060961
3073886
3073885
3073884
3049681
3075955
3077146
3685929
3069506
3077143
3077147
3074491
3077141
3077144
3077142
3077148
3077145
2884423
3075980
2986511
2986510
2986509
2986508
2986507
2986506
3068253
3068252
3075865
3034917
3074390
3075925
3075862
3072801
3072189
3072191
3072190
3070809
3070808
3070807
3068605
3073059
3064294
3073046
3073044
3061759
3059248
3065692
3065691
3059437
3073039
3073043
3065703
3065702
3065704
3065701
3065700
3065699
3065698
3065697
3074924
3075173
3075164
3035384
3075170
3075172
3075162
3035383
3075174
3075159
3075177
3075169
3075163
3075157
3075161
3075160
3075168
3075167
3075166
3075165
3075178
3075171
3075175
3043912
3075158
3075176
3073040
3047537
3073028
3073018
3059233
3059232
3059231
3073024
3058962
3062824
3062822
3062821
3062826
3062825
3062823
3062018
3062022
3062021
3065694
3065695
3065696
3058969
3058994
3058943
3062017
3059191
3072193
3072192
3072194
3072195
3046431
3075062
3075061
3061985
3075373
3075088
3043927
3043907
3075087
3043922
3075089
3043914
3043906
3061994
3061986
3061993
3049675
3061992
3138944
3138943
3138942
3138941
3043923
3062841
3043928
3062838
3043915
3043916
3062834
3062831
3062843
3062839
3062844
3043908
3035382
3062832
3062833
3062830
3062840
3062829
3062845
3062837
3062836
3062842
3051763
3035368
3035380
3043931
3043924
3035388
3062835
3061988
3073746
3073745
3073747
3073748
3061956
3061042
3061041
3061955
3059688
3059689
3059687
3059690
3053863
3075069
3075068
3075067
3075066
3075065
3075071
3075070
3069975
3061954
3053882
3053881
3053880
3061174
3057970
3057969
3053250
3053862
3053732
3053731
3053652
3053480
2932881
3053256
3053249
3041361
3041359
3041362
3041358
3041360
3041363
3065398
3070628
3070627
3070626
3070625
3070624
3070623
3070622
3070621
3032329
3051099
3051101
3051100
3032324
3032323
3051102
3054915
3047172
3061950
3061951
3061952
2936916
3050369
3053254
3058839
3065420
3065419
3065421
3065418
3046621
3053733
3058947
3058960
3058959
3058958
3058961
3061633
3053255
3058957
3058956
3058626
3058627
3043919
3070631
3065417
3035371
3065416
3065415
3051765
3051762
3065414
3065413
3043925
3065412
3065411
3065410
3065409
3065408
3065407
3058828
3065400
3065399
3061624
3061310
3065256
3065255
3065254
3065253
3065252
3065251
3065250
3065259
3065258
3065257
3061301
3058784
3061295
3053734
3065247
3065246
3061297
3061309
3061299
3061300
3050704
3061294
3061288
3049372
2832316
3049371
3049370
3035391
3035379
2926090
3035389
3043929
3049369
3049368
3049367
3049366
3043921
2927279
3049365
2927277
3049364
3049363
3049362
3070119
3053872
3053871
3046263
3061287
2936648
3061645
2969429
3049963
3053442
3053441
3053440
3053439
3053438
3053437
3053436
3053435
3053434
3053433
3053432
3053431
3053430
3053874
3053873
3053875
3055872
3056396
3056397
3056394
3056395
3056405
3056403
3056404
3056393
3056402
3056392
3056401
3056391
3056400
3056390
3056388
3056389
3056399
3056398
3056646
3056485
3049138
3056223
3070620
3070619
3070618
3056228
3056227
3056226
3056224
3056358
3056222
3065166
3065165
3027685
3065167
3027686
3027687
3027688
3027689
3027690
2725683
3027692
2725681
3027694
3027695
3027697
3027698
3027699
3027700
3027701
3027702
3027703
3027704
3027705
3027706
3027707
3027708
3041534
3061015
3056214
3053861
3056111
3428177
3043562
3056221
3056220
3056218
3043503
3056163
3056216
3056215
3041443
3056112
3056165
3056113
3056114
3056110
3043509
3041489
3041488
3041487
3044011
3043671
3043665
3065242
3044021
3044024
3044025
3044023
3044026
3043431
3043677
3044218
3044217
3043517
3043316
3042444
3043329
3038302
3038303
3038306
3038305
3038282
3038270
3038267
3036681
3038281
3038268
3038376
3038366
3038381
3038374
3038362
3038372
3038360
3038380
3038361
3038375
2927278
3038368
2927275
3035369
3038371
3038378
3038364
2927276
3038370
3038369
3038373
3038363
3038379
3038377
3038367
3038382
3038365
3038266
3038265
3038274
3038244
3038273
3031942
3043619
3043620
3038283
3034677
3038301
3028151
3038310
3038309
3038308
3038307
3038279
3038278
3038311
3038345
3038344
3038343
3038342
3038341
3038340
3038339
3038338
3038337
3038336
3038335
3038334
3038313
3038312
3038315
3041206
3041094
3038318
3035940
3038319
3038228
3046275
3034680
3022905
3038234
3038236
3038235
3038232
3038233
3038237
3038212
3038211
2723906
3035942
3038222
3038221
3038220
3038984
3038983
3038982
3038351
3038350
3038349
3038348
3038347
3038358
3038357
3038356
3038355
3038354
3038353
3038352
3038346
3035936
3032258
3038219
3038218
3038240
3038239
3038238
3038208
3038207
3038206
3038210
3038209
3038205
3032262
3032261
3032259
3032263
3038194
3038196
3038195
3162699
3038184
3038182
3162698
3038186
3038183
3050367
3032455
3032449
3032450
3032461
3032448
3032462
3032456
3032454
3032453
3032459
3032451
3032457
3032458
3032452
3032460
3028122
3055873
3058783
3069117
666474
3028476
3028475
3028473
3028474
3027655
3027654
3027653
3027652
3027651
3027650
3027649
3027648
3027647
3027645
3027644
3027642
3027641
3027639
3027638
3027637
3027635
3027634
3027632
3027630
3027629
3027628
3027623
3027622
3027621
3027620
3027617
3027616
3027615
3027614
3027614
3027613
3027612
3027611
3027605
3027602
3027601
3027600
3027656
3027636
3027627
3027618
3027599
3027631
3027626
3027625
3027624
3027609
3027606
3027604
3027603
3027643
3027640
3027633
3027619
3027610
3027607
3027657
3027646
3027608
3023108
3023107
3023106
3023105
3023104
3023103
3023101
3023100
3023099
3023098
3023097
3023096
3023095
3023094
3023093
3023092
3023115
3023114
3023113
3023112
3023111
3023110
3023109
3023102
3023091
3432208
3430216
3430186
3018996
3050407
3050406
3050405
3017168
3015288
3015290
3041205
3050368
3047163
3003830
3003833
3003832
3003831
3003829
3003828
3003726
3003827
3003559
3003240
3003801
3003800
2996093
3003820
3003819
2994964
3043582
3043581
3044627
3233116
3233115
3233114
3432369
2995678
3043314
2986083
2986094
2986082
2986084
2996058
2986093
2986092
2986091
2986081
2986088
2986087
2986086
2986085
3043421
2832595
2832595
2985553
2986080
3041494
3041493
3041492
3041491
3041490
3428452
3042442
2981581
3041210
2972748
2972749
2972491
2972493
2972490
2972492
2978978
2981588
2981587
2981586
2981585
2981584
3032273
2961981
2961980
2945964
2951174
2951243
2951244
2945895
2951977
2951976
2951975
2951974
2951973
2951972
2951971
2951970
2951969
2951968
2951967
2951966
2951965
2932864
2928846
2928845
2928844
2928849
2928850
2928847
2928840
2928757
2923284
2908629
2911673
2890879
2877522
2876568
2873344
2861056
2851029
2849092
2849100
2836140
2836139
2692422
2301659
2301658
2301656
2301655
2301654
2301653
2301652
2301651
2301660
2301657
3075036
3075035
3074122
3063960
3063959
3057492
2979986
2979985
2979984
2979983
2979982
2979981
2979980
2979980
2979979
2979978
2979978
2979978
2979978
2979978
2979978
2979978
2979978
2979977
2979976
2979975
2979974
2979973
2979972
2979972
2979971
2979970
2979969
2979968
2979967
2979966
2979966
2979965
2979964
2979963
2979962
2979961
2979960
2979959
2979958
3040668
3018631
2789016
12022
12022
3045169
3045171
3045168
3045168
3045168
3045168
3045168
3045168
3045168
3045169
3045170
3043428
2969640
2969645
2969644
2969643
2969642
2969641
2969639
2965063
2965062
2965061
2965060
2965059
2965058
2950724
3029265
3014452
2893232
2893232
2686377
2985242
2985243
3038981
3034284
3034283
3034282
3034281
3034280
3034279
3034278
3038269
235265
3038264
3038277
3038314
215796
215796
215796
215796
215796
215796
215796
215796
215796
215796
3027683
3027682
3027681
3027684
3037703
3038230
3035950
3035949
3035948
3035947
3035946
3035944
3035945
3034915
3018029
3018028
3035801
3035943
3034862
3034861
3035894
3018531
3018530
3018529
3018528
3018527
3018526
3018525
3018524
3018523
3018522
3034860
3035938
3035932
3035931
3032371
3032374
3032378
3032379
3032369
2966626
3032412
3032359
3032370
3032413
3029070
3039823
3031246
3032414
3162697
3029074
3027357
3027982
3027981
3027980
3027979
3028214
2511832
3029069
3028143
3029571
3029570
3028140
3028123
3028121
3032257
3032256
3034917
3032418
3032423
3032422
3032419
3032421
3032420
3026128
3026122
3026127
3026126
3026125
3026124
3026123
3028120
3027985
3032416
3032415
3020453
3025445
3025422
3020854
3028911
3028910
3028909
3028908
3028907
3028906
3028905
3028904
3028903
3028902
3025494
3028901
3028900
3028899
3028898
3028897
3028896
3025420
2911644
3025418
3025411
3025402
3028192
3028191
3028190
3025413
3028490
3028489
3028488
3028487
3028486
3028485
3028484
3028483
3028482
753087
3021412
3029831
3025412
3025408
3025622
3028172
3028171
3025410
3025404
3025403
3025375
3028162
3028161
3028470
3028471
3028472
3020045
3028154
3028153
3024423
3025308
3027589
3027588
3027587
3027586
3027585
3027584
3027592
3027591
3027590
3025372
3022055
3022056
3027007
3027006
3024148
3020384
3022057
3028495
3028494
3028493
3028492
3028491
3020389
2202559
3020390
3019840
3022454
3022453
3022452
3022462
3022461
3022460
3022459
3022458
3022457
3022456
3022455
3022451
3019005
3018995
3020394
3020393
3020392
3020391
3020399
3020397
3020398
3020396
3020395
3038179
3038180
3017780
3017778
3017785
3024182
3024181
3024180
3024179
3024178
3024177
3024176
3014809
3024175
3024174
3024173
3014808
3017801
3017800
3017799
3017798
3017802
3017777
3017796
3017797
3017794
3017795
3017787
3017788
3017786
3017793
3017792
3017791
3017790
3017068
2953619
3017166
3015925
3015924
3017167
3029068
3029067
3029066
3029065
3029064
3029063
3017289
3017287
3017290
3017291
3017292
3017288
3017169
3015910
1913667
3017283
3016906
3016905
3017299
3017298
3017297
3003694
3003695
3016017
3016015
3016016
3003697
3003696
3003586
2749414
2749415
2749416
2749417
2999048
2999049
2999050
2999051
2999052
3003700
3003587
3003698
2998499
2998498
2998497
3003705
3003842
3003841
3003840
3003839
3003838
3003835
3003834
3003715
2999079
3003699
3003725
3003727
3003693
3003704
2874295
2994463
3003584
3003706
2998982
2998981
2998980
2998979
3432649
3003735
2546631
2998841
3003729
3002892
3002891
3003720
3003719
3003734
3003733
3003732
3003731
3003730
3017310
3017308
3017307
3017309
3017306
3017305
3017304
3017303
3017302
3017301
3017300
3017312
3017311
2998894
2998890
2998891
2998888
2986505
2998889
2998893
2998886
2998887
2998892
2996059
2996063
2994999
2996057
2996060
2996075
3003736
3003737
2996065
2996074
2998996
2998995
2998994
2998998
2998992
2998991
2998990
2998989
2998988
2998987
2998986
2998985
2998984
2998997
3003790
3003789
2996090
2995680
3016943
3016942
3016941
3016940
3016939
3016938
2996104
2996101
2996089
2996096
2996088
2996092
2996091
2985287
2996108
3003809
3003808
2992846
2996109
2996116
2996118
2999105
2999104
2999106
2999103
2999102
2996182
2999018
2927248
2999017
2999016
2999015
2999014
2999013
2999012
2996110
3003826
3003825
3003236
3003235
3003234
3003233
3003232
3003231
3003230
2996149
2995679
2996071
2996151
2996150
2996154
2995601
3003632
3003632
3003632
3003632
3003632
3003632
3003632
3003632
3003632
3003632
3003632
3432361
3003632
3003632
3003632
3003632
3432360
3003632
3003632
3003632
3003632
3003632
3003632
3003632
3432359
3003632
3003632
3003632
3003632
3003632
3432358
2996180
2995626
2996153
2994963
2996046
3003634
3003633
2996047
2995279
2995278
2995280
2993718
2996155
2996175
2996176
2984833
2976900
2996161
3003365
3003364
3003363
3003362
2985646
2985645
3003368
3003367
3003366
2492948
2996053
2996049
2995628
2985552
3003373
3003372
3003371
3003370
3003369
2993912
2995640
2995639
2985667
2985666
2914006
2982913
2982897
3432974
2982904
2982903
2982902
2982901
2995634
2995633
2995632
2995631
2995630
2982899
2982893
2985310
2985318
2985324
2985315
2985327
2985321
2985326
2985309
2985325
2985313
2985328
2985317
2985323
2982878
2982876
2984978
2984976
2984981
2984980
2984979
2984977
2982923
2985546
2985545
2985544
3038117
3038112
3038116
3038101
3038114
3038102
3038110
3038115
3038111
3038118
3038106
3038119
3038108
3038107
3038103
3038105
3003704
3038109
3038113
3038104
2985568
2985567
2985566
2985565
2985564
2985563
2985562
2985569
2966627
2973522
2983354
2983353
2983352
2983351
2968735
2968734
2968733
2968732
2968731
2968730
2968705
2968704
2968703
2968702
2968701
2968700
2968699
2968698
2968697
2968696
2968695
2968694
2968691
2968693
2968692
2968685
2968684
2968690
2968689
2968688
2968687
2968686
2968668
2968667
2968682
2968666
2968665
2968630
2968651
2968650
2968653
2968652
2968649
2968648
2968647
2968643
2968642
2968641
2968640
2968663
2968646
2968645
2968644
2968655
2968654
2968656
2968662
2968661
2968660
2968659
2968658
2968657
2968636
2968637
2968639
2968638
2968629
2968625
2968624
2968623
2968622
2968626
2968628
2968627
2968676
2968675
2968674
2968673
2968672
2968671
2968679
2968681
2968680
2968670
2968669
2968678
2968677
2968664
2968633
2968635
2968634
2968632
2968631
2968621
2968609
2968729
2968728
2968727
2968726
2968725
2968724
2968723
2968722
2968721
2968720
2968719
2968718
2968717
2968716
2968715
2968608
2968607
2968606
2968605
2968604
2968603
2968602
2968601
2968600
2968595
2968594
2968599
2968598
2968597
2968596
2968593
2968592
2968591
2968590
2968589
2968588
2968587
2968583
2968582
2968581
2968586
2968585
2968584
2968580
2968579
2968620
2968619
2968618
2968617
2968616
2968615
2968578
2968577
2968714
2968713
2968712
2968711
2968575
2968574
2968573
2968572
2968571
2968570
2968569
2968568
2968567
2968566
2968565
2968564
2968563
2968576
2968561
2968560
2968562
2968559
2968558
2968557
2968556
2968555
2968554
2968553
2968552
2968551
2968550
2968549
2968544
2968548
2968547
2968546
2968545
2968614
2968613
2968612
2968710
2968709
2968708
2968707
2968706
2968543
2968542
2968541
2968540
2968539
2968538
2968537
2968536
2968535
2968611
2968610
2968529
2968531
2968530
2968534
2968533
2968532
2968528
2968527
2972506
2972500
2972501
2972502
2972504
2972503
2973660
3458551
2970321
2978977
2968246
2876786
2876785
2876784
2876783
2876782
2880992
2961702
3030635
2961977
2961976
2961707
2978976
2951241
2951182
2951181
3027324
2946122
2946091
2946124
2946076
2946085
2946110
2950474
2950473
2950470
2950469
2950472
2950471
2950458
2950457
2950459
2939261
2945923
10684
2938905
2936822
2930331
2932861
2932859
2936521
2936520
2936519
2936518
2936517
2930399
2928836
2924907
2924906
2924905
2924904
2923374
2923374
2923374
2923374
3012327
3012326
3012329
3012328
2995135
3026985
3026984
3026983
3026982
3026981
3026980
3026979
3026978
3026977
2924860
2976428
2976427
2976426
2976425
2924882
2976427
2976427
2976427
2976428
2976427
2976428
2976428
2976426
2976425
2976426
2976425
2976426
2976426
2976426
2976425
2976425
2976425
2976425
2928725
2928724
2928723
2928722
2928721
2928720
2928719
2928718
2928717
2915345
2915344
2915343
2915342
2862114
2862113
2862112
2993953
2879967
2880896
2880936
2880885
2880884
1897486
154784
12023
313629
2886926
2886926
2886926
2886926
12022
2886926
2886926
2886926
2886926
10760
10863
2886926
10760
10760
10760
10760
2876724
2867297
2867296
2867299
2867298
2873346
2973720
2973719
2973718
2973717
2973716
2973715
2973726
2973727
2973728
2973723
2973722
2973721
2973725
2821255
2834877
2836077
2835899
2511833
2797315
2780166
2780170
2780167
2781360
2781359
2781358
2769357
2682571
2500580
3003628
2992789
2992788
2992787
2992786
2992785
2992784
2992783
2992782
2992781
2992780
2992779
2992778
2992777
3019910
2382092
2972851
2972842
2972853
2972801
2972843
2972794
2972804
2972790
2972845
2972849
2972787
2972798
2972805
2972792
2972847
2972840
2972802
2972803
2972806
2972800
2972799
2972823
2972814
2972828
2972848
2972846
2972850
2972812
2972835
2972824
2972838
2972793
2972832
2972831
2972789
2972833
2972830
2972839
2972795
2972821
2972791
2972829
2972837
2972815
2972825
2972808
2972820
2972819
2972811
2972813
2972797
2972810
2972809
2972816
2972817
2972818
2972852
2972854
2972841
2972826
2972822
2972827
2972807
2972788
2972796
2972834
2972844
2972836
2989512
2989511
2989513
2985665
2985664
2985663
2985662
2985661
2985660
2985659
2985658
2985651
2989509
2985561
2985604
2985294
2985293
2985295
2985551
2985550
2985650
2985649
2985648
2985655
2982224
2982224
2982223
2982920
2985654
2985653
2985652
2983360
2983361
2982919
2982917
2985632
2985631
2985630
2985629
2985619
2985613
2985610
2985628
2985627
2985626
2985625
2985624
2985623
2985622
2985621
2985620
2985618
2985617
2985615
2985616
2985614
2985612
2985611
2985609
2985608
2985607
2985606
2985605
2982916
2982915
2982905
2985549
2985548
2985444
2985443
2982171
2985286
2981567
2985657
2985656
2982898
2982896
2982894
2985311
2985308
2985314
2985320
2985330
2985316
2985319
2985322
2927294
2985329
2985331
2985312
2980552
2776771
2982892
2888520
2980088
2980089
2982872
2980500
2982875
2982871
2978124
2981540
2981580
2981578
2981577
2981566
2969440
2981574
2983323
2983322
2983321
2983324
2979363
2979362
2979361
2979360
2979359
2979358
2979357
2981568
2979356
2979355
2979354
2966628
2968818
2979353
2979352
2979345
2979344
2979343
3431425
2979341
2979340
2979339
2979351
2979350
2979349
2979348
2979347
2979346
2981551
2978502
2937734
2978501
2927239
2978500
2978499
2978498
2978497
2927284
2978496
2978495
2978494
2978493
2978492
2978491
2978490
2978489
2978488
2978487
2978486
2978485
2978484
2978483
2978482
2978481
2978480
2983350
2983349
2981549
2981550
2981554
2981564
2981553
2982033
2982032
2978503
2981552
2886926
2981548
2982834
2980087
2980086
2980085
2981543
2981541
2978981
2983357
2983358
2983355
2983356
2983359
2971099
2971102
2971105
2971100
2971109
2971101
2971106
2971108
2971104
2971103
2973662
2973661
2984975
2984974
2984973
2984972
2984971
2984970
2984969
2972465
2972464
2978980
1137744
2969441
2969442
2979597
2979596
2979595
2972496
2972495
2972494
2968431
2965213
2981625
2981625
2981625
2975530
2975529
2975536
2975535
2975534
2975533
2975532
2975531
2968382
2968248
2970491
2970490
2951360
2951359
2951358
2961682
2978979
2986142
2986141
2986143
2986144
2986145
2978975
2935441
2935440
2935439
2935438
2935437
2935436
2935435
2935434
2935433
2935432
2935431
2935430
2935429
2935428
2935427
2935426
2935425
2935424
2935423
2935422
2935421
2935420
2935419
2935418
2935417
2935416
2935415
2935414
2935413
2935412
2935411
2935410
2935409
2935408
2935407
2935406
2935405
2935404
2935403
2935402
2935401
2935400
2935399
2935398
2935397
2935396
2935395
2935394
2935393
2935392
2935391
2935390
2935389
2935388
2935387
2935386
2935385
2935384
2935383
2935382
2935381
2935380
2935379
2935378
2935377
2935376
2935375
2935374
2935373
2935372
2935371
2935370
2935369
2935368
2935367
2935366
2935365
2935364
2935363
2935362
2935361
2935360
2935359
2935358
2935357
2935356
2935355
2935354
2935353
2935352
2935351
2935350
2935349
2935348
2935347
2935346
2935345
2935344
2935343
2935342
2935341
2935340
2935339
2935338
2935337
2935336
2935335
2935334
2935333
2935332
2935331
2935330
2935329
2935328
2935327
2935326
2935325
2935324
2935323
2935322
2935321
2935320
2935319
2935318
2935317
2935316
2935315
2935314
2935313
2935312
2935311
2935310
2935309
2935308
2935307
2935306
2935305
2935304
2935303
2935302
2935301
2935300
2935299
2935298
2935297
2935296
2935295
2935294
2935293
2935292
2935291
2935290
2935289
2935288
2935287
2935286
2935285
2935284
2935283
2935282
2935281
2935280
2935279
2935278
2935277
2935276
2935275
2935274
2935273
2935272
2935271
2935270
2935269
2935268
2935267
2935266
2935265
2935264
2935263
2935262
2935261
2935260
2935259
2935258
2935257
2935256
2935255
2935254
2935253
2935252
2935251
2935250
2935249
2935248
2935247
2935246
2935245
2935244
2935243
2935242
2935241
2935240
2935239
2935238
2935237
2935236
2935235
2935234
2935233
2935232
2935231
2935230
2935229
2935228
2935227
2935226
2935225
2935224
2935223
2935222
2935221
2935220
2935219
2935218
2935217
2935216
2935215
2935214
2935213
2935212
2935211
2935210
2935209
2935208
2935207
2935206
2935205
2935204
2935203
2935202
2935201
2935200
2935199
2935198
2935197
2935196
2935195
2935194
2935193
2935192
2935191
2935190
2935189
2935188
2935187
2935186
2935185
2935184
2935183
2935182
2935181
2935180
2935179
2935178
2935177
2935176
2935175
2935174
2935173
2935172
2935171
2935170
2935169
2935168
2935167
2935166
2935165
2935164
2935163
2935162
2935161
2935160
2935159
2935158
2935157
2935156
2935155
2935154
2935153
2935152
2935151
2935150
2935149
2935148
2935147
2935146
2935145
2935144
2935143
2935142
2935141
2935140
2935139
2935138
2935137
2935136
2935135
2935134
2935133
2935132
2935131
2935130
2935129
2935128
2935127
2935126
2935125
2935124
2935123
2935122
2935121
2935120
2935119
2935118
2935117
2935116
2935115
2935114
2935113
2935112
2935111
2935110
2935109
2935108
2935107
2935106
2935105
2935104
2935103
2935102
2935101
2935100
2935099
2935098
2936648
1985715
2932672
2930316
2928440
2978919
2969245
2969245
2969245
2969238
2969238
2969238
2969236
2969244
2969233
2969241
2969232
2969246
2969246
2969242
2969242
2976424
2977802
2977801
2977799
2977798
2977797
2977796
2977795
2977794
2977800
2924911
2924910
2924913
2924912
2924909
2924908
2969245
2969245
2969245
2969245
2969245
2969245
2969245
2969245
2969245
2969245
2969245
2969238
2969238
2969238
2969238
2969238
2969238
2969238
2969238
2969238
2969238
2969236
2969236
2969236
2969236
2969236
2969236
2969236
2969236
2969236
2969236
2969236
2969236
2969236
2969236
2969236
2969234
2969234
2969234
2969234
2969234
2969234
2969234
2969234
2969234
2969234
2969234
2969234
2969234
2969234
2969231
2969231
2969231
2969231
2969231
2969231
2969231
2969231
2969231
2969231
2969231
2969231
2969231
2969231
2969231
2969231
2969231
2969231
2969231
2969244
2969244
2969244
2969244
2969244
2969244
2969244
2969244
2969244
2969244
2969244
2969244
2969233
2969233
2969233
2969233
2969233
2969233
2969233
2969233
2969233
2969233
2969233
2969233
2969233
2969233
2969233
2969233
2969233
2969233
2969233
2969233
2969233
2969233
2969233
2969233
2969233
2969233
2969233
2969233
2969230
2969230
2969230
2969230
2969230
2969230
2969241
2969241
2969241
2969241
2969241
2969241
2969241
2969241
2969241
2969241
2969241
2969241
2969241
2969241
2969241
2969241
2969241
2969241
2969241
2969241
2969241
2969241
2969241
2969241
2969241
2969241
2969241
2969232
2969232
2969232
2969232
2969232
2969232
2969232
2969232
2969232
2969232
2969232
2969232
2969232
2969246
2969246
2969246
2969246
2969246
2969246
2969246
2969246
2969246
2969246
2969243
2969243
2969243
2969243
2969243
2969243
2969243
2969243
2969242
2969242
2969242
2969242
2969242
2969242
2969242
2969242
2969242
2969242
2969242
2969242
2969242
2969242
2969242
2969242
2969242
2969242
2969242
2969242
2969242
2969242
2969242
2969242
2969242
2969242
2969240
2969240
2969240
2969240
2969240
2969240
2969240
2969240
2969239
2969239
2969239
2969239
2969239
2969239
2969239
2969239
2969239
2969239
2969239
2969239
2969237
2969237
2969237
2969237
2969237
2969237
2969237
2969237
2969237
2969237
2969237
2969237
2969237
2969237
2969237
2969235
2969235
2969235
2969235
2969235
2969235
2969235
2969235
2969235
2969235
2924881
2976430
2976429
2972868
2972867
2972870
2972869
2585741
2585741
2585741
2585741
2585741
2912293
2912300
2912299
2980505
2980504
2980503
2878264
2877935
2873401
3101622
3101621
3101620
3101619
3101618
3101617
3101616
3101615
3101614
3101613
3101612
3101611
3101610
3101609
3101608
2856997
2856996
2268615
10760
10759
2907955
2908168
10710
2072004
197783
28369
2077133
2972144
2972143
2972142
2972141
2972140
2967961
2967960
2916630
10760
10759
2907955
2575260
2420341
1837875
2666261
2963177
2963175
2963164
2963182
2963188
2963184
2963179
2963191
2963186
2963181
2963167
2963189
2963171
2963206
2963173
2963205
2963210
2963204
2963168
2963170
2963195
2963193
2963201
2963197
2963185
2963209
2963196
2963187
2963194
2963192
2963190
2963208
2963176
2963207
2963178
2963174
2963198
2963211
2963203
2963172
2963166
2963200
2963199
2963163
2963165
2963169
2963202
2963180
2963183
2886363
2886365
2898838
2898837
2898836
2898833
2898832
2973924
2975222
2974727
2973503
2973502
2973496
2973497
2974048
2974049
2927262
2927243
2974051
2974052
2974050
2927251
2927260
2974047
2927261
2950794
2972533
2972532
2973499
2973498
2970965
2972476
2972440
2972439
2973487
2972441
2972438
2973489
2973488
2972437
2972436
2972435
2972463
2972462
2972517
2972516
2972515
2927250
2950795
2972514
2972513
2972512
2972511
2972510
2972509
2927263
2972508
2972507
2969428
2970323
2969659
2970324
2970333
2969991
2969983
2970322
2927297
2970486
2927238
2970487
2970489
2926076
2970488
2927242
2970326
2970325
2970334
2970530
2970529
2970528
2970527
2970526
2970525
2970524
2970523
2970522
2970521
2970520
2970519
2970518
2970517
2970516
2970515
2970514
2970513
2970512
2970511
2970510
2970509
2970508
2970507
2968436
2968433
2968434
2968432
2965210
2965220
2965214
2965208
2927291
2965183
2927247
2927272
2965221
2965224
2927240
2965205
2965218
2965202
2965197
2927280
2965206
2926107
2927290
2965185
2965198
2965200
2927288
2927298
2965187
2927255
2965216
2965189
2965180
2965203
2965186
2927273
2965219
2965207
2965194
2965223
2927241
2965190
2965182
2965215
2927264
2965217
2965192
2965201
2965188
2965196
2965179
2965226
2965181
2965209
2927286
2965204
2965222
2965195
2927266
2965199
2927246
2965225
2965191
2965184
2965212
2927237
2926103
2965193
2965211
2926105
2970483
2968245
2968247
2972470
2972467
2972468
2972469
2968255
2969433
2986045
2759187
470865
2969992
2961714
2961844
2961841
2961845
2961843
2961839
2961840
2961719
2961842
2961718
2969610
2969605
2969615
2969619
2969618
2969608
2969607
2969614
2969613
2945963
2969611
2969617
2969612
2969603
2969602
2969616
2969609
2969606
2969604
2961990
2961989
2962600
2962599
2962598
2962601
2961710
2961713
2972387
2972386
2972385
2577028
2577028
2961985
2961984
2961703
2961709
2961988
2961987
2961708
2970338
2926089
2927258
2926082
2926104
2970335
2970336
2970337
2926096
2926081
2961705
2926098
2970348
2970355
2970354
2970349
2970356
2970353
2970350
2927268
2970351
2970352
2950328
2950327
2959430
2959429
2959431
2961688
2961683
2961681
2961685
2961686
2961974
2961975
2961687
2950793
2951191
2951196
2951193
2927299
2951207
2951205
2951204
2927259
2951206
2926102
2951208
2927283
2926086
2951185
2950302
2950309
2950300
2950306
2950303
2950301
2950305
2950304
2927252
2926093
2926101
2926100
2950307
2950308
2951199
2951198
2951632
2951200
2734642
2946014
2951227
2951201
2951183
2951202
2951233
2874860
1701806
2874871
2874870
2874870
2874855
2874858
2874888
2874889
2874879
2874856
2874857
2874874
2874861
2874875
2874853
2874882
2874877
2874881
2874854
2874892
2874883
2874884
2874886
2874859
2874873
2874876
2874863
2874862
2874885
2874887
2874880
2874878
2874893
2874872
2874852
2874891
2874890
2951234
2874865
2874864
2874868
2874869
2874866
2874867
2946013
2951255
2951235
2951239
2951236
2951240
2951410
2944657
2951242
2951248
2951247
2951253
2951252
2951251
2951250
2951249
2944653
2944654
2948596
2948609
2948603
2948608
2948595
2948606
2948607
2948611
2948605
2948593
3426612
2948601
2948602
2948598
2948610
2948597
2948600
2948604
2948599
2945904
2945959
2945958
2950782
2950756
2950781
2950780
2950779
2950778
2950777
2950775
2950774
2950773
2950772
2950771
2950770
2950769
2950768
2950767
2950766
2950764
2950763
2950762
2950761
2950760
2950759
2950758
2950787
2950786
2950785
2950784
2950783
2950776
2950765
2950757
2952612
2952612
2951273
2951269
2951275
2592658
2927265
2926095
2951271
2951268
2951267
2951270
2951265
2951274
2939735
2951266
2939733
2951272
2926091
2948589
2948587
2948588
2945892
2945715
2951263
2951262
2951264
2945961
1977402
1977402
2945902
2945960
2946096
2946117
2946092
2946119
2946118
2946098
2946123
2946097
2946113
2946087
2946112
2946086
2946111
2946077
2946102
2946121
2946120
2946095
2946101
2946094
2946093
2946125
2946080
2946105
2946079
2946104
2946103
2946078
2946114
2946100
2946088
2946084
2946099
2946083
2946109
2946108
2946116
2946090
2946115
2946089
2946107
2946082
2946081
2946106
2950466
2950468
2950467
2950465
2950464
2950463
979535
979535
2951401
2933956
2951395
2951398
2933955
2951399
2951396
2951392
2951402
2926099
2937733
2951397
2951389
2951403
2926092
2926108
2951390
2951400
2951404
2951393
2951394
2951391
2933957
2933958
2927292
2927269
2927253
2942418
2945903
2945940
2950462
2950460
2950461
2945908
2944956
2944951
2926097
2926084
2944952
2944955
2944953
2944954
2939734
2945929
2945916
2945955
2945915
2939766
2939654
2945963
2945962
2945964
2937408
2937409
2945938
2946723
2946721
2946722
2943841
2945941
2939124
2945957
2945939
2951194
2943839
2943835
2943838
2943834
2943833
2943840
2943837
2943836
2943832
2943831
2950724
2950727
2950728
2950726
2950725
2945970
2945977
2832320
2945972
2945968
2926080
2945978
2945971
2945967
2945975
2945974
2832321
2945976
2926106
2945979
2945973
2927249
2945969
2927282
2939123
2939122
2939134
2945945
2945954
2935062
2935061
2935060
2950151
2950152
2950298
2950297
2936913
2936909
2936908
2936907
2936906
2936922
2936925
2936923
2832318
2936924
2930395
2936912
2936911
2938950
2938951
2939133
2939131
2939130
2939127
2939132
2939129
2939128
2936947
2936946
2936945
2936944
2936943
2936942
2936941
2936940
2936939
2936938
2936921
2936920
2936919
2936914
2654656
2654655
2654654
2936927
2936915
2936918
2936516
2936515
2936831
2936871
2922321
2936828
2936829
2972874
2922334
2922333
2922332
2922331
2922330
2922329
2922328
2922327
2922326
2922325
2922324
2922323
2922318
2922319
2922320
2936830
2926078
2935734
2927270
2935733
2935732
2935731
2935730
2935729
2935728
2932865
2932863
2935726
2935725
2951735
2936530
2936527
2936531
2936529
2936528
2930315
2930397
2006925
2936457
2935723
2935722
2973486
2930396
2930391
2935709
2935708
2935510
2832323
2935511
2935513
2935512
2935507
2935508
2971625
2762279
2968270
2924898
2924713
2972873
2972872
2972871
2914506
2914505
2914504
2914503
2914502
2914501
2914500
2914499
2914498
2914497
2914496
2914495
2914494
2914493
2914492
2914491
2914490
2914489
2918877
2918874
2918873
2918872
2918871
2918870
2918869
2918880
2918868
2918867
2918879
2918866
2918865
2918876
2918875
2918878
2914220
2924893
2924892
3428268
2914037
2912595
2909584
2914025
2914023
2918934
2918933
2918932
2918931
2918930
2918929
2918928
2920931
2920929
2920927
2911669
2920924
2912652
2912644
2912646
2912651
2912643
2912645
2912642
2912648
2912650
2912641
2912647
2912649
2900314
2966556
2966556
2966556
2966556
2966556
2966556
2966556
2966556
2966556
2966556
2966556
2966556
2966556
2966556
2966556
2966556
2966556
2966556
2966556
2966556
2966556
2966556
2966556
2966556
2966556
2966556
2966556
2966556
2966556
2966556
2966556
2966556
2966556
2966556
2966556
2966556
2966556
2966556
2966556
2966556
2966556
2966556
2966556
2966556
2966556
2966556
2966556
2966556
2966556
2966556
2900266
2959432
2894355
2969296
2912298
2912297
2912296
2912291
2912290
2912292
2912289
2912288
2912295
2912294
2912302
2912301
2894303
2894302
2961680
2894773
2972536
2972535
2972534
2894591
2974453
2886926
2974452
2968371
2968370
2863680
2966444
2966440
2966443
2966442
2966441
2861006
2961991
2851086
2851069
2851072
2851068
2851076
2851075
2851070
2865829
2865825
2865806
2865803
2865792
2928431
2108110
2974451
2945129
2945128
2945131
2945130
2954874
2801497
2798882
2747781
2759209
2741065
2822858
2723766
2696368
2696369
2696367
2696366
2696365
2696364
2696363
2696362
2656623
2656624
2656630
2656626
2656622
2656631
2656627
2656628
2656625
2656634
2656633
2656632
2656629
2972146
2972145
2942888
2976353
2998861
2821746
2962749
2962748
2962750
2962773
2962747
10760
2848971
2922985
2912562
2912557
2912555
2912560
2912561
2912558
2912556
2912559
2912554
2891957
2891958
2891959
2891956
2891955
2904711
2904712
2904709
2904713
2904710
2899279
2899279
2899279
2899278
2899278
2899279
2936889
2936917
2937314
2936904
2936905
2936647
2932673
2933280
2933275
2927295
2935024
2927244
2927296
2927293
2927289
2927257
2928750
2927245
2926079
2935022
2935023
2930333
2932867
2932888
2935866
2930328
2930329
2932866
2932862
2930318
2932860
2907222
2930390
2930398
2928444
2930344
2930343
2930342
2930341
2930340
2930339
2930338
2928830
2928831
2928829
2922322
2930393
2930394
2926659
2930332
2930334
2930392
2924891
2924890
2924889
2924861
2928752
2924930
2928758
2928759
2928754
2928832
2928834
2926094
2928833
2927281
2924888
2924887
2923096
2924865
2923285
2924878
2924712
2918264
2924899
2924897
2924896
2924895
2928751
2924073
2924072
2924715
2923098
2923097
2924716
2923373
2924883
2928864
2928863
2928862
2928861
2928860
2928859
2917704
2917704
2917704
2924902
2924900
2924901
2924903
2924884
2924885
2927635
2920374
2924863
2923251
2927634
2923253
2924714
2924879
2923254
2923255
2923252
2925423
2915326
2915324
2915329
2915330
2915328
2915325
2915327
2915331
2915332
2918864
2918862
2918863
2908224
2917113
2914855
2914854
2914853
2914852
2914851
2914850
2914849
2914848
2914847
2914846
2914845
2914844
2914843
2914842
2914860
2927622
2918896
2918898
2918897
2914839
2924929
2924928
2924921
2924920
2924917
2924927
2924926
2924925
2924924
2924923
2924922
2924919
2924918
2924916
2913520
2914180
2914441
2911515
2914438
2914446
2914445
2914444
2914179
2914178
69613
2928727
2928726
2914174
2917416
2913092
2914171
2914172
2912627
2914173
2918517
2914169
2914166
2914168
2914167
2917333
2914036
2911511
2914035
2917160
10725
2917162
2917161
2914841
2914840
2918832
2914030
2910957
2910959
2910954
2910958
2910960
2910956
2910955
2917157
2917159
2917158
2914029
2914450
2914028
2914027
2908634
2914026
2912240
2912239
2910925
2910927
2910926
2914024
2914022
2918925
2918921
2918927
2918920
2918923
2918926
2918922
2918919
2918924
2904309
2904308
2904307
2903992
2914021
2914449
2913140
2913131
2908628
2910776
2910779
2914160
2918656
2908744
2908746
2908745
2910781
2865759
2865759
10760
10760
10760
2910781
2910781
2681598
2865759
2865759
2865759
10760
10760
10760
2910781
2910781
2910781
2681598
2865759
2163421
2909582
2909744
2909738
2909739
2909745
2909746
2909740
2909741
2909747
2909742
2909743
2908714
2908635
2908616
2908240
2909139
2910783
2914862
2914861
2920923
2920922
2920921
2920920
2911661
2910780
2909140
2911672
2906561
2906560
2910753
2914443
2914442
2917964
2917963
2911670
2914857
2914856
2911669
2910949
2910948
2910950
2910951
2908631
2908630
2918650
2918649
2918648
2918647
2901837
2910752
2913142
2911665
2911160
2911155
2911159
2911158
2911157
2911156
2911154
2911164
2911163
2911162
2911153
2911161
2885153
2909704
2909703
2911664
2901176
2910775
2906743
2906742
2920932
2920930
2920928
2917961
2917962
2908260
2904596
2911663
2913129
2913128
2861974
2861975
2911659
2912657
2912654
2912655
2912653
2912656
2912677
2912676
2910155
2911660
2911581
3071007
2911656
2900138
2905421
2900270
2900301
2909581
2900330
2910191
1541872
1541872
2900331
2900267
2902746
2900353
2900318
2901257
2898457
2832319
2832315
2900269
2832317
2832322
2900297
2902667
2902684
2902670
2902669
2906028
2900313
2900339
2900338
2900304
2900271
2900268
2926475
2910754
2910764
2910761
2910767
2910755
2910757
2910768
2910763
2910760
2910766
2910758
2910762
2910756
2910759
2910765
2912287
2900307
2929628
2894361
2906745
2906747
2906748
2906749
3004221
2906751
2906752
2906753
2906754
2906755
2906756
2906746
2894364
2894394
2894397
2894395
2894287
2894288
2894286
2894291
2894290
2894289
2876111
2895571
2895572
2895931
2895930
2895929
2895928
2895927
2895926
2895925
2895924
2895923
2895922
2895921
2895920
2895919
2895918
2895917
2895916
2895915
2895914
2895913
2895912
2895911
2895910
2895909
2895908
2895907
2895906
2895905
2895904
2895903
2895902
2895901
2895900
2895899
2895898
2895897
2895896
2895895
2895894
2895893
2895892
2895891
2895890
2895889
2895888
2895887
2895886
2895885
2895884
2895883
2895882
2895881
2895880
2895879
2895878
2895877
2895876
2895875
2895874
2895873
2895872
2895871
2895870
2895869
2895868
2895867
2895866
2895865
2895864
2895863
2895862
2895861
2895860
2895859
2895858
2895857
2895856
2895855
2895854
2895853
2895852
2895851
2894581
2894580
2880897
2894588
2894590
2894589
2880951
2880889
2880888
2893951
2893951
2893950
2893950
2893950
2877945
2875840
2875841
2875839
2877937
76933
2876085
2876083
2876086
2876084
2910156
2873403
2873409
2873408
2873407
2873406
2873405
2873404
2866765
2873450
2873449
2873448
2873444
2873447
2873446
2873445
2866661
2866664
2863271
2863269
2863268
2863267
2863266
2863265
2863264
2863276
2863275
2863274
2863273
2863272
2863270
2863263
2862739
2916975
2916976
2916977
2856860
2859519
2861289
2863840
2863839
2863838
2853169
2859073
2869554
2852111
2863148
2863152
2863151
2863150
2863149
2863842
2863843
2835949
2835950
2835948
2835947
2932851
2836076
979525
979525
979525
979525
979525
979525
979525
979525
979525
979525
979525
2856554
2812887
2812883
2815754
2812901
2812900
2812899
2814701
2814700
2814699
2803369
2814705
2814704
2814703
2814702
2801505
2801506
2801504
2797307
2796512
2796515
2805859
2795238
2924973
2801358
2801355
2801354
2801359
2801357
2801356
2849676
2776776
2776777
2321390
2746891
2744000
2764920
2764921
2764919
2764918
2764917
2764916
2764915
2736366
2736221
2736220
2736219
2736218
2736217
2736216
2736215
2736209
2736214
2736212
2736211
2736210
2736208
2713223
2713224
2686298
2686299
2686302
2686293
2686296
2686295
2686294
2686297
2913378
2884423
2906468
2906467
2906466
2881221
1810938
1810937
1810936
2915629
2781896
2777226
2777222
2777223
2777210
2777211
2777212
2777213
2777224
2777214
2777215
2777216
2777225
2777217
2777218
2777219
2777220
2777221
2717165
2899278
2899278
2899278
2899278
2899278
2899278
2899278
2899278
2899278
2899278
2899278
2899278
2899278
2899278
2899278
2899278
2899278
2899278
2899278
2899278
2899278
2899278
2899278
2899278
2899278
2899278
2899278
2899278
2899278
2899278
2899278
2899278
2899278
2899278
2899278
2899278
2899278
2899278
2899278
2899278
2899278
2899278
2899278
2899278
2899278
2899278
2899278
2899278
2899278
2899278
2899278
2899278
2899278
2899278
2899278
2899278
2899278
2899278
2899278
2899278
2899278
2899278
2899278
2899278
2899278
2899278
2899278
2899278
2899278
2899278
2899278
2899278
2899278
2899278
2899278
2899278
2899278
2899278
2899278
2899278
2899278
2899278
2899278
2899278
2899278
2899278
2899278
2899278
2899278
2899278
2899278
2899278
2899278
2899278
2899278
2899278
2899278
2899278
2899278
2899278
2899278
2899278
2899278
2899278
2899278
2899278
2899278
2899278
2899278
2899278
2899279
2899278
2899278
2899278
2899278
2899278
2899278
2899278
2899278
2899278
2899278
2899278
2899278
2899278
2899278
2899278
2899278
2899278
2899278
2899278
2899278
2899278
2899278
2899278
2899278
2899278
2899278
2899278
2899278
2899278
2899278
2899278
2899278
2899278
2899278
2899278
2899278
2899278
2899278
2899278
2899278
2899278
2899278
2899278
2899278
2899278
2899278
2899278
2899278
2899278
2899278
2899278
2899278
2899278
2899278
2899278
2899278
2899278
2899278
2899278
2899278
2899278
2899278
2899278
2899278
2899278
2899278
2899278
2899278
2899278
2899278
2899278
2899278
2899278
2899278
2899278
2899278
2899278
2899278
2899278
2899278
2899278
2899278
2899278
2899278
2899278
2899278
2899278
2899278
2899278
2899278
2899278
2899278
2899278
2899278
2899278
2899278
2899278
2899278
2899278
2899278
2899278
2899278
2899278
2899278
2899278
2899278
2899278
2899278
2899278
2899278
2899278
2899278
2899278
2899278
2899278
2899278
2899278
2899278
2899278
2899278
2899278
2899278
2899278
2899278
2899278
2899278
2899278
2899278
2899278
2899278
2899278
2899278
2899278
2899278
2899278
2899279
2899279
2899279
2899279
2899278
2899278
2899278
2899278
2899278
2899278
2899278
2899278
2014434
2881011
2897164
2824131
2886364
2893233
2893232
2831640
2900133
2900137
2900126
2902744
2902745
2902747
2832663
2900148
2900147
2900272
2902676
2902666
2902683
2902685
2902664
2902663
2902692
2902660
2902665
2902662
2902678
2902677
2902688
2902689
2902674
2902679
2902690
2902671
2902680
2902668
2902681
2902672
2902673
2902675
2902661
2902694
2902691
2902682
2902687
2902693
2900128
2900127
2897410
2900302
2894352
2894344
2894362
2894356
2894359
2894367
2894349
2810528
2894292
2894293
2894294
2894301
2894300
2890912
2894335
2894336
2894396
2894393
2894351
2894350
2894349
2893764
2894399
2894400
2894584
2894304
2894305
2894587
2894585
2883137
2894297
2894299
2894298
2885687
2894785
2894780
2894805
2894778
2894804
2894797
2894800
2894809
2894789
2894796
2894788
2894790
2894784
2894802
2894793
2894787
2894807
2894795
2894792
2894783
2894803
2894799
2894798
2894779
2894801
2894781
2894782
2894808
2894806
2894791
2894786
2894794
2894592
2894717
2894718
2884083
2894732
2894594
2894593
2875845
2875845
2875845
2875845
2875845
2875845
2875845
2875845
2875845
2875845
2894728
2894727
2894726
2894731
2894730
2894729
2880898
2880953
2880994
2880993
2880938
2880937
2880950
2885684
2885686
2885685
2885152
2885683
2894720
2894722
2894721
2894719
2894723
2880886
2880887
2880949
2886035
2886034
2886032
2886031
2886030
2878557
2880939
2894746
2894739
2894747
2894736
2894737
2894734
2894740
2894742
2894735
2894748
2894749
2894750
2894733
2894751
2894741
2894743
2894753
2894745
2894744
2894738
2894752
2894598
2894597
2894596
2894600
2894599
2894595
2886036
2886029
2886033
2875970
2875968
2875969
2875358
2878260
2878260
2878260
2878260
2878260
2878260
2876878
2877942
2875843
2875843
2878084
2878085
2877946
2872674
2880891
2880890
2883041
2883041
2877926
2886209
2886211
2886210
2877931
2880892
2880893
2875705
2876608
2876597
2880895
2880894
2884451
2884452
2884453
2851027
2851028
2885972
2885984
2885981
2885989
2885983
2885988
2885977
2885982
2885975
2885976
2885985
2885978
2885987
2885979
2885974
2885980
2885986
2885973
2876595
2876596
2890957
2886106
10863
2886926
2886926
1708400
154784
12023
145579
1897486
998086
225067
313629
270673
504346
105154
1542131
582345
2884427
2876731
2876730
2876729
2876728
2876716
2891200
2891195
2891198
2849018
2891196
2891199
2891197
2873372
2873373
2831678
2831678
2831678
2871158
2871158
2871158
2871158
2871158
2871158
2871158
2871158
2871158
2871158
2871158
2871158
2871158
2871158
2871158
2871158
2871158
2871158
2871158
2871158
2871158
2871158
2871158
2871158
2871158
2871158
2871158
2871158
2871158
2871158
2871158
2871158
2871158
2871158
2871158
2871158
2871158
2871158
2871158
2871158
2871158
2871158
2871158
2871158
2871158
2871158
2871158
2871158
2871158
2871158
2871158
2871158
2871158
2871158
2871158
2871158
2871158
2871158
2871158
2871158
2871158
2871158
2871158
2871158
2871158
2871158
2871158
2871158
2871158
2871158
2871158
2871158
2871158
2871158
2871158
2871158
2871158
2871158
2871158
2871158
2871158
2871158
2871158
2871158
2871158
2871158
2871158
2871158
2871158
2871158
2871158
2871158
2871158
2871158
2871158
2871158
2871158
2871158
2871158
2871158
2871158
2871158
2871158
2871158
2871158
2871158
2871158
2871158
2871158
2871158
2871158
2871158
2871158
2871158
2871158
2871158
2871158
2871158
2871158
2871158
2871158
2871158
2871158
2871158
2871158
2871158
2871158
2871158
2871158
2871158
2871158
2871158
2871158
2871158
2871158
2871158
2871158
2871158
2871158
2871158
2871158
2871158
2871158
2871158
2871158
2871158
2871158
2871158
2871158
2871158
2871158
2871158
2871158
2871158
2871158
2871158
2871158
2871158
2871158
2871158
2871158
2871158
2871158
2871158
2871158
2871158
2871158
2871158
2871158
2871158
2871158
2871158
2871158
2871158
2871158
2871158
2871158
2871158
2871158
2871158
2871158
2871158
2871158
2871158
2871158
2871158
2871158
2871158
2871158
2871158
2871158
2871158
2871158
2871158
2871158
2871158
2871158
2871158
2871158
2871158
2871158
2871158
2871158
2871158
2871158
2871159
2871159
2871159
2871159
2871159
2871159
2871159
2871159
2871159
2871159
2871159
2871159
2871159
2871159
2871159
2871159
2871159
2871159
2871159
2871159
2871159
2871159
2871159
2871159
2871159
2871159
2871159
2871159
2871159
2871159
2871159
2871159
2871159
2871159
2871159
2871159
2871159
2871159
2871159
2871159
2871159
2871159
2871159
2871159
2871159
2871159
2871159
2871159
2871159
2871159
2871159
2871159
2871159
2871159
2871159
2871159
2871159
2871159
2871159
2871159
2871159
2871159
2871159
2871159
2871159
2871159
2871159
2871159
2871159
2871159
2871159
2871159
2871159
2871159
2871159
2871159
2871159
2871159
2871159
2871159
2871159
2871159
2871159
2871159
2871159
2871159
2871159
2871159
2871159
2871159
2871159
2871159
2871159
2871159
2871159
2871159
2871159
2871159
2871159
2871159
2871159
2871159
2871159
2871159
2871159
2871159
2871159
2871159
2871159
2871159
2871159
2871159
2871159
2871159
2871159
2871159
2871159
2871159
2871159
2871159
2871159
2871159
2871159
2871159
2871159
2871159
2871159
2871159
2871159
2897426
2866662
2866663
2863189
2886109
2886109
2886109
2886109
2886109
2886109
2886109
2886109
2886109
2886109
2886109
2886109
2886109
2886109
2886109
2886109
2886109
2886109
2886109
2886109
2866702
2866701
2866700
2866699
2866698
2866697
2866696
2866703
2876924
2876924
2876924
2876923
2876923
2876923
2876922
2876922
2876922
2852007
2851987
2852023
2851989
2851994
2851991
2851978
2852015
2851993
2851988
2852006
2852024
2851958
2852032
3427861
2852017
2851979
2852008
2851982
2852029
2852026
2851977
2851986
2851970
2852009
2851981
2851956
2852035
2851975
2852034
2852025
2852027
2852036
3433203
2851971
2852037
2851974
2851992
2852004
2852005
2852030
2851990
2851985
2851980
2851957
2851984
2852013
2852011
2852012
2852038
2852033
2852021
2852031
2852022
2851972
2852003
2851983
2852018
2852039
2852020
2851976
2852010
2851954
2852014
2852040
2852028
2852019
2852016
2865759
2865759
2886042
2863196
2863193
2863194
2863195
2865830
2865828
2865827
2865826
2865824
2865823
2865822
2865821
2865820
2865819
2865818
2865817
2865816
2865815
2865814
2865813
2865812
2865811
2865810
2865809
2865808
2865807
2865805
2865804
2865802
2865801
2865800
2865799
2865798
2865797
2865796
2865795
2865794
2865793
2865791
2865790
2865789
2865788
2865787
2865786
2865785
2896794
2896794
2836074
1977402
1977402
1977402
1977402
2836001
2836000
2835999
2835998
2835997
2835996
2835995
2835994
2835993
2835992
2835991
2835990
2835989
2835988
2835987
2834246
2831677
2893954
2801406
2801384
2772516
2772520
3426492
2772519
2772518
2772517
2776765
2071659
2071659
2071659
2759197
2759278
2759277
2759276
2759275
2005696
2749302
2736238
2736213
2724352
2268620
2268617
2268616
2268615
2268614
2268613
2268619
2268618
2804237
2804238
2780512
2776148
2747780
2747782
2864087
2864064
2860316
2860315
2860317
2860312
2860313
2816879
38018
2879120
2802961
2802960
2704418
2899278
2899278
2899278
2899278
2899278
2899278
2899278
2899278
2899278
2899278
2899278
2899278
2899278
2899278
2899278
2899278
2899278
2899278
2899278
2899278
2899278
2899278
2899278
2899278
2899278
2899278
2899278
2899278
2899278
2899278
2899278
2899278
2899278
2899278
2899278
2899278
2899278
2899278
2899278
2899278
2899278
2899278
2899278
2899278
2899278
2899278
2899278
2899278
2899278
2899278
2899278
2899278
2899278
2899278
2899278
2899278
2899278
2899278
2899278
2899278
2899278
2899278
2899278
2899278
2899278
2899278
2899278
2899278
2899278
2899278
2899278
2899278
2899278
2899278
2899278
2899278
2899278
2899278
2899278
2899278
2899278
2899278
2899278
2899278
2899278
2899278
2899278
2899278
2899278
2899278
2899278
2899278
2899278
2899278
2899278
2899278
2899278
2899278
2899278
2899278
2899278
2899278
2899278
2899278
2899278
2899278
2899278
2899278
2899278
2899278
2899279
2899278
2899278
2899278
2899278
2899278
2899278
2899278
2899278
2899278
2899278
2899278
2899278
2899278
2899278
2899278
2899278
2899278
2899278
2899278
2899278
2899278
2899278
2899278
2899278
2899278
2899278
2899278
2899278
2899278
2899278
2899278
1915306
1915306
1915306
2849675
2853976
2876201
2875690
2867265
2876571
2876570
2876569
2872631
2872632
2873375
2873374
2873376
2872676
2872675
2873380
2873462
2873389
2873388
2873387
2875722
2875718
2875713
2875714
2875712
2875723
3458550
2872337
2870529
2873352
2873402
2873413
2873353
2873459
2873461
2873458
2873457
2873460
2873456
2873455
2873454
2873453
2873452
2873451
2871546
2871545
2871544
2871548
2871549
2871541
2871538
2871547
2871537
2871543
2871542
2871540
2871539
1332140
2873946
2873345
2873349
2873348
2873347
2867481
2867480
2867479
2867478
2867477
2867476
2867475
2810527
2867474
2867473
2867472
2867471
2867470
2867469
2867468
2872338
2866657
2866656
2746891
2873537
2873536
2873535
2873534
2873533
2873532
2873531
2873530
2873529
2873528
2873527
2873526
2873525
2873524
2873523
2873522
2866803
2866804
2879808
2876880
2863848
2863856
2863854
2863851
2863850
2863853
2863847
2863849
2863855
2863852
2863846
2871534
2871518
2871531
2871522
2871520
2871511
2871517
2871514
2871521
2871535
2871533
2871532
2871529
2871519
2871528
2871516
2857501
2871523
2871513
2871515
2871530
2871525
2871512
2871510
2871524
2871526
2871527
10760
10760
10760
10760
10760
2862775
2862774
2862773
2832341
2832338
2832340
2832339
2863833
2863832
2866659
2866660
2866684
2866685
2866687
2866686
2822590
2822590
2822590
2876925
2876925
2876925
2863830
2863831
2861008
2861009
2866159
2869574
2869573
2869572
2869571
2869570
2869569
2869568
2869567
2869566
2869565
2869564
2869563
2869562
2866691
2866690
2866695
2866689
2866694
2866693
2866692
2866688
2859072
2869558
2869557
2869559
2869547
2869549
2869546
2869551
2869544
2869560
2869556
2869553
2869545
2869543
2869555
2869550
2869548
2869552
2869561
2852114
2852103
2864367
2864367
2864367
2864367
2864367
2864367
2864367
2864367
2864367
2864367
2864367
2864367
2864367
2864367
2864367
2864367
2864367
2864367
2864367
2864367
2864367
2864367
2864367
2864367
2864367
2864367
2864360
2864361
2864368
2864366
2864365
2864364
2864363
2864362
2864369
2849016
2852115
2815610
2815644
2815643
2815642
2815609
2815641
2815640
2815639
2815638
2815637
2815636
2815635
2815634
2815633
2815632
2815608
2815607
2815631
2815630
2815629
2815628
2815627
2815626
2815625
2815624
2815623
2815606
2815622
2815621
2815620
2815619
2815605
2815618
2815617
2815616
2815615
2815614
2815613
2815612
2815611
2301647
2301647
2681598
2865759
2865759
2865759
2865759
2865759
2865759
2865759
2865759
2865759
2865759
2865759
2865759
2865759
2865759
2865759
2865759
2865759
2865759
2865759
2865759
2865759
2865759
2865759
2865759
2865759
2865759
2865759
2865759
2865759
2865759
2865759
2865759
2865759
2865759
2865759
2865759
2865759
2865759
2865759
2865759
2865759
2865759
2865759
2865759
2865759
2865759
2865759
2865759
2865759
2865759
2865759
2865759
2865759
2865759
2865759
2865759
2865759
2865759
2865759
2865759
10760
10760
10760
10760
10760
10760
10760
10760
10760
10760
10760
10760
10760
10760
10760
10760
10760
10760
10760
10760
10760
10760
10760
10760
10760
10760
10760
10760
10760
10760
10760
10760
10760
10760
10760
10760
10760
10760
10760
10760
10760
10760
10760
10760
10760
10760
10760
10760
10760
10760
10760
10760
10760
10760
10760
10760
10760
10760
10760
10760
10760
10760
2851083
2851081
2859564
2859565
2859526
2859527
2859528
2859525
2859524
2859652
2859659
2859662
2859651
2859649
2859650
2859661
2859655
2859660
2859658
2859654
2859656
2859653
2859663
2859657
2866007
2866008
2866006
2866009
2866010
979525
2836120
2863255
2863257
2863254
2863253
2863256
2863258
2863259
2863261
2863262
2863260
2876567
2859496
2859495
2859494
2859493
2842056
2842055
2859492
2859491
2859490
2859489
2859488
2859487
2836079
2836078
112596
112596
112596
112596
112596
112596
112596
112596
112596
112596
112596
112596
112596
112596
112596
112596
112596
112596
112596
112596
112596
112596
112596
112596
112596
112596
112596
112596
112596
112596
112596
112596
112596
112596
112596
112596
112596
112596
112596
112596
112596
112596
112596
112596
112596
112596
112596
112596
112596
112596
112596
112596
112596
112596
112596
112596
112596
112596
112596
112596
112596
112596
112596
112596
112596
112596
112596
112596
112596
112596
112596
112596
112596
112596
112596
112596
112596
112596
112596
112596
112596
112596
112596
112596
112596
112596
112596
112596
112596
112596
112596
112596
112596
112596
112596
112596
112596
112596
112596
112596
112596
112596
112596
112596
112596
112596
112596
112596
112596
112596
112596
112596
112596
112596
112596
112596
112596
112596
112596
112596
112596
112596
112596
112596
112596
2836087
2836080
2836086
2836088
2836085
2836084
2836083
2836082
2836081
2836089
2830470
2830470
2859294
2859294
2859294
2859294
2859294
2859294
2859294
2859294
2859294
2859294
2859294
2859294
2859294
2859294
2859294
2859294
2859294
2859294
2859294
2859294
2859294
2859294
2859294
2859294
2859294
2859294
2859294
2859294
2859294
2859294
2859294
2859294
2859294
2859294
2859294
2859294
2859294
2859294
2859293
2859293
2859293
2859293
2859293
2859293
2859293
2859293
2859293
2859293
2859293
2859293
2859293
2859293
2859293
2859289
2859289
2859289
2859289
2859289
2859289
2859289
2859289
2859289
2859289
2859289
2859289
2859289
2859289
2859289
2859289
2859289
2859298
2859298
2859298
2859297
2859297
2859297
2859297
2859297
2859296
2859296
2859296
2859295
2859295
2859292
2859292
2859292
2859292
2859291
2859290
2859364
2859362
2859357
2859353
2859352
2859349
2859348
2859347
2859345
2859344
2859343
2859342
2859341
2859334
2859327
2859322
2859321
2859320
2859314
2859313
2859308
2859304
2859303
2859300
2859299
2859361
2859360
2859359
2859358
2859346
2859339
2859338
2859337
2859336
2859335
2859333
2859332
2859331
2859330
2859329
2859328
2859326
2859324
2859323
2859319
2859318
2859317
2859316
2859315
2859312
2859311
2859363
2859356
2859355
2859354
2859351
2859350
2859340
2859325
2859310
2859309
2859307
2859306
2859305
2859302
2859301
979525
979525
979525
979525
979525
979525
979525
979525
979525
979525
979525
979525
979525
979525
979525
979525
979525
979525
979525
979525
979525
979525
979525
979525
979525
979525
979525
979525
979525
979525
979525
979525
979525
979525
979525
979525
979525
979525
979525
979525
979525
979525
2836113
2836112
2836109
2831672
2816459
2816461
2816460
2801513
2801512
2801514
2763137
2863675
2863676
2762556
2745668
2745667
2745666
2749424
2729566
2729569
2729570
2729568
2729567
10724
2692510
2653658
2653657
2872297
2872011
2870751
38018
38018
38018
38018
38018
38018
38018
38018
38018
38018
38018
38018
38018
38018
38018
38018
38018
38018
38018
38018
38018
38018
38018
38018
38018
38018
38018
38018
38018
38018
38018
38018
38018
38018
38018
38018
38018
38018
38018
38018
38018
38018
38018
38018
38018
38018
38018
38018
38018
38018
38018
38018
38018
38018
38018
38018
38018
38018
38018
38018
38018
38018
38018
38018
38018
38018
38018
38018
38018
38018
38018
38018
38018
38018
38018
38018
38018
38018
38018
38018
38018
38018
38018
38018
38018
38018
38018
38018
38018
38018
38018
38018
38018
38018
38018
38018
38018
38018
38018
38018
38018
38018
38018
38018
38018
38018
38018
38018
38018
38018
38018
38018
38018
38018
38018
38018
38018
38018
38018
38018
38018
38018
38018
38018
38018
38018
38018
38018
38018
38018
38018
38018
38018
38018
38018
38018
38018
38018
38018
38018
38018
38018
38018
38018
38018
38018
38018
38018
38018
38018
38018
38018
38018
38018
38018
38018
38018
38018
38018
38018
38018
2766990
10760
1708400
154784
12023
145579
1897486
998086
225067
313629
270673
504346
105154
1542131
582345
270673
998086
593131
1161927
10760
10667
2863679
2863681
2862950
2862736
2862735
2861366
2862737
2862717
2861003
2861000
2863279
2863278
2863277
2861001
2861002
2861055
2861054
2859059
2859060
2856178
2856177
2856175
2861004
2861007
2855484
2847766
2862998
2862997
2862996
2862995
2862994
2862993
347330
2851034
2851033
2851035
2852116
2829230
2851030
2851032
2282638
2849246
2834249
2860370
2860371
2860372
2860373
2860374
2860375
2860376
2860377
2849245
2849244
2849972
2853091
2857500
2859513
2859512
2859511
2859510
2859509
2848982
2851080
2849971
2850656
2851077
2844395
2844394
2844399
2844397
2844393
2844396
2844398
2842057
2859563
2859562
2851082
2851085
2849626
2849625
2849628
2849068
2851100
2851104
2851108
2851116
2849019
2851111
2851098
2851095
2851096
2851110
2851103
2851113
2851115
2851097
2851107
2851093
2851101
2851105
2851094
2851099
2851102
2851109
2851106
2851114
2851112
2834265
10760
10760
10760
2849079
2849080
2860997
2860996
2859636
2859632
2859633
2859635
2859638
2859637
2859634
2849081
2849096
2849097
2859518
2859517
2859481
2859480
2859479
2859478
2859477
2859476
2859475
2859474
2859473
2851026
2835927
2835926
2835891
2836122
2836121
2835941
2835940
2836043
2836051
2836045
2836047
2836048
2836044
2836050
2836052
2836042
2836041
2836046
2836049
2834971
2834970
2835638
2835890
2867278
1260287
1260286
2833445
2833444
2833443
2833442
2833441
2833440
2833439
2891525
2833438
2833432
2833431
2833430
2833429
2833428
2833427
2836075
2833876
2836053
2836069
2834266
2834249
2834268
2845817
2845816
2845814
2845815
2834267
2809056
2835961
2835956
2835951
2835959
2835955
2835962
2835958
2835953
2835957
2835952
2835963
2835965
2835964
2835954
2835960
2834247
2836137
2836129
2836136
2836135
2836134
2836125
2836133
2836130
2836132
2836131
2836128
2836127
2836138
2836126
2834248
2834269
2834250
2834259
2839956
2834257
2824964
2829386
2829394
2829388
2829393
2829396
2829387
2829395
2829398
2829389
2829392
2829390
2829397
2829391
2836072
2829146
979525
979525
979525
979525
2831177
2829846
2829847
2829845
2859284
2859282
2859281
2859285
2859283
2831181
2836097
2836091
2836096
2836101
2836103
2836094
2836092
2836093
2836098
2836100
2836099
2836090
2836095
2836104
2836102
2823683
2834256
2859246
2859247
2859245
2834253
2829408
2822583
2822582
2822581
2822580
2848885
2994057
2848883
2848882
2848887
2848886
2848884
2829145
2835935
2835934
2835936
2861059
2834252
2834275
2835896
2835892
2835897
2835895
2835893
2835894
2822579
2831179
2838911
2838912
2834254
2813838
2831170
2836117
2836111
2836110
2836105
2836108
2836115
2836118
2836107
2836116
2836106
2829367
1852639
2829366
2831670
2831171
2812440
2820456
2831178
2831169
2831680
2809057
2836025
2836008
2836021
2836017
2836019
2836022
2836016
2836026
2836012
2836014
2836020
2836010
2836013
2836015
2836024
2836011
2836018
2836007
2836023
2836009
1762013
1762013
1762013
1762013
1762013
1762013
1762013
1762013
1762013
1762013
1762013
1762013
1762013
1762013
1762013
1762013
1762013
1762013
1762013
1762013
1762013
1762013
1762013
1762013
1762013
1762013
1762013
1762013
1762013
1762013
1762013
1762013
1762013
1762013
1762013
1762013
1762013
1762013
1762013
1762013
1762013
1762013
1762013
1762013
1762013
1762013
1762013
1762013
1762013
1762013
1762013
1762013
1762013
1762013
1762013
1762013
1762013
1762013
1762013
1762013
1762013
1762013
1762013
1762013
1762013
1762013
1762013
1762013
1762013
1762013
1762013
1762013
1762013
1762013
1762013
1762013
1762013
1762013
1762013
1762013
1762013
1762013
1762013
1762013
1762013
1762013
1762013
1762013
1762013
1762013
1762013
1762013
1762013
1762013
1762013
1762013
1762013
1762013
1762013
1762013
1762013
1762013
1762013
1762013
1762013
1762013
1762013
1762013
1762013
1762013
1762013
1762013
1762013
1762013
1762013
1762013
1762013
1762013
1762013
1762013
1762013
1762013
1762013
1762013
1762013
1762013
1762013
1762013
1762013
1762013
1762013
1762013
1762013
1762013
1762013
1762013
1762013
1762013
1762013
1762013
1762013
1762013
1762013
1762013
1762013
1762013
1762013
1762013
1762013
1762013
1762013
1762013
1762013
1762013
1762013
1762013
1762013
1762013
1762013
1762013
1762013
1762013
1762013
1762013
1762013
1762013
1762013
1762013
1762013
1762013
1762013
1762013
1762013
1762013
1762013
1762013
1762013
1762013
1762013
1762013
1762013
1762013
1762013
1762013
1762013
1762013
1762013
1762013
1762013
1762013
1762013
1762013
1762013
1762013
1762013
1762013
1762013
1762013
1762013
1762013
1762013
1762013
1762013
1762013
1762013
1762013
1762013
1762013
1762013
1762013
1762013
1762013
1762013
1762013
1762013
1762013
1762013
1762013
1762013
1762013
1762013
1762013
1762013
1762013
1762013
1762013
1762013
1762013
1762013
1762013
1762013
1762013
1762013
1762013
1762013
1762013
1762013
1762013
1762013
1762013
1762013
1762013
1762013
1762013
1762013
1762013
1762013
1762013
1762013
1762013
2831174
2831681
2835984
2835983
2835982
2835986
2835981
2835980
2835979
2835978
2835977
2835976
2835975
2835974
2835973
2835972
2835971
2835985
2835970
2835969
2835968
2835967
2835966
1486428
2831679
2831678
2831671
2829800
2831176
2810369
2810370
2816462
2849099
2834981
2813347
2813345
2813338
307898
2834980
2813342
2813344
2813343
2813341
2813340
2813339
2813346
2813173
2813174
2806603
2813172
2813172
2813172
2806549
2806605
2692158
2797305
2692160
2801401
2801402
2801403
2797298
2799685
2794847
2841874
2801383
2801382
2801381
2811510
2811509
2811508
2797327
2797326
2795238
2785452
2853094
2853092
2853095
2785523
2785439
2848881
2774152
2768689
12022
2745699
2745672
2745684
2745671
2745670
2745669
2745665
2745664
2745663
2745662
2745650
2745649
2745648
2745647
2745646
2745673
2745689
2745688
2745687
2745686
2745685
2745691
2745698
2745697
2745696
2745695
2745694
2745693
2745692
2745681
2745680
2745679
2745678
2745677
2745676
2745675
2745674
2745645
2745644
2745643
2750281
2750280
2750279
2750278
2750277
2750276
3071005
2750285
2750284
2750283
2749425
2743966
2743965
2743964
2743780
2743779
2729592
2724323
2729382
2798719
2798718
2798717
2798716
2798715
2798714
2798713
2798712
2798599
2798610
2798711
2798710
2798709
2798708
2798707
2798706
2798705
2798704
2798703
2798702
2798701
2798700
2798699
2798698
2798697
2798696
2798695
2798694
2798693
2798692
2798691
2798690
2798689
2798612
2798688
2798687
2798686
2798685
2798684
2798683
2798682
2798681
2798680
2798679
2798678
2798677
2798676
2798675
2798674
2798673
2798672
2798671
2798670
2798669
2798668
2798667
2798666
2798665
2798664
2798663
2798662
2798661
2798660
2798606
2798659
2798658
2798657
2798656
2798655
2798654
2798653
2798652
2798651
2798650
2798649
2798648
2798647
2798646
2798645
2798644
2798643
2798642
2798641
2798640
2798639
2798638
2798637
2798636
2798635
2798634
2798633
2798632
2798631
2798630
2798629
2798628
2798627
2798626
2798625
2798624
2798623
2798622
2798621
2798620
2798619
2798618
2798617
2798616
2798615
2798614
2798613
2798612
2798611
2798610
2798609
2798608
2798607
2798606
2798605
2798604
2798603
2798602
2798601
2798600
2798599
2798598
2798597
2798596
2798595
2798594
12022
3071280
2656517
2656516
2656518
2591343
2070027
2795667
2795670
2795669
2795668
38018
38018
38018
38018
38018
38018
38018
38018
38018
38018
38018
38018
38018
38018
38018
38018
38018
38018
38018
38018
38018
38018
38018
38018
38018
38018
38018
38018
38018
38018
38018
38018
38018
38018
38018
38018
38018
38018
38018
38018
38018
38018
38018
38018
38018
38018
38018
38018
38018
38018
38018
38018
38018
38018
38018
38018
38018
38018
38018
38018
38018
38018
38018
38018
38018
38018
38018
2862503
38018
38018
38018
38018
38018
38018
38018
38018
38018
38018
38018
38018
38018
38018
38018
38018
38018
38018
38018
38018
38018
38018
38018
38018
38018
38018
2758660
2778586
10863
10863
200474
200474
200474
2822848
2823854
2822584
2820398
2820396
2820395
2820397
2820394
2823852
2820393
2815750
2810367
2815747
2815753
2816466
2816467
2816463
2816470
2816468
2816465
2816464
2816471
2816469
2816472
2812888
2812882
2813169
2813168
2813175
2812903
2812861
2812849
2813241
2813236
2813256
2813230
2813214
2813240
2813227
2813247
2813248
2813255
2813270
2813235
2813259
2813228
2813261
2813263
2813254
2813267
2813217
2813224
2813225
2813232
2813229
2813269
2813273
2813226
2813212
2813233
2813234
2813268
2813262
2813215
2813242
2813260
2813249
2813219
2813272
2813218
2813213
2813210
2813251
2813250
2813257
2813231
2813216
2813264
2813223
2813244
2813271
2813266
2813211
2813245
2813222
2813252
2813246
2813220
2813265
2813239
2813258
2813221
2813237
2813238
2813209
2813243
2813253
2811249
2815755
2815756
2813165
2813164
2813163
2810526
2815768
2736267
2810704
2813166
2812854
2812939
2812938
2812937
2812936
2812935
2812934
2812933
2812932
2813167
2814694
2814693
2814692
2814691
2814695
2809110
2809110
2809110
2809110
2808969
2805844
2805833
2805843
2805837
2805834
2805831
2805832
2805835
2805841
2805840
2805839
2805836
2805838
2805842
2806697
2812902
2806547
2806548
2749381
2803381
2803736
2803737
2806604
2805751
2805750
2805749
2805746
2805748
2805747
2806696
2805752
2805826
2805825
2805824
2805828
2805827
2801475
2801868
2801867
2801866
2798806
2801518
2801517
2801516
2801515
2801520
2801519
2801892
2801893
2801894
2801898
2801895
2801896
2801897
2801479
2801510
2801511
2800823
2800823
2800823
2801871
2801874
2575352
2801876
2801873
2801869
2801872
2801875
2801870
2801521
2801480
2801833
2801832
2801831
2801830
2794827
2801482
2801522
2801537
2801536
2797114
2798805
2801839
2801523
2801834
2801835
2801836
2801837
2801524
2801525
2801526
2801817
2801814
2801816
2801815
2800706
2801527
2801535
2822866
2822865
2822864
2797314
2798045
2798043
2797313
2797426
2797425
2801888
2801887
2801889
2801886
2801885
2801891
2801890
2801884
2797321
2797319
2797318
2797320
2797317
2797417
2797416
2800828
2800824
2800825
2800826
2800827
2813751
2801570
2801569
2801552
2801550
2801549
2801548
2801546
2801577
2801576
2801575
2801574
2801573
2801572
2801571
2801564
2801568
2801567
2801566
2801565
2801553
2801563
2801562
2801561
2801560
2801559
2801558
2801557
2801556
2801555
2801554
2801551
2801547
2801531
2801530
2801529
2801528
2775045
2801476
2801478
2801477
2806022
2806022
2806022
2806022
2806022
2806022
2806022
2797306
2797424
2797423
2795746
2797420
2801532
2801533
2801534
2795745
2795221
2797304
2797299
2811507
2797303
2794927
2794950
2794951
2794952
2794953
2794954
2794955
2794956
2794957
2794958
2794947
2794946
2794944
2794945
2794948
2794949
1762013
1762013
1762013
1762013
1762013
1762013
1762013
1762013
1762013
1762013
1762013
1762013
1762013
1762013
1762013
1762013
1762013
1762013
1762013
1762013
1762013
1762013
1762013
1762013
1762013
1762013
1762013
1762013
1762013
1762013
1762013
1762013
1762013
1762013
1762013
1762013
1762013
1762013
1762013
1762013
1762013
1762013
1762013
1762013
1762013
1762013
1762013
1762013
1762013
1762013
1762013
1762013
1762013
1762013
1762013
1762013
1762013
1762013
1762013
1762013
1762013
1762013
1762013
1762013
1762013
1762013
1762013
1762013
1762013
1762013
1762013
1762013
1762013
1762013
1762013
1762013
1762013
1762013
1762013
1762013
1762013
1762013
1762013
1762013
1762013
1762013
1762013
1762013
1762013
1762013
1762013
1762013
1762013
1762013
1762013
1762013
1762013
1762013
1762013
1762013
1762013
1762013
1762013
1762013
1762013
1762013
1762013
1762013
1762013
1762013
1762013
1762013
1762013
1762013
1762013
1762013
1762013
1762013
1762013
1762013
1762013
1762013
1762013
1762013
1762013
1762013
1762013
1762013
1762013
1762013
1762013
1762013
1762013
1762013
1762013
1762013
1762013
1762013
1762013
1762013
1762013
2796496
2803186
2796517
2796513
2793704
2793705
2792036
2793701
2793695
2793694
2793699
2793706
2793702
2793703
2793700
2793708
2793696
2793698
2793707
2793697
2793677
2801387
2801386
2801385
2797408
2797407
2796502
2796524
2796523
2796522
2796521
2796520
2796519
2796518
2796500
2796514
2794848
2796499
10760
10760
2801366
2801364
2801368
2801367
2801365
2800822
2799684
2794891
2796516
2796498
2785444
2782564
2794959
2805032
2805031
2805030
2805029
2805028
2805027
2805026
2805025
2805024
2805022
2805021
2805020
2805019
2805018
2805017
2805016
2805015
2801366
2801364
2801368
2801367
2805023
2805014
2801365
2805026
2805022
2805016
2805015
2801366
2801368
2801367
2797323
2797324
2783667
2794941
2781113
2781364
2781365
2781363
2790994
2791000
2790985
2790984
2790990
2790983
2790989
2790987
2791003
2790993
2790995
2790992
2790988
2790991
2790986
2777325
2777332
2777327
2777328
2777331
2777330
2777329
2777324
2777326
2777322
2777323
2813301
2813301
2777321
2777370
2777365
2591375
2777348
2777364
2591374
2777363
2777371
2777369
2777368
2777361
2777353
2777362
2777360
2777359
2777352
2777351
2777349
2777347
2777372
2781608
2781607
2799672
2770327
2776771
2777230
2777229
2776752
2766704
2761708
2776772
2776820
2776819
2776818
2776817
2768128
2768129
2782522
2782523
2782524
2762285
2794377
2794376
2794375
2794374
2794373
2794372
2794371
2794370
2794369
2794368
2794367
2794366
2794365
2794364
2794363
2794362
2794361
2794360
2769573
2769808
2769807
2767196
2767195
2767194
2759196
2759186
2759208
2759207
2759178
2759131
2736296
2731695
2723774
2723773
2723772
2723771
2723770
2723769
2724311
2814919
2723903
2723902
2723900
2723901
2723899
2723898
2723897
2723893
2711185
2711184
2711183
2711182
10760
28358
10760
1239382
2163976
1932883
1176765
1897434
10759
1897431
674082
532077
47049
532078
1852627
532075
1755695
1410331
644563
979536
979537
329886
588068
988656
1647385
1498172
1542498
1560284
1636249
418443
881915
1406779
943335
1873949
1100790
1437329
1784981
1701809
1927013
1141132
1206556
10760
1147042
10760
10760
1337877
1337877
1337877
1337877
1337877
1337877
1337877
2509579
2509572
2509757
2509768
2509770
2509783
2509727
2509728
2509593
2509592
2509735
2509748
2509751
2509591
2509590
2509589
2509773
2509769
2509774
2509744
2509732
2509738
2509736
2509730
2509588
2509587
2509753
2509752
2509586
2509585
2509729
2509784
2509742
2509734
2509749
2509746
2509747
2509785
2509763
2509756
2509725
2509764
2509739
2509726
2509743
2509750
2509584
2509583
2509582
2509788
2509782
2509581
2509731
2509737
2509733
2509745
2509741
2509740
2509580
2509780
2509779
2509778
2509578
2509577
2509776
2509576
2509575
2509574
2509573
2509767
2509765
2509777
2509775
2509772
2509571
2509570
2509787
2509786
2509569
2509781
2509771
2509568
2509567
2509754
2509566
2509565
2509564
2509563
2509562
2509561
2509560
2509559
2509558
2509557
2509762
2509766
2509556
2509758
2509555
2509761
2509760
2509759
2509554
2509755
2698726
2712945
2712944
2712966
2709316
2709317
2591344
2592193
2510450
10760
10760
10760
10760
10760
10760
2762838
2762836
2762841
2762833
2762840
2762834
2762835
2762839
2762837
2762830
2762831
2762832
2762824
2762826
2762827
2762825
2762828
2762820
2762813
2762829
2762814
2762815
2762821
2762822
2762819
2762812
2762811
2762810
2762823
2762809
2822680
2816871
2803888
2803888
2803888
2803888
2803888
2803888
2803888
2803888
2803888
2803888
2803888
2803888
2803888
2803888
2803888
2803888
2803888
2803888
2803888
2803888
2803888
2803888
2803888
2803888
2803888
2803888
2803888
2803888
2803888
2803888
2803888
2803888
2803888
2803888
2803888
2803888
2803888
2803888
2803888
2803888
2803888
2803888
2803888
2803888
2803888
2803888
2803888
2803888
2803888
2803888
2803888
2803888
2803888
2803888
2803888
2803888
2803888
2803888
2803888
2803888
2803888
2803888
2803888
2803888
2803888
2803888
2803888
2803888
2803888
2803888
2803888
2803888
2803888
2803888
2803888
2803888
2803888
2803888
2803888
2803888
2803888
2803888
2803888
2803888
2803888
2803888
2803888
2803888
2795294
2785744
2725865
2725864
2583037
2802443
2807649
2814453
2801346
2801343
2782719
2782718
2770617
2770616
2770615
2508208
2785525
2783565
2783564
2783563
2783562
2783561
2783560
2783559
2783558
2781361
2789812
2789809
2789811
2789810
2783669
2783540
2783541
2783543
2783542
2782565
2783674
2783673
2783539
2787015
2787014
2744409
2744409
2783668
2781373
2781362
2783550
2783549
2783552
2783551
2783548
2783547
2783546
2783545
2783544
2781370
2781369
2781368
2777407
2777406
2777405
2777404
2777403
2777402
2777401
2777400
2777399
2777398
2777397
2777396
2777395
2777394
2777393
2777392
2777391
2777390
2777389
2777388
2777387
2777386
2777385
2777384
2777383
2777382
2777320
2777319
2777318
2777381
2777380
2777379
2777378
2777377
2777376
2777375
2777374
2777373
2777301
2777300
2770078
2777311
2777309
2777313
2777312
2777310
2681598
2772610
2776769
2776845
2776838
2776848
2776844
2776843
2776847
2776837
2776846
2776842
2776841
2776839
2776840
2776735
2776734
2771350
2776766
2769337
2768775
2768774
2768773
2776831
2776830
2763103
2763102
2763101
2769326
2776770
2776767
2776823
2776822
2776821
2650876
2765371
2767198
2776816
2776815
2776725
2768140
2768138
2768142
2768137
2768133
2768141
2768139
2768136
2768135
2768134
2776814
2776813
2776861
2776871
2776873
2776849
2776855
2776862
2776867
2776880
2776875
2776866
2776850
2776853
2776870
2776882
2776872
2776879
2776874
2776881
2776876
2776859
2775043
2776869
2776856
2776851
2776877
2776852
2776864
2776865
2776860
2776878
2776863
2776858
2776854
2776868
2776857
2763528
2763527
2763526
2763525
2763524
2763523
2763522
2763521
2763520
2763519
2775261
2776807
2736188
2767513
2762278
2769335
2769334
38018
38018
38018
38018
38018
38018
38018
2775262
2769806
2769805
2772019
2772018
2772017
2772016
2772015
2772023
2772025
2772030
2772022
2772021
2772031
2772028
2772024
2772027
2772032
2772029
2772020
2772026
2746235
2769332
2769331
2769330
2762667
2762279
2762303
2762303
2762304
2759204
2759205
2759210
2759206
2759203
2759202
2763530
2763531
2763532
2763529
2756144
2762394
2762393
2762386
2762389
2762390
2762391
2762392
2762395
2756145
2759397
2759398
2759394
2759388
2759395
2759396
2759387
2759393
2759392
2759391
2759390
2759389
2759201
2759199
2759200
2772057
2772056
2772055
2769358
2769359
2759198
2771289
2771290
2759217
2759216
2759710
2759716
2759715
2759714
2759731
2759730
2759729
2759728
2759727
2759726
2759725
2759724
2759713
2759732
2759723
2759722
2759721
2759720
2759709
2759719
2759718
2759712
2759711
2759219
2759218
2759194
2759195
2772447
2772448
2759212
2759211
2974900
2762409
2762408
2762404
2762396
2762402
2762405
2762403
2762398
2762400
2762399
2762397
2762401
2762406
2762407
2748688
2759193
2740182
2740181
2740180
2739834
2739833
2762289
2762290
2762288
2762287
2762431
2762430
2762429
2762428
2762427
2762426
2759192
2767570
2767571
2767576
2767572
2767574
2767575
2767573
2767587
2767584
2767585
2767586
2767588
2767589
2767583
2767578
2767581
2767582
2767580
2767577
2767579
2759272
2767563
2767559
2767568
2767553
2767565
2767560
2767569
2767562
2767558
2767561
2767554
2767555
2767566
2767567
2767564
2767556
2767557
2750849
2750856
2750850
2750851
2750846
2750847
2750848
2750852
2750853
2750854
2750857
2750858
2767552
2767551
2767550
2767549
2767548
2767547
2759465
2759464
2755143
2759188
2767544
2767545
2767546
2749412
2749668
2761108
2761110
2761109
1460367
1460366
1460364
1460363
1460362
1460361
2759381
2759380
2746072
2754975
2759180
2759179
2759177
2759182
2762280
2762282
2762283
2762281
2743403
2759461
2759460
2759459
2759458
2759457
2759456
2759463
2743404
2759455
2759462
2759454
2759453
2759452
2759451
2762671
2762672
2762669
2762670
2749186
2759214
2759213
2762422
2762410
2762424
2762414
2762412
2762415
2762421
2762417
2762419
2762425
2762423
2762416
2762420
2762418
2762413
2762411
2759599
2749428
2733869
2759125
2742446
2749427
2749430
2759335
2759334
2746075
2586961
2586960
2586959
2586958
2586957
2749426
2749429
1883368
2764993
2764992
2565711
2764991
2764990
2764987
2764986
2764985
2764984
2764983
2764982
2764981
2764980
2764978
2764977
2764976
2764975
2764974
2764973
2764972
2764971
2764970
2764968
2764967
2764966
2764965
2764964
2764963
2764962
2764961
2764960
2764959
2764958
2764957
2764956
2764955
2764954
2764953
2764989
2764988
2764979
2764969
2764952
2745703
2703960
2758313
2758312
2764951
2764950
2764949
2736632
2707030
2744012
2707031
2744004
2744005
2744007
2744008
2744006
2744009
2744010
2744011
2744003
2742108
2748341
2744002
2740427
2744001
2743984
2743983
2743995
2743994
2743992
2743997
2743991
2743996
2743982
2743985
2743989
2743993
2743987
2743986
2743988
2743998
2743999
2743990
2743967
2743970
2743969
2744802
2743845
2743915
2743928
2743924
2743923
2743922
2743919
2742107
2743911
2743910
2743916
2743927
2743904
2743908
2743934
2743913
2743918
2743905
2743914
2743931
2743925
2743917
2743906
2743929
2743903
2743932
2743930
2743920
2743912
2743921
2743933
2743909
2743907
2743901
2743900
2743899
2743898
2743897
2743896
2743895
2743894
2743893
2743892
2743891
2743890
2743889
2743888
2743887
2743886
2743885
2743884
2743883
2743882
2743881
2743880
2743879
2743878
2743877
2743876
2743875
2743874
2743873
2743872
2743871
2743870
2743869
2743868
2743867
2743866
2743865
2743864
2743863
2743862
2743861
2743860
2743859
2743858
2743857
2743856
2743855
2743854
2743853
2743852
2743851
2743850
2743849
2743848
2743847
2743846
2743842
2743840
2743839
2743838
2743837
2743836
2743835
2743834
2743833
2743832
2743831
2743830
2743828
2743827
2743825
2743824
2743823
2743822
2743821
2743820
2743819
2743818
2743817
2743816
2743814
2743813
2743812
2743810
2743809
2743808
2743807
2743806
2743805
2743802
2743801
2743800
2743799
2743798
2743796
2743794
2743793
2743792
2743791
2743790
2743789
2743788
2743787
2743786
2743785
2743784
2743783
2743782
2743841
2743829
2743826
2743815
2743811
2743804
2743803
2743797
2743795
2743781
2743960
2743961
2743962
2750264
2743939
2743937
2743940
2743938
2743936
2743844
2735301
2743843
2735300
2736280
2762666
2736365
2736256
2736235
2736234
2736233
2736232
2736231
2736230
2736229
2736228
2736227
2736226
2736225
2736224
2736223
2735534
2735533
2735532
2735535
2711163
2711164
2711165
2736205
2735531
2736195
2755402
2755401
2726969
2726968
2768772
2729638
2729638
2729638
2729638
2729638
2729638
2729638
2729638
2729638
2729638
2729638
2729639
2729639
2729639
2729632
2729632
2748378
2729639
2729639
2729639
2729632
2729631
2729631
2729631
2729631
2729639
2729639
2655021
2655021
2655021
2655021
2655021
2655021
2655021
2655021
2655021
2655021
2729631
2729631
2655021
2655021
2729639
2729639
2748378
2748378
2743525
2723763
2723892
2723909
2723910
2723905
2724331
2724332
2723960
2716170
2719181
2710519
2710518
2710517
2710516
2710515
2710514
2710513
2710512
2710511
2710510
2710509
2710508
2710507
2710506
2710505
2710504
2710503
2710502
2710501
2710500
2710499
2710498
2710497
2710496
2710495
2710494
2710493
2732254
2759121
10710
2712941
2696355
2759120
2686378
2686434
2686433
2686432
2686431
2686436
2686435
2686300
2686301
2686426
2759119
2686373
2686376
2686375
2686374
2686377
2686372
2686238
2766968
2663169
2663168
2663167
2743776
2743777
2739754
2739753
2739752
2739751
2608403
2653705
2653706
2718474
2718473
2664409
2664408
2664407
2664406
2664405
2664404
2664403
2664402
2664401
2664400
2664399
2664398
2664397
2664396
2664395
2664394
2664393
2664392
2664391
2664390
2664389
2664388
126989
2601671
2601672
2601675
2593324
2593331
2591410
2591401
2604904
2565711
2565710
2565709
2565706
2565705
2565704
2565703
2565702
2565701
2565699
2565698
2565708
2565707
2565700
2492468
2492467
2492466
2282399
2182340
2036701
2024003
10760
12022
28358
10760
12022
10760
10760
10760
10760
10760
10760
2697095
2697092
2742446
2736932
2736933
2736930
2736913
2721556
2697093
2697094
2697091
2697090
2785386
2785385
2785801
2771379
2766478
2751392
2751389
2751388
2751385
2751381
2751379
2751375
2741341
2746928
2725867
2725866
2716322
1907173
112596
112596
112596
112596
112596
112596
112596
1262524
2779655
2753656
219292
2749259
2730537
2736817
2699794
2730535
2315797
2137351
2730536
2736651
2740745
2736274
2736264
2736262
2736265
2736263
2736261
2736266
2736275
2734809
2734808
2736268
2736270
2736269
2736271
2736273
2736272
2736279
2736288
2736286
2736287
2736340
2736339
2736338
2736337
2736336
2736335
2736334
2736333
2736332
2736331
2736330
2736329
2736328
2736327
2736326
2736325
2736324
2736323
2736322
2736321
2736320
2736319
2736318
2736317
2736316
2736315
2736314
2736313
2736312
2736311
2736310
2736309
2736308
2736307
2736306
2736305
2736304
2736303
2736341
2697238
2736364
2736260
2735125
2736347
2736346
2736258
2736257
2733395
2736259
2736239
2736236
2736186
2736222
2736185
2736204
2736202
2736200
2736198
2736197
2736203
2736201
2736199
2736196
2736190
1480731
2848074
2736194
2736189
2736188
2729541
2736183
2736182
2736181
2729191
2729539
2729542
2729575
2729574
2729545
2725754
2725750
2725755
2725753
2725752
2725751
2729190
2729189
2725649
2725652
2725651
2725609
2725650
2725612
2725648
2725607
2725606
2725605
2725604
2725603
2725647
2725646
2725645
2725644
2725643
2725642
2725641
2725640
2725639
2725638
2725637
2562366
2725636
2725635
2725634
2725633
2725632
2725608
2725631
2725630
2725615
2725629
2725614
2725628
2725627
2725613
2725626
2725625
2725624
2725623
2725622
2725621
2725620
2725619
2725618
2725617
2725616
2724309
2723761
2723754
2723762
2724322
2723759
2723758
2723727
2723726
2721760
2723906
2723743
2723742
2723894
2724308
2720215
2724310
2723938
2723937
2723990
2847815
2723904
2716729
2716727
2716728
2718941
2718942
2718943
2723755
2723907
2908167
2719567
2719180
2724327
2724326
2724325
2719835
2719838
2719837
2719836
2714736
2714735
2723239
2723241
2723240
2723238
2723243
2723245
2723248
2723244
2723242
2723249
2718947
2719601
2719600
2719597
2719596
2719595
2719608
2719599
2719607
2719611
2719610
2719609
2719606
2719605
2719604
2719603
2719602
2719598
2719594
2719593
2719592
2719199
2719198
2719196
2719195
2719194
2719193
2719192
2719191
2719190
2719189
2719188
2719187
2719186
2719185
2719184
2719183
2719200
2719197
2719206
2719203
2719204
2719209
2719208
2719210
2719212
2719202
2719205
2719207
2714184
2719574
2719573
2719572
2719570
2719569
2719576
2719575
2719571
2719568
2711181
2711180
2711179
2711178
2711177
2711176
2711175
2711174
2711173
2711172
2711171
2711170
2711169
2713145
2713155
2713154
2713210
670252
2713031
2713030
2713029
2713028
2713027
2713026
2713025
2713024
2713023
2713022
2713021
2713020
2713019
2713018
2713017
2713016
2713015
2713014
2713013
2713012
2713011
2713010
2712940
2713250
2713289
2713320
2713302
3430068
2713304
2713310
2713306
2713278
2713303
2713292
2713273
2713283
2713281
2713274
2713301
2713314
2713318
2713298
2713277
2713309
2713284
2713300
2713323
2713322
2713288
2713279
2713299
2713317
2713313
2713280
2713296
2713305
2713325
2713326
2713297
2713285
2713308
2713311
2713324
2713315
2713294
2713328
2713290
2713287
2713275
2713282
2713316
2713307
2713327
2713286
2713295
2713321
2713293
2713291
2713312
2713276
2712943
2712957
2712956
2712958
2713269
2713261
2713260
2713259
2713256
2713258
2713268
2713267
2713266
2713257
2713265
2713264
2713263
2713262
2709754
2681195
2732255
2713242
2713244
2713245
2713246
2713247
2713248
2713249
2713243
2713217
2706778
2712933
2712935
2712932
45332
10863
10863
10760
10760
12023
12022
12023
12022
12023
12022
10760
10760
10760
10760
10760
10759
10760
31534
2712942
2708562
2713205
2712961
2712960
2712962
2735171
2696679
2713222
2715931
2708629
2708631
2592660
2708634
2708633
2708630
2708632
2708592
2712938
2704027
2704028
2704028
2704028
2681675
2681674
2705110
2704040
2704036
2704042
2704037
2704038
2704034
2704043
2704033
2704041
2704039
2704035
2704044
2696354
2696345
2590048
2696344
2697536
2697539
2697540
2697538
2697537
2696340
2704031
2698976
2698975
2698955
2698954
2698918
2698974
2698973
2698913
2698981
2698912
2698979
2700090
2698911
2698910
2698909
2698908
2698907
2698906
2698905
2698904
2700089
2698980
2698959
2301646
2698953
2698997
2698952
2698968
2698963
2698993
2698934
2698958
2698951
2698996
2698965
2698967
2698992
2698991
2698972
2698971
2698970
2698933
2698995
2698950
2698940
2698966
2698969
2698949
2698948
2698990
2698947
2698946
2698945
2698944
2698943
2698994
2698962
2698939
2698930
2698929
2698928
2698927
2698926
2698925
2698924
2698923
2698922
2698921
2698989
2698917
2698916
2698915
2696339
2584979
2832643
2832643
2832643
2832643
38018
38018
2832643
2832643
2832643
2832643
2832643
2832643
2832643
2832643
2832643
38018
2832643
38018
2832643
2832643
38018
2832643
38018
38018
38018
2832643
38018
38018
38018
2832643
2832643
38018
38018
2832643
38018
38018
38018
2832643
2832643
2832643
2832643
2832643
2832643
2696425
2696411
2696435
2696383
2696453
2696434
2696438
2696394
2696449
2696430
2696450
2696404
2696441
2696456
2696461
2696392
2696388
2696448
2696380
2696379
2696419
2696427
2696416
2696386
2696439
2696433
2696444
2696459
2696447
2696421
2696390
2696385
2696395
2696455
2696398
2696387
2696413
2696377
2696452
2696415
2696429
2706841
2696391
2696417
2696393
2696454
2696396
2696457
2696440
2696389
2696407
2696402
2696414
2696432
2696409
2696451
2696428
2696397
2696408
2696378
2696375
2696423
2696462
2696446
2696420
2696437
2696443
2696384
2696400
2696410
2696445
2696424
2696422
2696436
2696403
2696406
2696442
2696412
2696426
2696376
2696431
2696418
2696460
2696381
2696401
2696399
2696458
2696405
2686380
2686386
2686381
2686385
2686383
2686382
2686384
2686379
2686438
2686312
2686313
2686311
2686310
2686291
2686200
2691085
2690212
2682812
2675228
2719179
2664209
2664208
2660715
2662296
2660688
2507835
2507835
2662136
2737665
2653640
2653659
2600100
2650663
2650662
2650664
2608299
2601637
3042124
2601647
2593329
2601610
2596712
2591418
2591417
2591416
2591415
2591414
2591413
2591412
2591426
2591425
2591424
2591423
2591422
2591421
2591420
2591419
2591411
2577028
2591106
2591105
2580395
2591037
2591036
2591035
2604903
2588487
2575342
2575350
2575349
2575348
2575346
2575352
2575351
2575347
2575345
2575343
2575344
2575341
2575339
2575338
2575340
2562112
2848097
2562463
2544920
239364
239364
239364
239364
239364
239364
239364
239364
239364
239364
239364
239364
239364
239364
239364
239364
239364
239364
239364
239364
239364
239364
239364
239364
239364
239364
239364
239364
239364
239364
239364
239364
239364
239364
239364
239364
239364
239364
239364
239364
239364
239364
239364
239364
239364
239364
239364
239364
239364
239364
239364
239364
239364
239364
239364
239364
239364
239364
239364
239364
239364
239364
239364
239364
239364
239364
239364
239364
239364
239364
239364
239364
239364
239364
239364
239364
239364
239364
239364
239364
239364
239364
239364
239364
239364
239364
239364
239364
239364
239364
239364
239364
239364
239364
239364
239364
239364
239364
239364
239364
239364
239364
239364
239364
239364
239364
239364
239364
239364
239364
239364
239364
239364
239364
239364
239364
239364
239364
239364
239364
239364
239364
239364
239364
239364
239364
239364
239364
239364
239364
239364
239364
239364
239364
239364
239364
239364
239364
239364
239364
239364
239364
239364
239364
239364
239364
239364
239364
239364
239364
239364
239364
239364
239364
239364
239364
239364
239364
239364
239364
239364
239364
239364
239364
239364
239364
239364
239364
239364
239364
239364
239364
239364
239364
239364
239364
239364
239364
239364
239364
239364
239364
239364
239364
239364
239364
239364
239364
239364
239364
239364
239364
239364
239364
239364
239364
239364
239364
239364
2305489
2305488
2305487
2305486
2305485
2305484
2305483
2305482
2305480
2847818
10760
10759
1161927
504346
578234
578234
10760
45332
2699877
2743402
2742114
2742113
2742112
2735669
2726708
2664132
2599602
2599601
2735572
2735572
2731333
2725683
2725682
2725681
2725680
2725679
2725678
1959007
2203191
10666
2060721
239364
239364
239364
239364
239364
239364
239364
239364
239364
239364
239364
239364
239364
239364
239364
239364
239364
239364
239364
239364
239364
239364
239364
239364
239364
239364
239364
239364
239364
239364
239364
239364
239364
239364
239364
239364
239364
239364
239364
239364
239364
239364
239364
239364
239364
239364
239364
239364
239364
239364
239364
239364
239364
239364
239364
239364
239364
239364
239364
239364
239364
239364
239364
239364
239364
239364
239364
239364
239364
239364
239364
239364
239364
239364
239364
239364
239364
239364
239364
239364
239364
239364
239364
239364
239364
239364
239364
239364
239364
239364
239364
239364
239364
239364
239364
239364
239364
239364
239364
239364
239364
239364
239364
239364
239364
239364
239364
239364
239364
239364
239364
239364
239364
239364
239364
239364
239364
239364
239364
239364
239364
239364
239364
239364
239364
239364
239364
239364
239364
239364
239364
239364
239364
239364
239364
239364
239364
239364
239364
239364
239364
239364
239364
239364
239364
239364
239364
239364
239364
239364
239364
239364
239364
239364
239364
239364
239364
239364
239364
239364
239364
239364
239364
239364
239364
239364
239364
239364
239364
239364
239364
239364
239364
239364
239364
239364
239364
239364
239364
239364
239364
239364
239364
239364
239364
239364
239364
239364
239364
239364
239364
239364
239364
239364
239364
239364
239364
239364
239364
239364
239364
239364
239364
239364
239364
239364
239364
239364
239364
239364
239364
239364
239364
239364
239364
239364
239364
239364
239364
239364
239364
239364
239364
239364
239364
239364
239364
239364
239364
239364
239364
239364
239364
239364
239364
239364
239364
239364
239364
239364
239364
239364
239364
239364
239364
239364
239364
239364
239364
239364
239364
239364
239364
239364
239364
239364
239364
239364
239364
239364
239364
239364
239364
239364
239364
239364
239364
239364
239364
239364
239364
239364
239364
239364
239364
239364
239364
239364
239364
239364
239364
239364
239364
239364
239364
239364
239364
239364
239364
239364
239364
239364
239364
239364
239364
239364
239364
239364
239364
239364
239364
239364
239364
239364
239364
239364
239364
239364
239364
239364
239364
239364
239364
239364
239364
239364
239364
239364
239364
239364
239364
239364
239364
239364
239364
239364
239364
239364
239364
239364
239364
239364
239364
239364
239364
239364
239364
239364
239364
239364
239364
239364
239364
239364
239364
239364
239364
239364
239364
239364
239364
239364
239364
239364
239364
239364
239364
239364
239364
239364
239364
239364
239364
239364
239364
239364
239364
239364
239364
239364
239364
239364
239364
239364
239364
239364
239364
239364
239364
239364
239364
239364
239364
239364
239364
239364
239364
239364
239364
239364
239364
239364
239364
239364
239364
239364
239364
239364
239364
239364
239364
239364
239364
239364
239364
239364
239364
239364
239364
239364
239364
239364
239364
239364
239364
239364
239364
239364
239364
239364
239364
239364
239364
239364
239364
239364
239364
239364
239364
239364
239364
239364
239364
239364
239364
239364
239364
239364
239364
239364
239364
239364
239364
239364
239364
239364
239364
239364
239364
239364
239364
239364
239364
239364
239364
239364
239364
239364
239364
239364
239364
239364
239364
239364
239364
239364
239364
239364
239364
239364
239364
239364
239364
239364
239364
239364
239364
239364
239364
239364
239364
239364
239364
239364
239364
239364
239364
239364
239364
239364
239364
239364
239364
239364
239364
239364
239364
239364
239364
239364
239364
239364
239364
239364
239364
239364
239364
239364
239364
239364
239364
239364
239364
239364
239364
239364
239364
239364
239364
239364
239364
239364
239364
239364
239364
239364
239364
239364
239364
239364
239364
239364
239364
239364
239364
239364
239364
239364
239364
239364
239364
239364
239364
239364
239364
239364
239364
239364
239364
239364
239364
239364
239364
239364
239364
239364
239364
239364
239364
239364
239364
239364
239364
239364
239364
239364
239364
239364
239364
239364
239364
239364
239364
239364
239364
239364
239364
239364
239364
239364
239364
239364
239364
239364
239364
239364
239364
239364
239364
239364
239364
239364
239364
239364
239364
239364
239364
239364
239364
239364
239364
239364
239364
239364
239364
239364
239364
239364
239364
239364
239364
239364
239364
239364
239364
239364
239364
239364
239364
239364
239364
239364
239364
239364
239364
239364
239364
239364
239364
239364
239364
239364
239364
239364
239364
239364
239364
239364
239364
239364
239364
239364
239364
239364
239364
239364
239364
239364
239364
239364
239364
239364
239364
239364
239364
239364
239364
239364
239364
239364
239364
239364
239364
239364
239364
239364
239364
239364
239364
239364
239364
239364
239364
239364
239364
239364
239364
239364
239364
239364
239364
239364
239364
239364
239364
239364
239364
239364
239364
239364
239364
239364
239364
239364
239364
239364
239364
239364
239364
239364
239364
239364
239364
239364
239364
239364
239364
239364
239364
239364
239364
239364
239364
239364
239364
239364
239364
239364
239364
239364
239364
239364
239364
239364
239364
239364
239364
239364
239364
239364
239364
239364
239364
239364
239364
239364
239364
239364
239364
239364
239364
239364
239364
239364
239364
239364
239364
239364
239364
239364
239364
239364
239364
239364
239364
239364
239364
239364
239364
239364
239364
239364
239364
239364
239364
239364
239364
239364
239364
239364
239364
239364
239364
239364
239364
239364
239364
239364
239364
239364
239364
239364
239364
239364
239364
239364
239364
239364
239364
239364
239364
239364
239364
239364
239364
239364
239364
239364
239364
239364
239364
239364
239364
239364
239364
239364
239364
239364
239364
239364
239364
239364
239364
239364
239364
239364
239364
239364
239364
239364
239364
239364
239364
239364
239364
239364
239364
239364
239364
239364
239364
239364
239364
239364
239364
239364
239364
239364
239364
239364
239364
239364
239364
239364
239364
239364
239364
239364
239364
239364
239364
239364
239364
239364
239364
239364
239364
239364
239364
239364
239364
239364
239364
239364
239364
239364
239364
239364
239364
239364
239364
239364
239364
239364
239364
239364
239364
239364
239364
239364
239364
239364
239364
239364
239364
239364
239364
239364
239364
239364
239364
239364
239364
239364
239364
239364
239364
239364
239364
239364
239364
239364
239364
239364
239364
239364
239364
239364
239364
239364
239364
239364
239364
239364
239364
239364
239364
239364
239364
239364
239364
239364
239364
239364
239364
239364
239364
239364
239364
239364
239364
239364
239364
239364
239364
239364
239364
239364
239364
239364
239364
239364
239364
239364
239364
239364
239364
239364
239364
239364
239364
239364
239364
239364
239364
239364
239364
239364
239364
239364
239364
239364
239364
239364
239364
239364
239364
239364
239364
239364
239364
239364
239364
239364
239364
239364
239364
239364
239364
239364
239364
239364
239364
239364
239364
239364
239364
239364
239364
239364
239364
239364
239364
239364
239364
239364
239364
239364
239364
239364
239364
239364
239364
239364
239364
239364
239364
239364
239364
239364
239364
239364
239364
239364
239364
239364
239364
239364
239364
239364
239364
239364
239364
239364
239364
239364
239364
239364
239364
239364
239364
239364
239364
239364
239364
239364
239364
239364
239364
239364
239364
239364
239364
239364
239364
239364
239364
239364
239364
239364
239364
239364
239364
239364
239364
239364
239364
239364
239364
239364
239364
239364
239364
239364
239364
239364
239364
239364
239364
239364
239364
239364
239364
239364
239364
239364
239364
239364
239364
239364
239364
239364
239364
239364
239364
239364
239364
239364
239364
239364
239364
239364
239364
239364
239364
239364
239364
239364
239364
239364
239364
239364
239364
239364
239364
239364
239364
239364
239364
239364
239364
239364
239364
239364
239364
239364
239364
239364
239364
239364
239364
239364
239364
239364
239364
239364
239364
239364
239364
239364
239364
239364
239364
239364
239364
239364
239364
239364
239364
239364
239364
239364
239364
239364
239364
239364
239364
239364
239364
239364
239364
239364
239364
239364
239364
239364
239364
239364
239364
239364
239364
239364
239364
239364
239364
239364
239364
239364
239364
239364
239364
239364
239364
239364
239364
239364
239364
239364
239364
239364
239364
239364
239364
239364
239364
239364
239364
239364
239364
239364
239364
239364
239364
239364
239364
239364
239364
239364
239364
239364
239364
239364
239364
239364
239364
239364
239364
239364
239364
239364
239364
239364
239364
239364
239364
239364
239364
239364
239364
239364
239364
239364
239364
239364
239364
239364
239364
239364
239364
239364
239364
239364
239364
239364
239364
239364
239364
239364
239364
239364
239364
239364
239364
239364
239364
239364
239364
239364
239364
239364
239364
239364
239364
239364
239364
239364
239364
239364
239364
239364
239364
239364
239364
239364
239364
239364
239364
239364
239364
239364
239364
239364
239364
239364
239364
239364
239364
239364
239364
239364
239364
239364
239364
239364
239364
239364
239364
239364
239364
239364
239364
239364
239364
239364
239364
239364
239364
239364
239364
239364
239364
239364
239364
239364
239364
239364
239364
239364
239364
239364
239364
239364
239364
239364
239364
239364
239364
239364
239364
239364
239364
239364
239364
239364
239364
239364
239364
239364
239364
239364
239364
239364
239364
239364
239364
239364
239364
239364
239364
239364
239364
239364
239364
239364
239364
239364
239364
239364
239364
239364
239364
239364
239364
239364
239364
239364
239364
239364
239364
239364
239364
239364
239364
239364
239364
239364
239364
239364
239364
239364
239364
239364
239364
239364
239364
239364
239364
239364
239364
239364
239364
239364
239364
239364
239364
239364
239364
239364
239364
239364
239364
239364
239364
239364
239364
239364
239364
239364
239364
239364
239364
239364
239364
239364
239364
239364
239364
239364
239364
239364
239364
239364
239364
239364
239364
239364
239364
239364
239364
239364
239364
239364
239364
239364
239364
239364
239364
239364
239364
239364
239364
239364
239364
239364
239364
239364
239364
239364
239364
239364
239364
239364
239364
239364
239364
239364
239364
239364
239364
239364
239364
239364
239364
239364
239364
239364
239364
239364
239364
239364
239364
239364
239364
239364
239364
239364
239364
239364
239364
239364
239364
239364
239364
239364
239364
239364
239364
239364
239364
239364
239364
239364
239364
239364
239364
239364
239364
239364
239364
239364
239364
239364
239364
239364
239364
239364
239364
239364
239364
239364
239364
239364
239364
239364
239364
239364
239364
239364
239364
239364
239364
239364
239364
239364
239364
239364
239364
239364
239364
239364
239364
239364
239364
239364
239364
239364
239364
239364
239364
239364
239364
239364
239364
239364
239364
239364
239364
239364
239364
239364
239364
239364
239364
239364
239364
239364
239364
239364
239364
239364
239364
239364
239364
239364
239364
239364
239364
239364
239364
239364
239364
239364
239364
239364
239364
239364
239364
239364
239364
239364
239364
239364
239364
239364
239364
239364
239364
239364
239364
239364
239364
239364
239364
239364
239364
239364
239364
239364
239364
239364
239364
239364
239364
239364
239364
239364
239364
239364
239364
239364
239364
239364
239364
239364
239364
239364
239364
239364
239364
239364
239364
239364
239364
239364
239364
239364
239364
239364
239364
239364
239364
239364
239364
239364
239364
239364
239364
239364
239364
239364
239364
239364
239364
239364
239364
239364
239364
239364
239364
239364
239364
239364
239364
239364
239364
239364
239364
239364
239364
239364
239364
239364
239364
239364
239364
239364
239364
239364
239364
239364
239364
239364
239364
239364
239364
239364
239364
239364
239364
239364
239364
239364
239364
239364
239364
239364
239364
239364
239364
239364
239364
239364
239364
239364
239364
239364
239364
239364
239364
239364
239364
239364
239364
239364
239364
239364
239364
239364
239364
239364
239364
239364
239364
239364
239364
239364
239364
239364
239364
239364
239364
239364
239364
239364
239364
239364
239364
239364
239364
239364
239364
239364
239364
239364
239364
239364
239364
239364
239364
239364
239364
239364
239364
239364
239364
239364
239364
239364
239364
239364
239364
239364
239364
239364
239364
239364
239364
239364
239364
239364
239364
239364
239364
239364
239364
239364
239364
239364
239364
239364
239364
239364
239364
239364
239364
239364
239364
239364
239364
239364
239364
239364
239364
239364
239364
239364
239364
239364
239364
239364
239364
239364
239364
239364
239364
239364
239364
239364
239364
239364
239364
239364
239364
239364
239364
239364
239364
239364
239364
239364
239364
239364
239364
239364
239364
239364
239364
239364
239364
239364
239364
239364
239364
239364
239364
239364
239364
239364
239364
239364
239364
239364
239364
239364
239364
239364
239364
239364
239364
239364
239364
239364
239364
239364
239364
239364
239364
239364
239364
239364
239364
239364
239364
239364
239364
239364
239364
239364
239364
239364
239364
239364
239364
239364
239364
239364
239364
239364
239364
239364
239364
239364
239364
239364
239364
239364
239364
239364
239364
239364
239364
239364
239364
239364
239364
239364
239364
239364
239364
239364
239364
239364
239364
239364
239364
239364
239364
239364
239364
239364
239364
239364
239364
239364
239364
239364
239364
239364
239364
239364
239364
239364
239364
239364
239364
239364
239364
239364
239364
239364
239364
239364
239364
239364
239364
239364
239364
239364
239364
239364
239364
239364
239364
239364
239364
239364
239364
239364
239364
239364
239364
239364
239364
239364
239364
239364
239364
239364
239364
239364
239364
239364
239364
239364
239364
239364
239364
239364
239364
239364
239364
239364
239364
239364
239364
239364
239364
239364
239364
239364
239364
239364
239364
239364
239364
239364
239364
239364
239364
239364
239364
239364
239364
239364
239364
239364
239364
239364
239364
239364
239364
239364
239364
239364
239364
239364
239364
239364
239364
239364
239364
239364
239364
239364
239364
239364
239364
239364
239364
239364
2704943
2696374
2696373
2696370
2696372
2696371
2696360
2696359
2696358
2696357
2724180
2692737
2704944
2690230
2696338
2847044
3430213
2692741
2696336
2692740
2692739
2692738
2686230
2686236
2686227
2572317
2686232
2686215
2686226
2686233
2686218
2686217
2686221
2686220
2686219
2686235
2686231
2686225
2686229
2686224
2686228
2686237
2686214
2686222
2686234
2686223
2686213
2686216
2686202
2686280
2686279
2686278
2686277
2686276
2686275
2686274
2686273
2686272
2686271
2686270
2686269
2686268
2686267
2686266
2686265
2686264
2686263
2686262
2686261
2686260
2686259
2686258
2686257
2686256
2686255
2686254
2686253
2686252
2686251
2686250
2686249
2686248
2686247
2686246
2686245
2686244
2686243
2686242
2686097
2686098
2686099
2686096
2686095
2686284
2686309
2686307
2686207
2686206
2686205
2686204
2678563
2686289
2681376
2686439
2686283
2686472
2686471
2686470
2686466
2686469
2686468
2686467
2686303
2678601
2686211
2686212
2686286
2686308
2682965
2686203
2686437
2686285
2686290
2682770
2686084
2686090
2686083
2686082
2686080
2686089
2686081
2686088
2686087
2686086
2686085
2697508
2697509
2686464
2686463
2686462
2686461
2686460
2686459
2686458
2686457
2686456
2686455
2674977
2674978
2686071
2686072
2686475
2686474
2675159
2686209
2686208
2675265
2675264
2675263
2675262
2675261
2675260
2675259
2675258
2675257
2675256
2675255
2675254
2675253
2675252
2675251
2675250
2675249
2675248
2675247
2675246
2675245
2675244
2675243
2675242
2675241
2675240
2675238
2675239
2675237
2675236
2675235
2675212
2675211
2675210
2666260
2666249
2675202
2675201
2666261
2666257
2664939
2664212
2664211
2664210
2664214
2664213
2664193
2664192
2656583
2656589
2656525
2656598
2656554
2656613
2656531
2656619
2656533
2656620
2656523
2656584
2656596
2656591
2656544
2656578
2656534
2656609
2656565
2656601
2656566
2656550
2656576
2656541
2656562
2656614
2656579
2656528
2656568
2656581
2565372
2656570
2656536
2656563
2656580
2656540
2656526
2656539
2656595
2656612
2656618
2656530
2656522
2656551
2656606
2656616
2656597
2656594
2656538
2656537
2656610
2656561
2656590
2656549
2656621
2656552
2656553
2656557
2656592
2656607
2656545
2656559
2656572
2656602
2656564
2656567
2656611
2656532
2656569
2656603
2656582
2656593
2656604
2656547
2656608
2656527
2656577
2656546
2656615
2656555
2656600
2656542
2656599
2656548
2656617
2656558
2656556
2656585
2656575
2656573
2656605
2656524
2656529
2656586
2656571
2656588
2656587
2656535
2656574
2656560
2656543
2656520
2660692
2663180
2664246
2664977
2686041
2664977
2686040
2713465
2713464
2713464
2662297
2662298
2662300
2662299
2662295
2662293
2662294
103371
2663232
2652757
2656514
2656513
2656512
2656511
2656510
2656509
2656519
2662273
2662272
2662275
2662274
2662281
2662282
2662280
2662279
2662278
2662277
2662276
2698730
2698729
2595040
2608405
2689114
2689113
2689112
2608370
2596885
2603849
2603848
2655003
112596
112596
112596
112596
112596
112596
2601674
2608283
2602759
2594693
2589655
2686068
2565877
2571247
2575260
2698415
2698416
2559286
2559285
2559284
2559283
2559282
2559281
2559280
2530171
2500765
2500764
2500767
2500766
2500576
2500578
2500577
2500149
239364
239364
239364
239364
239364
239364
239364
239364
239364
239364
239364
239364
239364
239364
239364
239364
239364
239364
239364
239364
239364
239364
239364
239364
239364
239364
239364
239364
239364
239364
239364
239364
239364
239364
239364
239364
239364
239364
239364
239364
239364
239364
239364
239364
239364
239364
239364
239364
239364
239364
239364
239364
239364
239364
239364
239364
239364
239364
239364
239364
239364
239364
239364
239364
239364
239364
239364
239364
239364
239364
239364
239364
239364
239364
239364
239364
239364
239364
239364
239364
239364
239364
239364
239364
239364
239364
239364
239364
239364
239364
239364
239364
239364
239364
239364
239364
239364
239364
239364
239364
239364
239364
239364
239364
239364
239364
239364
239364
239364
239364
239364
239364
239364
239364
239364
239364
239364
239364
239364
239364
239364
239364
239364
239364
239364
239364
239364
239364
239364
239364
239364
239364
239364
239364
239364
239364
239364
239364
239364
239364
239364
239364
239364
239364
239364
239364
239364
239364
239364
239364
239364
239364
239364
239364
239364
239364
239364
239364
239364
239364
239364
239364
239364
239364
239364
239364
239364
239364
239364
239364
239364
239364
239364
239364
239364
239364
239364
239364
239364
239364
239364
239364
239364
239364
239364
239364
239364
239364
239364
239364
239364
239364
239364
239364
239364
239364
239364
239364
239364
239364
239364
239364
239364
239364
239364
239364
239364
239364
239364
239364
239364
239364
239364
239364
239364
239364
239364
239364
239364
239364
239364
239364
239364
239364
239364
239364
239364
239364
239364
239364
239364
239364
239364
239364
239364
239364
239364
239364
239364
239364
239364
239364
239364
239364
239364
239364
239364
239364
239364
239364
239364
239364
239364
239364
239364
239364
239364
239364
239364
239364
239364
239364
239364
239364
239364
239364
239364
239364
239364
239364
239364
239364
239364
239364
239364
239364
239364
239364
239364
239364
239364
239364
239364
239364
239364
239364
239364
239364
239364
239364
239364
239364
239364
239364
239364
239364
239364
239364
239364
239364
239364
239364
239364
239364
239364
239364
239364
239364
239364
239364
239364
239364
239364
239364
239364
239364
239364
239364
239364
239364
239364
239364
239364
239364
239364
239364
239364
239364
239364
239364
239364
239364
239364
239364
239364
239364
239364
239364
239364
239364
239364
239364
239364
239364
239364
239364
239364
239364
239364
239364
239364
239364
239364
239364
239364
239364
239364
239364
239364
239364
239364
239364
239364
239364
239364
239364
239364
239364
239364
239364
239364
239364
239364
239364
239364
239364
239364
239364
239364
239364
239364
239364
239364
239364
239364
239364
239364
239364
239364
239364
239364
239364
239364
239364
239364
239364
239364
239364
239364
239364
239364
239364
239364
239364
239364
239364
239364
239364
239364
239364
239364
239364
239364
239364
239364
239364
239364
239364
239364
239364
239364
239364
239364
239364
239364
239364
239364
239364
239364
239364
239364
239364
239364
239364
239364
239364
239364
239364
239364
239364
239364
239364
239364
239364
239364
239364
239364
239364
239364
239364
239364
239364
239364
239364
239364
239364
239364
239364
239364
239364
239364
239364
239364
239364
239364
239364
239364
239364
239364
239364
239364
239364
239364
239364
239364
239364
239364
239364
239364
239364
239364
239364
239364
239364
239364
239364
239364
239364
239364
239364
239364
239364
239364
239364
239364
239364
239364
239364
239364
239364
239364
239364
239364
239364
239364
239364
239364
239364
239364
239364
239364
239364
239364
239364
239364
239364
239364
239364
239364
239364
239364
239364
239364
239364
239364
239364
239364
239364
239364
239364
239364
239364
239364
239364
239364
2491323
28358
10760
10759
10760
10760
10760
10760
10760
10760
2674976
2674974
2674975
2674972
2674973
2674969
2695844
2695839
2695841
2695851
2695842
2695838
2742944
2742946
2695837
2742945
2695840
2742947
2695845
2742951
2742954
2742950
2742955
2695850
2742958
2695843
2742948
2562643
2742952
2847060
2562642
2695846
2695848
2847063
2695849
2695847
2847062
2847061
2844224
2844219
2844222
2844221
2844220
2844217
2844218
2686058
2686059
2847057
2686052
2847059
2686056
2847058
2686057
2686051
2847056
2699738
2697005
2683673
2508207
1965354
1897742
1897741
1897529
1735698
2547426
2547425
2664223
2664224
2664226
2664221
2664225
2664222
2663327
2663328
2025820
2663324
2663325
2663326
2663027
2663264
2660705
2654972
2654656
2654656
2654655
2654655
2654655
2654655
2654654
2654654
2849700
2660689
2656515
2656508
2656506
2656507
2662128
2662127
2662283
2660695
2660696
2651149
2662284
2654973
2655002
2315217
2660687
2660690
2660691
2660693
2660694
2653271
2653270
2653272
2614123
2847816
2653651
2653650
2653646
2653717
2653719
2653725
2653722
2653716
2653720
2653724
2653715
2653718
2653721
2653723
2653645
2653644
2653643
2653642
2653641
2652890
2652887
2652884
2652882
2652885
2652888
2652898
2652892
2652893
2652883
2652895
2652881
2652891
2652879
2652896
2652894
2652886
2652897
2652880
2652889
2653638
2651067
2653661
2653660
2650665
2608376
2653653
2653652
2660724
2660724
2660724
2660724
2653748
2653752
2653766
2653753
2653755
2592661
2653760
2653765
2653746
2653769
2653744
2653764
2653770
2653747
2653756
2653768
2653771
2653763
2653762
2653751
2653758
2653750
2653754
2653772
2653767
2653761
2653745
2653759
2653757
2653749
2608372
2663260
2608369
2608371
2651918
2608368
2653276
2653279
2653274
2653278
2653275
2653277
2653273
2608323
2608321
2847072
2652405
2652403
2652408
2652407
2652404
2592659
2652406
2575611
2652402
2608319
2608318
2848075
2652420
2652412
2652411
2652418
2652415
2652419
2652409
2652417
2652421
2652425
2652413
2652410
2652414
2652423
2652424
2652422
2652416
2608300
2606591
2608298
2652429
2652428
2652431
2652430
2652427
2652426
2608295
2601639
2601638
2599875
2599858
2599828
2599840
2599849
2599877
2559716
2599836
2599882
2599864
2599859
2599878
2599826
2599874
2306891
2599833
2599845
2575612
2599847
2599824
2599890
2599851
2599822
2599850
2599873
2599830
2599829
2599881
2599888
2599848
2599831
2559714
2599855
2599879
2599832
2599865
2599871
2599862
2599887
2599876
2599842
2599884
2599827
2599867
2599889
2599856
2599843
2599891
2599857
2599860
2599823
2599868
2599866
2575610
2599863
2306892
2599834
2599846
2599838
2599854
2599885
2599837
2599861
2599835
2599880
2599869
2599870
2599872
2599825
2599883
2599841
2599886
2599839
2599853
2599844
2599852
2599764
2601640
2601642
2601641
2601676
2601628
2601629
2601627
2608294
2601694
2601684
2595045
2601686
2601689
2601685
2601693
2601692
2601691
2601687
2601690
2601695
2601688
2601697
2601683
2596884
2601647
2601643
2593268
2601644
2603264
2603263
2603261
2603258
2603260
2603259
2603262
2603257
2601649
2601650
2601648
2601665
2601664
2601663
2601662
2601661
2601660
2601659
2601658
2601656
2601657
2601655
2601654
2601653
2601652
2596973
2596974
2590050
2555916
2593465
2596966
2596967
2599404
1921008
2601669
2601670
2596657
2601667
2601666
2601630
2601634
2848039
2611413
2593322
2590051
2590049
2576525
2576525
2596980
2596982
2596981
2596979
2590047
2590046
2601625
2601626
2601632
2601631
2601609
2593327
2601624
2601623
2601622
2601621
2902952
2601620
2601612
2601611
2601619
2601618
2601617
2601616
2601615
2601614
2601613
2650875
2650877
2650873
2650874
2956381
2593344
2593358
2593348
2593360
2593339
2593346
2593349
2593357
2593341
2593359
2593355
2593356
2593337
2593335
2593353
2593340
2593343
2593336
2593354
2593334
2593333
2593347
2593352
2593350
2593338
2593342
2593345
2593351
2591408
2601680
2601678
2601679
2591403
2591407
2596709
2591398
2023952
2591402
2596714
2596713
2593661
2590935
2590937
2590944
2590938
2590931
2590930
2590932
2590933
2590943
2590948
2590940
2590939
2590945
2590947
2590942
2590946
2590929
2590936
2590934
2590941
2596673
2596672
2596676
2596674
2596675
2608405
2596677
2589653
2596671
2589659
2589660
2589658
2589661
2593639
2593638
2589662
2589663
2589664
2591406
2596715
2589656
2847284
2592190
2589652
2484638
2591372
2591380
2591379
2591377
3427938
2591373
2591367
2591370
2591368
2591366
2591374
2591371
2591376
2591365
2591375
2591369
2591364
2588491
2588490
2588492
2588493
2588489
2588495
2588496
2588494
2588499
2588514
2588510
2588503
2588505
2588508
2588509
2571251
2571249
112596
2591427
2592197
2592203
2592195
2592221
2592222
2592212
2592223
2592209
2592199
2592202
1647454
2592219
2592205
2592198
2592218
2592216
2592217
2592214
2592220
2592215
2592204
2609832
2592211
2592201
2592210
2592200
2592208
2592196
2592207
2592213
329864
2592206
2592194
2585230
2585231
2591122
2591127
2591110
2591129
2591120
2591130
2591124
2591132
2591112
2591123
2591111
2591113
2591125
2591126
2591133
2591117
2591118
2591119
2591115
2591116
2591131
2591128
2591121
2591114
2591064
2591063
2591062
2591061
2591060
2591059
2591058
2591057
2591056
2591055
2591048
2591047
2591046
2591045
2591054
2591053
2591052
2591051
2591050
2591044
2591043
2591042
2591041
2591040
2591049
2591039
112596
2591136
2591135
2591134
2592162
2591204
2591221
2591211
2591213
2591209
2591216
2591212
2591217
2591224
2591222
2591205
2591219
2591206
2591225
2591207
2591214
2591210
2591218
2591226
2591208
2591220
2591223
2591215
2580353
2576879
2580409
2580405
2580407
2580408
2580406
2580404
2580403
2580402
2580401
2591034
2591066
2591192
2591076
2591191
2591077
2591068
2591193
2591188
2591067
2591075
2591071
2591069
2591074
2591072
2591190
2591189
1814015
2590874
2576499
2576498
2576497
2576496
2576495
2576482
2576481
2576480
2576479
2576478
2576528
2576527
2576526
2576525
2576524
2576523
2576522
2576521
2576520
2576519
2576518
2576517
2576516
2576515
2576514
2576513
2576512
2576511
2576510
2576494
2576493
2576492
2576491
2576490
2576489
2576488
2576487
2576486
2576485
2576484
2576483
2576509
2576508
2576507
2576506
2576505
2576504
2576503
2576502
2576501
2576500
2592615
2590872
2591099
2591101
2591103
2591100
2591104
2591102
1906349
2590896
2590876
2590880
2590875
2590877
2590879
2590881
2590878
2590894
2591644
2591644
2591644
2591644
2591644
2591644
2591644
2591644
2591644
2591644
2591644
2591644
2591644
2591644
2591644
2591644
2591644
2591644
2591644
2591644
2591644
2591644
2591644
2591644
2591644
2591644
2591644
2591644
2591644
2591644
2591644
2591644
2591644
2591644
2591644
2591644
2591644
2591644
2591644
2591644
2591644
2591644
2591644
2591644
2591644
2591644
2591644
2591644
2591644
2591644
2591644
2591644
2591644
2591644
2591644
2591644
2591644
2591644
2591644
2591644
2591644
2591644
2591644
2591644
2591644
2591644
2591644
2591644
2591644
2591644
2591644
2591644
2591644
2591644
2591644
2591644
2591644
2591644
2591644
2591644
2591644
2591644
2591644
2591644
2591644
2591644
2591644
2591644
2591644
2591644
2591644
2591644
2591644
2591644
2591644
2591644
2591644
2591644
2591644
2591644
2591644
2591644
2591644
2591644
2591644
2591644
2591644
2591644
2591644
2591644
2591644
2590919
2588486
2583048
2583039
2583042
2583043
2583041
2583046
2583045
2583044
2583038
2583040
2583047
2588125
2604899
2591025
2591033
2591032
2591031
2591030
2591029
2591028
2591027
2591026
2591024
2590840
2590839
2590838
2590837
2660561
2660560
2588085
2588517
2588516
2588520
2588519
2588518
2588515
2664247
2664247
2664248
2588099
2588140
2588134
2588132
2588138
2588136
2588137
2588133
2571248
2571252
2588139
2571254
2588135
2571246
2588141
2571253
2588091
2588090
2588088
2975007
2583508
2588094
2588093
2588092
2604898
2601253
340016
2575331
2575326
2575328
2575329
2575325
2575327
2575330
2601254
2601254
2575320
2575321
2575322
2575319
2575318
2562814
2562813
2562812
2562811
2562810
2562809
2653964
2594282
2565524
2565518
2565523
2565519
2565522
2565521
2565520
2530020
2530114
2530042
2510451
2544986
2544985
2544984
2510473
2598876
2598876
2598876
2508172
2607969
2578086
2594927
2500821
2500558
2500564
2500563
2762027
2500562
2500561
2500145
2488573
2489637
2483661
2483608
2483607
2420238
2420237
2290809
3452123
2301639
2301640
2301637
2301638
2301635
2301636
2301634
2301661
2283014
2250398
2250391
2178917
2178927
2250313
2250311
2250314
2250312
10760
10760
10760
10760
12022
12022
10760
39838
39838
39838
39838
2606584
2606583
2606582
2567864
2664131
2664131
2495557
278008
278008
278008
278008
278008
278008
278008
278008
278008
278008
278008
278008
278008
278008
278008
1897740
1897739
2603832
10760
2590400
2587809
2587819
2587493
2587456
2587814
2587820
2588500
2559715
2588502
2588504
2588513
2588511
2588512
2588501
2590895
2588506
2588498
2588507
2589644
2584753
2576882
2576874
2576873
2584497
2584499
2584496
2584491
2584492
2584490
2584495
2584493
2584498
2584494
2588130
2588127
2588128
2588131
2588129
2582416
2575355
2575354
2575353
2575357
2575356
2588095
2588096
2572530
2572528
2571250
2572533
2572526
2572531
2572524
2572318
2572529
2572527
2572532
2572525
2572523
2572534
2588086
2588097
2588098
2544986
2583507
2484637
2163605
2576871
2576872
2584486
2584487
2575256
2575255
2575323
2575324
2575254
2575261
2565501
2565502
2565510
2565509
2565511
2565513
2565512
2565528
2565525
2565527
2565526
2565500
2565517
2565516
2565596
2546629
2546627
2546620
2546624
2546622
2546625
2546636
2546626
2546634
2546630
2546632
2546635
2546621
2546631
2546628
2546623
2546619
2546618
2565686
2565685
2565684
2565683
2565682
2565681
2565678
2565677
2565676
2565675
2565674
2565673
2565672
2565671
2565670
2565669
2565668
2565667
2565666
2565665
2565664
2849598
2565662
2565661
2565658
2565657
2565656
2565655
2565654
2565653
2565652
2565651
2565650
2565649
2565648
2565647
2565646
2565645
2565644
2565697
2849600
2565695
2565694
2565693
2849599
2565691
2565690
2565689
2565688
2565687
2565680
2565679
2565660
2565659
2546633
2562142
2562347
2562344
2562345
2562343
2562346
2562138
2562174
2562175
2562359
2562365
2562367
3070616
2576870
2562456
2562131
2562542
2562236
2562235
2562234
2562233
2562232
2562197
2562196
2562195
2562194
2562193
2562185
2562192
2562191
2562190
2562189
2562188
2562187
2562186
2562178
2562179
2562602
2562461
2562177
2557578
2562462
2562559
2563734
2493116
2530032
2562601
2530146
2530148
2530030
2530028
2530031
2530029
2510941
2510944
2510943
2510942
2510940
2530170
2510452
2548317
2548315
2548313
2548312
2548309
2548307
2548306
2548305
2548301
2548299
2548297
2548296
2548295
2548293
2548291
2548289
2548287
2548286
2548284
2548282
2548281
2548278
2548274
2548272
2548270
2548268
2548265
2548261
2548258
2548257
2548256
2548251
2548249
2548247
2548245
2548243
2548241
2548239
2548237
2548235
2548233
2548232
2548230
2548228
2548226
2548224
2548221
2548219
2548216
2548212
2548210
2548209
2548207
2548203
2548201
2548199
2548196
2548195
2548193
2548192
2548191
2548189
2548185
2548184
2548183
2548181
2548179
2548178
2548177
2548175
2548174
2548172
2548170
2548168
2548167
2548165
2548162
2548160
2548158
2548157
2548156
2548155
2548152
2548150
2548149
2548147
2548145
2548142
2548140
2548137
2548136
2548134
2548133
2548131
2548127
2548125
2548124
2548121
2548118
2548116
2548114
2548113
2548112
2548110
2548108
2548107
2548106
2548105
2548104
2548102
2548100
2548099
2548096
2548094
2548093
2548092
2548091
2548089
2548087
2548085
2548083
2548082
2548081
2548079
2548077
2548076
2548074
2548072
2548068
2548067
2548066
2548064
2548062
2548055
2548054
2548052
2548050
2548048
2548046
2548045
2548044
2548041
2548040
2548038
2548036
2548034
2548032
2548030
2548028
2548027
2548025
2548023
2548021
2548020
2548017
2548016
2548012
2548008
2548006
2548005
2548002
2548001
2547996
2547993
2547992
2547991
2547989
2547987
2547985
2547982
2547981
2547979
2547976
2547975
2547973
2547972
2548318
2548316
2548314
2548311
2548310
2548308
2548304
2548303
2548302
2548300
2548298
2548294
2548292
2548290
2548288
2548285
2548283
2548280
2548279
2548277
2548276
2548275
2548273
2548271
2548269
2548267
2548266
2548264
2548263
2548262
2548260
2548259
2548255
2548254
2548253
2548252
2548250
2548248
2548246
2548244
2548242
2548240
2548238
2548236
2548234
2548231
2548229
2548227
2548225
2548223
2548222
2548220
2548218
2548217
2548215
2548214
2548213
2548211
2548208
2548206
2548205
2548204
2548202
2548200
2548198
2548197
2548194
2548190
2548188
2548187
2548186
2548182
2548180
2548176
2548173
2548171
2548169
2548166
2548164
2548163
2548161
2548159
2548154
2548153
2548151
2548148
2548146
2548144
2548143
2548141
2548139
2548138
2548135
2548132
2548130
2548129
2548128
2548126
2548123
2548122
2548120
2548119
2548117
2548115
2548111
2548109
2548103
2548101
2548098
2548097
2548095
2548090
2548088
2548086
2548084
2548080
2548078
2548075
2548073
2548071
2548070
2548069
2548065
2548063
2548061
2548060
2548059
2548058
2548057
2548056
2548053
2548051
2548049
2548047
2548043
2548042
2548039
2548037
2548035
2548033
2548031
2548029
2548026
2548024
2548022
2548019
2548018
2548015
2548014
2548013
2548011
2548010
2548009
2548007
2548004
2548003
2548000
2547999
2547998
2547997
2547995
2547994
2547990
2547988
2547986
2547984
2547983
2547980
2547978
2547977
2547974
2547971
2558871
2558870
2558869
2558868
2558867
2558866
2558865
2558864
2558863
2558862
2558861
2558860
2558859
2558858
2558857
2558856
2558855
2558854
2558853
2558852
2558851
2558850
2558849
2558848
2558847
2558846
2558845
2558843
2558842
2558841
2558840
2558839
2558838
2558837
2558836
2558835
2558834
2558833
2558832
2558831
2558830
2558829
2558828
2558827
2558826
2558825
2558824
2558823
2558822
2558821
2558820
2558819
2558818
2558817
2558816
2558815
2558814
2558813
2558812
2558811
2558810
2558809
2558808
2558807
2558806
2558805
2558804
2558803
2558802
2558801
2558800
2558799
2558798
2558797
2558796
2558795
2558794
2558793
2558792
2558791
2558790
2558789
2558788
2558787
2558786
2558785
2558784
2558783
2558782
2558781
2558780
2558779
2558778
2558777
2558776
2558775
2558774
2558773
2558772
2558771
2558770
2558769
2558768
2558767
2558766
2558765
2558764
2558763
2558762
2558761
2558760
2558759
2558758
2558757
2558756
2558755
2558754
2558753
2558752
2558751
2558750
2558749
2558748
2558747
2558746
2558745
2558744
2558743
2558742
2558741
2558740
2558739
2558738
2558737
2558736
2558735
2558734
2558733
2558732
2558731
2558730
2558729
2558728
2558727
2558726
2558725
2558724
2558723
2558722
2558721
2558720
2558719
2558718
2558717
2558716
2558715
2558714
2558713
2558712
2558711
2558710
2558709
2558708
2558707
2558706
2558705
2558704
2558703
2558702
2558701
2558700
2558699
2558698
2558697
2558696
2558695
2558694
2558693
2558692
2558691
2558690
2558689
2558688
2558687
2558686
2558685
2558684
2558683
2558682
2558681
2558680
2558679
2558678
2558677
2558676
2558675
2558674
2558673
2558672
2558671
2558670
2558669
2558668
2558667
2558666
2558665
2558664
2558663
2558662
2558661
2558660
2558659
2558658
2558657
2558656
2558655
2558654
2558653
2558652
2558651
2558650
2558649
2558648
2558647
2558646
2558645
2558644
2558643
2558642
2558641
2558640
2558639
2558638
2558637
2558636
2558635
2558634
2558633
2558632
2558631
2558630
2558629
2558628
2558627
2558626
2558625
2558624
2558623
2558622
2558621
2558620
2558619
2558618
2558617
2558616
2558615
2558614
2558613
2558612
2558611
2558610
2558609
2558608
2558607
2558606
2558605
2558604
2558603
2558602
2558601
2558600
2558599
2558598
2558597
2558596
2558595
2558594
2558593
2558592
2558591
2558590
2558589
2558588
2558587
2558586
2558585
2558584
2558583
2558582
2558581
2558580
2558579
2558578
2558577
2558576
2558575
2558574
2558573
2558572
2558571
2558570
2558569
2558568
2558567
2558566
2558565
2558564
2558563
2558562
2558561
2558560
2558559
2558558
2558557
2558556
2558555
2558554
2558553
2558552
2558551
2558550
2558549
2558548
2558547
2558546
2558545
2558544
2558543
2558542
2558541
2558540
2558539
2558538
2558537
2558536
2558535
2558534
2558533
2558532
2558531
2558530
2558529
2558528
2558527
2558526
2558525
2558524
2307017
2528529
2488668
2583286
12022
2483772
2491318
2491317
2491316
2491321
2491320
2491319
1187128
1604868
1604868
1604868
1604868
2283021
2283020
2283019
2283018
2283022
2283024
2283023
2283017
2259657
2283016
2282994
2283025
2283026
2234088
2178932
2163986
2144177
2144178
2144176
2006921
10760
2570913
2570912
2052742
2585737
2847055
2528672
2528673
2528690
2528691
2528689
2528688
2528686
2528687
2528685
2528684
2528682
2528683
2528681
2528680
2528679
2528678
2528676
2528677
2528675
2528674
2528671
2571132
2571131
2562890
2562638
2562637
2562636
2562635
2056127
2163420
2495555
2495554
2495553
2184265
2056127
200474
200474
200474
532077
10760
2559821
2557550
2557553
2557555
2557554
2562199
2562181
2562180
2557583
2557582
2557581
2557580
2557579
2557546
2547246
2555548
2562176
2544946
2562111
2528247
2530185
2530182
3713581
2530184
2530052
2530188
2530187
2530186
2530024
2530023
2530033
2530019
2530021
2530140
2530141
2530149
2530152
2530145
2530144
2530160
2530135
2530142
2530136
2530147
2530150
2530131
2530120
2530138
2530122
2530134
2530123
2530121
2530118
2530151
2530157
2530137
2341047
2530117
2530130
2530128
2530119
2530116
2530132
2341048
2530124
2530129
2530154
2530158
2530143
2530125
2530127
2530156
2530126
2530153
2530139
2530159
2530155
2530133
2530037
2530035
2530036
2530025
2530027
2530026
2563525
2563495
2563533
2563554
2563547
2563543
2563538
2563592
2563573
2563580
2563507
2563499
2563529
2563527
2563526
2563522
2563514
2563508
2563516
2563544
2563586
2563582
2563564
2563534
2563496
2563530
2563523
2563519
2563513
2563502
2563532
2563561
2563558
2563555
2563548
2563539
2563537
2563595
2563591
2563588
2563584
2563579
2563574
2563566
2563563
2563494
2563524
2563518
2563501
2563500
2563560
2563556
2563549
2563542
2563540
2563536
2563594
2563589
2563583
2563578
2563562
2563510
2563498
2563493
2563492
2563528
2563521
2563517
2563515
2563511
2563509
2563506
2563503
2563497
2563491
2563531
2563559
2563557
2563552
2563551
2563550
2563546
2563541
2563593
2563585
2563581
2563577
2563575
2563572
2563568
2563567
2563565
2563569
2517926
2517927
2517941
2517950
2517949
2517938
2517953
2517962
2517963
2517957
2517956
2517939
2517951
2517933
2517966
2517936
2517944
2517961
2517948
2517940
2517937
2517967
2517973
2517930
2517970
2517932
2517942
2517929
2517931
2517965
2517935
2517928
2517972
2517943
2517952
2517971
2517934
2517958
2517959
2517946
2517947
2517964
2517969
2517968
2517955
2517954
2517960
2517945
756278
756278
756278
756278
2530169
2491665
2491664
2491663
2530161
2419783
2530172
2530173
2510588
2510586
2510585
2510587
2510574
2510573
2510581
2510572
2510580
2510571
2510575
2478683
2510570
2510582
2510569
2510579
2510578
2510577
2510576
2510568
2555918
2555917
2555915
2555911
2555910
2555912
2555909
2555914
2555913
2510459
2510457
2510456
2510454
2510453
2510455
2510458
2510510
2510519
2510512
2510513
2510503
2510501
2510509
2510506
2510516
2510514
2510517
2510520
2510502
2510521
2510504
2510508
2510505
2510511
2510507
2510518
2510515
2510463
2510468
2510469
2510464
2510465
2510466
2510467
2510470
2510471
2508849
2508851
2508850
2510489
2510488
2510479
2510478
2510480
2510475
2510474
2510483
2510482
2510481
2510487
2510486
2510477
2510476
2510485
2510484
2510492
2510495
2506428
2508069
2510522
2510523
2510525
2510527
2510526
2510524
2516434
2508071
2848038
2508852
2510494
2307016
2307015
2507864
2507863
2507862
2507861
2507860
2507859
2507858
2507857
2507856
2507855
2507854
2508176
2508189
2508175
2508174
2508191
2508190
2508188
2508173
2508187
2508186
2508185
2508195
2508179
2508178
2508177
2508202
2508194
2508201
2508180
2508197
2508181
2508199
2508193
2508192
2508198
2508200
2508205
2508206
2508204
2508203
2507711
2508061
2501743
2501744
2502484
2502483
2502482
2502481
2502480
2502479
2502454
2502478
2502477
2502453
2502452
2502476
2502451
2502475
2502450
2502449
2502474
2502473
2502472
2502471
2502470
2502469
2502468
2502448
2502467
2502447
2502446
2502466
2502465
2502464
2502463
2502462
2502461
2502460
2502445
2502444
2502459
2502458
2502457
2502456
2502455
2502443
2502442
2502441
2502440
2502439
2502438
2502437
2502436
2502435
2502434
2502433
2502432
2502431
2502430
2502429
2502428
2502427
2502426
2502425
2502424
2502423
2502422
2502421
2502420
2502419
2502418
2502417
2510173
2510149
2507835
2508866
2508865
2507846
2510151
2510150
2501745
2502413
2502306
2502305
2502304
2502416
2502303
2502412
2502302
2502301
2502409
2502300
2502299
2502411
2502415
2502414
2502410
2502408
2502307
2502298
2502297
2500166
2500798
2307269
2528530
2528528
2500800
2500805
2500799
2500801
2500806
2500803
2500804
2500802
2500807
2500786
2500787
2500791
2500794
2500796
2500797
2500789
2500795
2500792
2500793
2500788
2500790
2500581
2498616
2500818
2500815
2500820
2500819
2500817
2500816
2500814
2500762
2500763
2500761
2500566
2500570
2500569
2500568
2500567
2848096
2500560
2500559
2500556
2500810
2500809
2500808
2500574
2500571
2500572
2500575
2500573
2499052
2499027
2499028
2499031
2499037
2499056
2499004
2499025
2499030
2499055
2499071
2499035
2499013
2499026
2499009
2499034
2499032
2499022
2499070
2499069
2499029
2499021
2499068
2499067
2499066
2499065
2499064
2499020
2499063
2499019
2499062
2499061
2499060
2499018
2499059
2499058
2499057
2499017
2499016
2499015
2499053
2499014
2499051
2499050
2499012
2499011
2499010
2499047
2499049
2499048
2499008
2499007
2499046
2499006
2499045
2499044
2499042
2499005
2499041
2499003
2499024
2499040
2499002
2499039
2499038
2499023
2499001
2499036
2499000
2498999
2499033
2499054
2499072
2499043
2500828
2500827
2500826
2500169
2494333
2516329
2516329
2516329
2516329
2516329
2516331
2516331
2516331
2516331
2516331
2516331
2516331
2516330
2516330
2516330
2516330
2516330
2516330
2516330
2516330
2516330
2516330
2500148
2491292
2491291
2491290
2491289
2491288
2491287
2491286
2491285
2491284
2491283
2491282
2491281
2491281
2491281
2491281
2500150
2500151
2500137
2500138
2500136
2499909
2571241
2499902
2492961
2546303
2492962
12022
2492948
2492447
2492437
2488702
2382122
2488595
2488949
2488859
2488858
2488980
2488979
2488978
2488960
2488977
2488976
2488981
2488975
2488974
2488957
2488973
2488972
2488971
2488959
2488970
2488969
2488968
2488967
2488956
2488958
2488966
2488955
2488965
2488964
2488963
2488954
2488962
2488953
2488952
2488961
2488951
2488654
2488664
2499073
2499074
2489636
2489635
2489634
2489633
2489632
2489631
2489630
2489629
2489628
2489627
2489626
2489625
2489624
2489623
2489622
2489621
2489620
2489619
2489618
2489617
2483609
2483852
2483851
2483850
2483660
2488788
2488787
2488780
2488789
2488786
2488782
2488785
2488784
2488783
2488781
2483623
2488835
2483612
2484225
2484226
2483611
1873993
2483604
2483610
2545437
2545436
2545435
2420320
1298530
2483418
2364194
2483877
2483879
2483878
2483662
2365033
2365032
2365031
2365030
2365029
2365028
2365027
2365026
2365025
2365024
2365023
2365022
2365021
2365020
2365019
2365018
2365017
2365016
2365015
2365014
2365013
2365012
2365011
2365010
2365009
2365008
2365007
2365006
2365005
2365059
2365058
2365057
2365056
2365055
2365054
2365053
2365052
2365051
2365050
2365049
2365048
2365047
2365046
2365045
2365044
2365043
2365042
2365041
2365040
2365039
2365038
2365037
2365036
2365035
2365034
2484249
2484248
2484247
2484246
2484244
2419653
2419652
2419651
2419663
2419662
2419661
2419660
2419659
2419658
2419631
2419650
2419648
2419647
2419646
2419645
2419644
2419643
2419641
2419639
2419638
2419637
2419635
2419634
2419633
2419632
2419630
2419629
2419657
2419656
2419642
2419654
2419649
2419640
2419628
2419655
2419636
2419621
2546569
2419608
2315715
2321391
2419750
2419746
2419740
2419742
2419753
2419744
2479482
2419743
2419747
2419737
2419749
2419752
2419738
2419751
2419756
2419736
2419741
2419748
2419739
2419745
2419755
2419754
2495576
2301532
2301537
2301536
1400796
2301535
2494706
2494705
2494704
2494703
2060122
2060122
2060121
2060121
2060121
2060121
1857099
1857099
2282989
2200756
38018
1187128
1187128
1187128
2511836
2511835
2511834
2511832
2201378
2494718
2494717
2785027
2178929
1229761
1229761
2108359
2099862
2099861
2099860
2099859
2099858
2099857
2099856
2099855
2099854
2099853
2081604
2079541
2528160
2065330
2059878
2059877
2059850
2053690
2047786
2026130
10760
2052931
2052932
2052930
2490450
2490451
2490449
2490448
2518961
2282631
2282630
2282629
1969741
1929111
1929110
1929109
1929108
1929119
1929118
1929117
1929113
1929112
1929130
1929129
1929128
1929122
1929121
1929120
1929116
1929115
1929114
1929106
1929131
1929127
1929107
1929126
1929125
1929124
1929123
2555680
2716354
2783517
2716353
2716352
2716351
2716355
2716350
2306278
2498591
2488571
2496589
2499142
2491346
2488948
2488711
2488706
2488710
2488709
2488705
2488713
2488712
2488708
2488707
2486665
2488596
2488632
2484222
2479934
2479933
2484216
2484215
2484214
2484213
2484218
2484212
2484211
2484207
2484210
2484206
2484209
2338395
2484205
2484208
2484217
2480623
2420240
2420239
2448910
2448911
2448909
1932007
2483675
2483674
2483676
2483663
2483673
2483672
2483671
2483670
2483669
2483668
2483667
2483666
2483665
2483664
2483712
2483715
2483714
2483713
2420341
2419930
2483722
2483720
2483721
2341079
2341078
2483719
2483718
2341077
2484639
2484640
2484637
2484638
2419704
2419683
2419615
2419611
2419614
2419613
2419612
2419610
2419609
2419682
2419942
2340873
2419620
2419622
2419623
2419624
2419618
2419619
2315766
2419627
2419625
2419626
2419526
2419525
2419524
2419523
2496544
2419617
307898
2315580
2419582
2419581
2419970
2419969
2419968
2419975
2419967
2419966
2419965
2419964
2419963
2419962
2419961
2419960
2419980
2419959
2419979
2419958
2419978
2419957
2419956
2419955
2419954
2419953
2419952
2419951
2419950
2419974
2419949
2419973
2419977
2419976
2419972
2419948
2419947
2419971
2419946
2419945
2315597
2315705
2315702
2315714
2315713
2315712
2315711
2315717
2315710
2315709
2315701
2315708
2315707
2315704
2315716
2315703
2315706
2315469
2315475
2315470
2315486
2315527
2315465
2315465
2315465
2315465
2315465
2315465
2315465
2315465
2315465
2315465
2315465
2315465
2315465
2315465
2315465
2315465
2315465
2315465
2315465
2321390
2321389
2321388
2315485
2315484
2315483
2315482
2320188
2320198
2320197
2320193
2320196
2320192
2320195
2320191
2320190
2320194
2320189
2315468
2315467
2315466
2315471
2315547
2315546
2315545
2315544
2315543
2315534
2315542
2315533
2315541
2315532
2315540
2315528
2315539
2315531
2315538
2315537
2315530
2315536
2315529
2315535
2315601
2306966
2315627
2060721
2315458
2315695
2315617
2315610
2315616
2315615
2315609
2315619
2315608
2315618
2315614
2315611
2315613
2315612
2315696
2315335
2315700
2315629
2315628
2301642
2301621
2301608
2301620
2301619
2301601
2301618
2301617
2301616
2301604
2301607
2301606
2301615
2301603
2301614
2301600
2301613
2301612
2301602
2301611
2301610
2301605
2301609
2301646
2301649
2489146
2489146
2489146
2489146
2489146
2489146
2489146
2301650
2340717
2340719
2340716
2340720
2301662
2301647
2301648
1150757
2301527
2301545
2301556
2301544
2301555
2301539
2301554
2301552
2301553
2301551
2301543
2301542
2301550
2301549
2301538
2301548
2301541
2301540
2301547
2301546
2301531
2282912
2316019
2301731
2316016
2301572
2301575
2301560
2301571
2301559
2301570
2301569
2301568
2301567
2301562
2301558
2301574
2301566
2301573
2301565
2301564
2301563
2301561
2301715
2301697
2301713
2301701
2301712
2301694
2301711
2301710
2301693
2301698
2301709
2301708
2301700
2301707
2301696
2301706
2301705
2301699
2301714
2301704
2301703
2301702
2301692
2301691
2301695
2301664
2283028
2283027
2301685
2301686
2301684
2301683
2282904
2301687
2301689
2301688
2301690
2282910
2282909
2282911
2282908
2316014
2316013
2100130
2283015
2316006
2283013
2283098
2283012
2283011
2283287
2283294
2283288
2283286
2283295
2283302
2992931
2283303
2283296
2283304
2283297
2283298
2283299
2283291
2283292
2283293
2283290
2283305
2283300
2283301
2283272
2283270
2283271
2283269
2268396
2283282
2283281
2283262
2283247
2283260
2283259
2283252
2283245
2283250
2283253
2283248
2283267
2283263
2283261
2283265
2283266
2283249
2283264
2283244
2283246
2283258
2283257
2283243
2283256
2283242
2283254
2283255
2283241
2283240
2283239
2283251
2283238
2250214
10692
2282409
10666
2282412
2282407
1332145
2282408
2282402
2250334
2250333
2250332
2250323
2250331
2250322
2250324
2250330
2250329
2250328
2250321
2250320
2250327
2250326
2250337
2250336
2250325
2250319
2250335
2282401
2282400
2249467
2202135
2250310
2250309
2250308
2250298
2250297
2250307
2250296
2250306
2250305
2250304
2250303
2250295
2250302
2250301
2250300
2250299
1048189
2250289
2250288
2250294
2250293
2250292
2250291
2250290
2267248
2233993
2233992
2039884
2250389
2250397
2250396
2250395
2250399
2250407
2250406
2250405
2250404
2250394
2250403
2250393
2250402
2250392
2250401
2250390
2250400
2269380
2269366
1636256
1636258
1636259
2282396
2283029
2283032
2283031
2283030
2283033
2498843
2249771
2249770
2249766
2249769
2249768
2249767
2249765
2249764
2249763
2250428
2250418
2250416
2250427
2250417
2250426
2250425
2250424
2250415
2250423
2250414
2250422
2250413
2250412
2250421
2250411
2250410
2250420
2250409
2250408
2250419
2249314
2268610
2886926
2886926
2576879
2249773
2249778
2249777
2249776
2249775
2249774
2249772
2249780
2249779
2483417
2267655
2267654
2267653
2301723
2301722
2301721
2301720
2268578
2268621
2268623
2268622
2783859
2250368
2250387
2250386
2250385
2250384
2250383
2250371
2250382
2250369
2250381
2250370
2250380
2250379
2250378
2250377
2250376
2250375
2250374
2250373
2250372
2316154
2382310
2268608
2268609
2268607
2268588
2268587
2268591
2267403
2233540
2250362
2250353
2250367
2250366
2250365
2250364
2250363
2250350
2250360
2250358
2250357
2250356
2250355
2250354
2250352
2250361
2250351
2250349
2250359
2268590
2268589
2267250
2231362
2231361
2231360
2231359
2231358
2231357
2231356
2231355
2231354
2231353
2231352
2231351
2231350
2231349
2231348
2231347
2231346
2231345
2231344
2231343
2231342
2231341
2231340
2231339
2231338
2231337
2231336
2231335
2231334
2234093
2234092
2234080
2234086
2234083
2234082
2234081
2234085
2234084
2202248
2202247
2202246
2234079
2234078
2234077
2234076
2234075
2234074
2234073
2234072
2234047
2234035
2234038
2234037
2234036
2234033
2234034
2234032
2234031
2234025
2234030
2234029
2234028
2234027
2234026
2302419
2302418
1296591
1296592
2301448
2175169
2992929
2201444
2201445
2201431
2201425
2201443
2201455
2201454
2201430
2201442
2201453
2201440
2201452
2201439
2201438
2201451
2201429
2201437
2201436
2201428
2201435
2201434
2201450
2201433
2201449
2201427
2201426
2201448
2201447
2201432
2201446
2201462
2201420
2201417
2201421
2201424
2175605
2184699
2184698
2201742
2201988
2178923
2178922
2178921
2178920
2178919
2178918
2201348
2201349
2201347
2201346
2136797
2136699
2201414
3071317
3071316
2201472
2182345
2267678
2267678
2267678
2267678
2182346
2182341
2301452
2301451
2301450
2301449
2018029
2182343
2182342
2182324
2790307
2790306
2790305
2790304
2182323
2182319
2182318
2182320
2182321
2182322
1868654
1868654
2301453
2178928
2305035
2182407
2182406
2182405
2182404
2182403
2182402
2182401
2992928
2182399
2182398
2182397
2182396
2182408
2182395
2182394
2182393
2182392
2182357
2182359
2182358
2182349
2182348
2182347
2182361
2182356
2182355
2182360
2182354
2182353
2182352
2182351
2182350
39803
39803
39803
39803
39803
39803
39803
39803
39803
39803
39803
39803
2233775
2175843
2218614
2218618
2218613
2218612
2218616
2218617
2218615
2218619
2218610
2218611
2218620
2108110
2108111
2108109
2108112
2094736
2094737
2094735
2082229
2079278
2070199
2070200
2340712
2340714
2340713
2340711
2340715
2059851
2060112
2059858
2054877
2053015
2053653
2053681
2304657
2048975
2053709
2053708
2053707
2053706
2053704
2053703
2053705
2048517
2041339
2041383
2041382
2041351
2041477
2041476
2041475
2041474
2041473
2041472
2029636
2041759
2041760
2029635
2024314
2029676
2029675
2029674
2029673
2029672
2029671
2029670
2029669
2029668
2029667
2029666
2029665
2029664
2029663
2029662
2029661
2029660
2029659
2029658
2024334
2024336
2024337
2024340
2024341
2024335
2024339
2024338
2847822
2847823
2301530
2170705
2024011
2006924
2024350
12022
1126885
10760
10760
2419761
2419760
2419760
2419762
2029173
2029171
2029170
2029172
10760
10760
10760
28358
28358
10736
2153295
2056127
2056127
2056127
1983784
1983783
1983557
1983556
1983555
1983582
1983590
1983589
2099663
1983536
1970788
1965362
1958964
1928330
1927017
1874584
1874572
1874574
1874573
1874571
1874570
1874582
1874581
1874583
1874580
1874575
1874579
1874578
1874577
1874576
1651201
1651200
1651204
1651203
1651198
1651199
1651197
1651196
1651202
2267607
2267608
2509651
2184051
2282175
2955582
2218499
2218498
2218497
2175688
2175687
2172042
2163965
2163964
2163980
2163979
2163978
2163977
2163963
2163976
2163970
2163987
2163962
2163024
2163899
2115967
2163983
2163982
2163984
2163985
2161784
2161785
2163901
2136799
2116688
2163588
320847
2136178
2136179
2126734
2163598
2163597
2163596
2163595
2163594
2163593
2163592
2163591
2163590
2163589
2163631
2163635
2163634
2163633
2163629
2163632
2163636
2163630
2496546
2163891
2163890
2163889
2163888
2163887
2163885
2163886
2126807
2126806
2126805
2126957
2126958
2126956
2126955
2126954
2126953
2126952
2126951
2126950
2126943
2126949
2126948
2126947
2126946
2126945
2126944
2126722
2126723
2126721
2126937
2126931
2126929
2126928
2126922
2126936
2126935
2126934
2126933
2126932
2126930
2126927
2126926
2126925
2126924
2126923
2126803
2126724
2126784
2126785
2126786
2175845
2175844
2126819
2126791
2126789
2126787
2126790
2126788
2126809
2126811
2126810
2126808
2126817
2126816
2126815
2126814
2126813
2126812
2126735
2126736
2108134
2108125
2108131
2108133
2108122
2108130
2108120
2108121
2108124
2108128
2108123
2108127
2108132
2108129
2108126
2108119
2108118
2108137
2108115
2108117
2108116
2108114
2108113
2099338
2099390
2099336
2108174
2108173
2108172
2108171
2108170
2108169
2108168
2108167
2108166
2108165
2108164
2108163
2099852
2099356
2099658
2094141
2094140
2094139
2094138
2094137
2094136
2094135
2094134
2094133
2094132
2094144
2094131
2094130
2094129
2094128
2094143
2094142
2086639
2099652
2099442
2099452
2099451
2099450
2099446
2099449
2099448
2099445
2099444
2099447
2099443
2099653
2099642
2099641
2099640
2099639
2099627
2099635
2099638
2099637
2099636
2099626
2099634
2099625
2099633
2099624
2099632
2099628
2099631
2099630
2099629
2099850
2099644
2099646
2099645
2099651
2099649
2099648
2099585
2081603
2081631
2081629
2081628
2081627
2081626
2081630
2081625
2081624
2081623
2081622
2081621
2081620
2081619
2081618
2079534
2079543
2079544
2079397
2079580
2079584
2079592
2079581
2079591
2079590
2079589
2079588
2079587
2079586
2079585
2079583
2079582
2079579
2079578
2079577
2079593
2079340
2066504
2079347
10760
2079317
2079404
2079406
2079407
2079401
2079409
2079399
2079412
2079411
2079410
2079403
2079402
2079400
2079408
2079405
2079570
2079571
2079572
2079573
2079569
2079568
2079567
2079566
2079565
2079564
2079563
2077150
2079298
2072797
2079316
2079315
2079290
2079289
2079288
2079287
2079276
2079275
2066503
2079262
2079259
2079285
2079282
2079281
2079284
2079283
2079280
2074139
2074138
2079433
2079434
2079429
2079432
2079430
2079431
2079258
2079425
2079416
2079424
2079423
2079428
2079422
2079421
2079420
2079419
2079418
2079415
2079417
2079414
2079427
2079426
2079413
2070202
2991867
2070028
2070201
2070198
2070180
2070193
2070192
2070196
2070195
2070194
2070190
2070191
2070189
2070179
2070058
2070057
1970788
2070026
2070186
2070187
2070181
2070184
2070188
2070182
2070183
2070185
2070178
2069313
2070197
2069609
2069608
2069610
2065204
2065203
2060947
2138299
2138298
2138297
2065202
2060946
2065191
2065199
2060090
2060089
2060088
2060087
2060086
2059854
2060129
2060128
2060127
2060126
2060091
2570301
2570300
2060122
2060123
2060121
2060124
2060120
2081904
2060111
2059867
2059857
2059855
2059856
2059883
2059882
2059881
2059880
1881379
1881285
1881396
1881395
1881448
1881240
2070728
1881404
1881403
1881378
1881377
1881376
1881284
1881283
1881282
1881281
1881280
1881375
1881279
1881374
1881373
1881372
1881371
1881370
1881369
1881278
1881368
1881367
1881277
1881276
1881366
1881275
1881365
1881364
1881363
1881362
1881361
1881360
1881359
1881358
1881357
1881239
1881274
1881447
1881273
1881272
1881238
1881237
1881446
1881445
1881271
1881444
1881356
1881270
1881355
1881443
1881269
1881268
1881267
1881442
1881441
1881413
1881236
1881412
1881266
1881235
1881234
1881233
1881232
1881231
1881354
1881353
1881265
1881352
1881230
1881229
1881454
1881351
1881228
1881227
1881440
1881226
1881350
1881394
1881393
1881411
1881439
1881438
1881264
1881410
1881453
1881452
1881406
1881225
1881437
1881224
1881223
1881451
1881263
1881262
1881261
1881349
1881260
1881259
1881258
1881257
1881256
1881348
1881347
1881346
1881436
1881435
1881345
1881222
1881221
1881220
1881219
1881218
1881217
1881434
1881255
1881392
1881254
1881391
1881216
1881433
1881432
1881253
1881402
1881215
1881344
1881343
1881252
1881214
1881342
1881390
1881213
1881212
1881211
1881341
1881210
1881409
1881209
1881340
1881339
1881389
1881338
1881208
1881388
1881405
1881387
1881431
1881430
1881429
1881251
1881207
1881206
1881428
1881337
1881386
1881286
1881205
1881204
1881336
1881335
1881385
1881408
1881203
1881202
1881201
1881200
1881334
1881427
1881384
2070727
1881250
1881249
2070726
1881333
1881332
1881331
1881199
1881198
1881197
1881196
1881426
1881330
1881329
1881328
1881195
1881194
1881327
1881326
1881325
1881248
1881247
1881324
1881425
1881323
2070725
1881322
1881321
1881383
1881401
1881400
1881399
1881320
1881319
1881318
1881317
1881316
1881424
1881193
2070724
2070723
1881192
2070722
1881315
1881314
2070721
2070720
1881398
1881191
1881456
1881313
2070719
1881312
1881311
1881310
1881309
1881455
1881308
1881246
1881307
1881449
1881306
1881305
2070718
1881382
2070717
2070716
2070715
1881304
1881245
1881423
1881303
1881302
1881301
1881300
1881299
1881298
1881297
1881296
1881190
1881189
1881295
1881422
1881294
1881407
1881381
1881380
1881293
1881421
1881420
1881292
1881419
1881418
1881417
1881416
1881415
1881450
1881397
1881291
1881188
1881244
1881290
1881243
1881289
1881242
1881241
1881414
1881288
1881287
38018
2029631
2060119
38018
2060945
38018
2059879
2025806
38018
2053813
2053812
2053723
2053563
2053603
2053604
2054274
2054272
2054273
2053623
1186124
2053671
2053692
2053691
2052822
2052821
2050981
2050980
2053672
2008320
2053675
2050964
2053682
2053700
2053699
2783801
2053693
2053702
2761363
2267236
2053701
2053686
2049306
2053684
2047760
2047766
2047765
2047782
2047874
2047872
2047873
2047866
2047865
2047871
2047867
2047870
2047869
2047868
2044561
2047788
2047847
2047846
2047845
2047828
2047844
2047843
2047842
2047841
2047840
2047839
2047838
2047837
2047832
2047831
2047830
2047836
2047835
2047834
2047829
2047833
2047801
2048061
2048008
2048007
2060948
2060956
2060957
2060955
2060954
2060953
2060952
2060950
2060949
2060951
2048980
2048979
2048976
2048977
2048978
2137351
2047758
2783800
2041492
2041491
2041490
2041489
2041488
2041493
2041515
2041516
2041551
2041550
2041541
2041350
2027279
2027278
2027277
2027276
2027275
2027274
2027273
2027272
2027271
2027270
2027269
2027268
2027267
2027266
2027265
2027264
2027263
2027262
2027261
2027260
2027259
2027258
2027257
2027256
2027255
2027254
2027253
2027252
2027251
2027250
2027249
2027248
2027247
2027246
2027245
2027244
2026814
2041215
2041214
2848047
2684227
2137502
2137513
2137512
2137511
2137510
2137509
2137508
2137507
2137506
2137505
2137504
2137503
2137501
2137500
2041860
2681614
2041858
2681612
2041856
2681615
2681613
2681616
2041510
2041509
2041508
2041507
2041506
2041505
2041504
2041503
2041502
2041501
2041500
2041495
2041494
2041499
2041498
2041497
2041496
2069615
2069614
2034347
2034346
2034345
2034344
2034343
2034342
2026083
2024325
2024330
2069312
2024236
2024310
2024309
2024308
2024307
2024306
2024305
2024304
2054046
2006938
141904
2024349
2079321
2079279
45332
1928621
2077277
2055238
2052933
2052934
2734018
2045371
2045373
2045370
2045372
2029169
45332
12022
12022
12023
12023
12023
12022
12023
12022
31533
10760
578234
578234
2137745
2083276
2060721
2060720
1983553
1983588
2094572
1983463
1983609
1983608
1983607
1983606
1983598
1983594
1983599
1983597
1983596
1983601
1983592
1983615
1983614
1971233
2932880
1958914
1960312
2083161
1965269
1785176
1958913
1962679
2072008
1958919
1958918
1958917
1958916
2679891
1933771
1933770
10665
10665
1913122
1970800
1970799
1912492
1873997
1874592
1874588
1874587
1874594
1874586
1874591
1874590
1874589
1874593
1874585
2100124
2056768
2056767
2077135
2077134
2077133
2072004
2072003
2072006
2072005
2072010
2072011
2072010
2070497
2070496
2028134
2036055
10760
10760
2045361
2048005
2041337
2041344
2041454
2496545
3117586
2041486
2041487
2041353
2041354
2036050
2041341
2041342
2041413
2041557
2041556
2041555
2041554
2041553
2041552
2041563
2041549
2041548
2041547
2041546
2041545
2041544
2041543
2041542
2041562
2041514
2041513
2041540
2041539
2041538
2041561
2041560
2041512
2041537
2041536
2041535
2041511
2041534
2041533
2041532
2041531
2041559
2041530
2041529
2041528
2041525
2041527
2041526
2041524
2041523
2041522
2041521
2041520
2041519
2041518
2041558
2041517
2041389
2040288
2041347
2041345
2041348
2041210
2040289
2041209
2041208
2041207
2041206
2041205
2030094
2034166
2507411
2041204
2030924
2030923
2030922
2027904
2027903
2027905
2027887
2027902
2027901
2027889
2027900
2027899
2027886
2027898
2027897
2027896
2027888
2027885
2027884
2027895
2027894
2027893
2027892
2027891
2027890
2027883
2029657
2041212
2024607
2029634
2029632
2041211
2026944
2026950
2026943
2036768
2029064
2026085
2024293
2024292
2024291
2024290
2024289
2024288
2024287
2024286
2024254
2024253
2026113
2026115
2026114
2026084
2022859
2026082
2026102
2026101
2024294
2024295
2024296
2024297
2024298
2024285
2024284
2026081
2026080
2024208
2024229
2024214
2024213
2024210
2024211
2024212
2024240
2024239
2024241
2024238
2022474
2024265
2024264
2024263
2024262
2024261
2020879
2024543
2024007
2024006
2024005
2024237
2015811
2015812
2015810
2015809
2023999
2023998
2023990
2023716
2015814
2884423
2015806
2015805
2014434
2023996
2023995
2023994
2023993
2023992
2015804
2015817
2015820
2015818
2015823
2015824
2015819
2015822
2015825
2015815
2015816
2015826
2015831
2015827
2015829
2015830
2015832
2015821
2015828
2024010
2024232
2024233
2024235
2024230
2024231
2024234
2024251
2024250
2024252
2024249
2024248
2024247
2015833
2928692
2014586
2015851
2023953
2024280
2024283
2024282
2024281
2024279
2024278
2024277
2024276
2024275
2024274
2018029
2015850
2015849
2015839
2015847
2015846
2015844
2015842
2015841
2015838
2015837
2015836
2015848
2015835
2015845
2015843
2015834
2015840
1873341
2006930
2006928
2024321
2024320
2024319
2024318
2024313
2024317
2024316
2024315
2282196
2024312
2024311
2023951
2023950
2023949
2023958
2023959
2006926
2569975
2022331
2024302
2024303
2015891
2015873
2015872
2015871
2015870
2015890
2015869
2015889
2015868
2015867
2015866
2015865
2015864
2015888
2015887
2015863
2015862
2015860
2015861
2015886
2015859
2015885
2015884
2015883
2015882
2015881
2015858
2015880
2015857
2015879
2015878
2015856
2015877
2015876
2015855
2015854
2015875
2015874
2015853
2014350
2014349
2006922
2005789
2006923
2006684
2005048
2005047
2006671
2006668
2014348
2014347
2006942
2006940
2006941
2005054
2016053
2016052
2678937
2016050
2016049
930196
2025822
2025821
2025820
2025819
2025818
2025817
2025816
2025815
3428451
2025812
2025811
2025809
2025823
10760
2052753
2052756
2052752
2052755
2052754
2052748
2052750
2052757
2052744
2052745
2052747
2052751
2052749
2052746
2052743
2052742
2496549
1934252
2017580
10760
10760
1126885
1399915
374421
374421
374421
12022
12022
1961914
1968340
1439894
1439894
1439894
1439894
1439894
1439894
1439894
1439894
1439894
1439894
1983541
1983539
1983544
1983543
1983554
1984757
1984756
1984755
1984754
1984753
1984752
1984751
1984750
1984749
1984758
1984748
1984747
1033977
2010329
2015808
2015807
1983573
1983574
1983575
1983576
1983577
1983578
1983579
1983581
1983789
1983585
1983586
1983413
1983447
1983572
1983656
1983655
1983459
1983621
1983620
2847282
1983461
1978922
1983465
1983525
1983605
1983603
1983616
1983595
1983593
1983611
1983604
1983602
1983600
1983613
1983612
1983610
1973454
1979540
1983409
1981931
1975614
1983408
2783802
2783803
31535
1981553
1981552
1981514
2928683
1970789
1970798
1970746
1970744
1971233
1971233
1971233
1969841
1970747
1970795
1542116
1970797
1971449
1971448
1971447
1971446
1971445
1971444
1971443
1971442
1971441
1971440
1971439
1971438
1971437
1971436
1971435
1971434
1971433
1971432
1971431
1971430
1971429
1971428
1971427
1971426
1971425
1971424
1971423
1971422
1971421
1971420
1971419
1971418
1971417
1971416
1971415
1971414
1971413
1971412
1971411
1971410
1970776
1970794
1969991
1969991
1969991
1969736
2267237
1981500
1981499
1965465
1965452
1965451
1965454
1965455
1965463
1965462
1965461
1965460
1965459
1965457
1965458
2268914
1965464
1965456
1965386
1965494
1965535
3070820
1965492
1965491
1965490
1965489
1965488
1965532
1965487
1965486
1907784
1907782
1907783
1907781
1962671
1913039
1962672
1980139
1965369
1965370
1965375
1965374
1972440
1972439
1972438
1972436
1972437
1972435
1972434
1965372
2496547
38018
1972433
1965485
1965367
1965365
1965366
1965368
1965363
1961797
1965283
1965361
1959739
1959738
1959737
1959740
1959736
1959735
1965482
1965469
1965468
1965477
1965476
1965473
1965472
1965471
1965470
1965467
1965475
1965474
1965481
1965480
1965479
1965478
1965484
1965483
1926594
1955424
1955426
1955425
1955423
1958921
1958912
1959484
1958922
1958908
1958909
1958910
1958911
1958895
1958965
1958956
1958907
1933772
908820
1933093
1932118
1933774
1932362
1932361
1955181
1955176
1933773
1933690
1933691
1933689
1932363
1929963
1955235
1933063
1933062
1933692
1931407
1933693
1933695
1932895
1932894
1932893
1932892
1932891
1933104
1933103
1933112
1933115
1933111
1933114
1933113
1933110
1933109
1933108
1933107
1932889
1932907
1932906
1932905
1932896
1932902
1932901
1932899
1932898
1932903
1932904
1932900
1932897
1932890
1955242
1960654
1960660
1960659
1960658
1960657
1960655
1960656
1932886
1932885
1927022
1932882
1932883
1964565
1917452
1917452
1917452
1917452
1917452
1917452
1917452
1917452
1917452
1917452
1927019
1927021
1927020
1927018
1927016
1927030
1927029
1927028
1927027
1927026
1927025
1927024
1927023
1927015
10717
1914788
1920305
1927014
2783867
1920294
1920312
1920307
1920309
1920310
1920311
1920308
1920298
1917488
1916414
1916101
1916115
1916116
1916117
1916114
1916113
1916112
1916127
1916099
1852640
1916205
1916204
1916203
1916202
1916201
1916200
1916199
1916198
1916197
1916196
1916195
1916194
1916193
1916192
1916191
1916190
1916189
1916188
1916186
1916185
1916184
1916183
1916182
1916181
1916180
1916179
1916178
1916177
1916176
1916175
1916174
1916173
1916172
1916171
1916170
1916169
1916168
1916167
1916166
1916165
1916164
1916163
1916162
1916161
1916160
1916159
1916158
1916157
1916156
1916155
1916154
1916153
1916152
1916151
1916207
1916206
1916187
1292086
1916111
1916110
1920379
1920338
1916107
1916103
10736
1916097
1916098
1913119
1916121
1916120
1913117
1913582
1913581
1913575
1913570
1913574
1913572
1913571
1908549
1913114
1406341
1913112
1909694
1971232
1913083
1913082
1913081
1903185
1903184
1903184
1913145
2939039
1913044
1913449
1913447
1913446
1913448
1913047
1913046
1913111
1913035
1913038
1913036
1913037
1934097
1897439
1897440
1897743
1930080
1897640
1927013
1943564
1943563
1943562
1897755
1897749
1897750
1897754
2890992
1897751
1897752
1897748
1897747
1897745
1897746
1897738
1897737
1897736
1897539
1913667
1873894
1873954
1885245
1885242
2886901
1852622
1934428
1868595
1868594
1846168
1852598
1868845
1868844
1868843
1868842
1868829
1868828
1868862
1868861
1868860
1868859
1868858
1868857
1868856
1868855
1868854
1868853
1868852
1868851
1868850
1868849
1868848
1868847
1868846
1852640
1933412
1852688
1852661
1852683
1852681
1852669
1852662
1852667
1852680
1852679
1852682
1852676
1852666
1852665
1852664
1852671
1852677
1852675
1852672
1852663
1852686
1852686
1852686
1852686
1852685
1852668
1852674
1852678
1852678
1852678
1852684
1852670
1852673
1852687
1860194
1860193
1860192
1860191
1860190
1860179
1860178
1860195
1852644
1852644
1852644
1837877
1837875
141904
141904
141904
141904
141904
141904
1401318
1815630
1815582
1815973
2772511
1779843
1622116
1622115
1622114
1777122
1775249
1775250
1755693
1747286
1840236
1851646
1735646
1735645
1718281
1718280
1718279
1698708
1673872
1675030
1675029
1636201
1555207
1211386
1277893
1133292
1277895
1279070
1277896
1929941
1912327
1912326
1912325
1912593
1912592
1633782
2042251
1938577
1923890
1923889
1920526
1813887
1892569
1926503
1880822
1921524
1874333
1788294
1852659
1852658
1813888
2886926
2886926
2884424
2884424
2913982
172667
1907178
1604876
1604876
2913982
255431
172667
2907955
10759
10760
10759
2907955
10760
2884424
2884424
2884424
12022
12022
10760
10760
10760
1774508
1729938
1729933
1720506
1574218
1574218
1574217
1574216
1574215
1574214
1574213
2886926
2886926
2886926
2886926
10760
2886926
2886926
2886926
2886926
1880590
1913118
1913113
1909401
1909400
1909403
1909402
1913591
1913111
1885654
1885648
1885647
1885649
1885642
1885640
1913110
1913109
1913108
1904491
1904925
1913080
1913079
1912318
1906944
1913049
1913048
1913041
1913042
1913043
1913034
1897435
1897434
1897436
1897437
1897438
1891703
1897432
1897433
1897441
1897442
1897431
1897430
1141525
1897425
1897426
1897443
1897428
1897429
1897445
1897484
1897449
1897448
1897424
1897486
1897480
1897479
1897490
1897491
1897525
1897524
1897523
1897526
1897527
1897641
1897495
1897498
1897489
1897487
1912978
1912976
1912977
1912975
1905713
1897497
1897499
1897550
1897549
1897546
1897545
1897547
1897544
1897548
1897496
1891963
1897500
1897554
1897553
1897528
1897537
1897536
1897535
1897534
1897532
1897533
1897531
1897504
1897503
1897505
1897551
1897502
1897501
1897552
1882400
1882439
1882465
1897515
1897516
1897517
1897518
1897507
1897506
1897540
1897482
1897764
1897768
1897765
1897769
1897767
1897762
1897761
1897763
1897766
1897770
1897543
1897542
1887657
1887656
1887655
1887654
1887653
1887652
1887651
1887650
1887649
1887648
1887647
1887646
1887645
1887644
1887643
1887642
1887641
1897483
1881104
1881141
1881140
1881139
1897541
1897555
1883205
1883206
1883204
1883203
1883202
1883200
1873887
1873985
1873892
1873895
1873902
1873903
112596
1873697
1873696
1873994
1873995
1873996
1873905
1873904
1873949
1873950
1873449
1870979
1870978
1870977
1871690
1871689
1871687
1871686
1871685
1871683
1871681
1871678
1871712
1871711
1871710
1871709
1871708
1871716
1871707
1874531
1874530
1874529
1874015
1874014
1872689
1868654
1873993
1857100
1857099
1883378
1883377
1883376
1883375
1883374
1883373
1883372
1883371
1883379
1883370
1871314
1885654
1885644
1885654
1885648
1885647
1885642
1885640
1885654
1885653
1885652
1885651
1885650
1885648
1885647
1885646
1885645
1885644
1885643
1885641
1885649
1885642
1885640
1873990
1873989
1862965
1862964
1862963
1862962
1862961
1862960
1862959
1862958
1873891
1873890
1873889
1873888
1874539
1874540
1873999
1873998
1874002
1874001
1874000
2928618
2928629
2790660
2928620
2928617
2928628
2928619
1278402
2928616
2928627
2928626
2928622
2790659
2928615
2928621
2790347
2928614
2928613
2928625
1278423
1278423
1278423
1278423
1278423
1278423
1278423
1278423
1278423
1278485
1278485
1278485
1278485
1278485
1278485
1278485
756278
756278
756278
756278
756278
756278
687800
687800
687800
687800
687800
687800
687800
687800
687800
687800
687800
687800
687800
687800
687800
687800
687800
687800
687800
687800
687800
687800
687800
687800
687800
687800
687800
687800
687800
687800
687800
687800
687800
687800
687800
687800
687800
687800
687800
687800
687800
687800
687800
687800
687800
687800
687800
687800
687800
687800
687800
687800
687800
687800
687800
687800
687800
687800
687800
1873777
1871692
1873959
1873958
1852629
310953
310953
310953
310953
310953
310953
310953
310953
310953
310953
310953
310953
310953
310953
310953
310953
310953
310953
310953
310953
310953
310953
310953
310953
310953
310953
310953
310953
310953
310953
310953
310953
310953
310953
310953
310953
310953
310953
310953
310953
310953
310953
310953
310953
310953
310953
310953
310953
310953
310953
310953
310953
310953
310953
310953
310953
310953
310953
310953
310953
310953
310953
310953
310953
310953
310953
310953
310953
310953
310953
310953
310953
310953
310953
310953
310953
310953
310953
310953
310953
310953
310953
310953
310953
310953
310953
310953
310953
310953
310953
310953
310953
310953
310953
310953
310953
310953
310953
310953
310953
310953
310953
310953
310953
310953
310953
310953
310953
310953
310953
310953
310953
310953
310953
310953
310953
310953
310953
310953
310953
310953
310953
310953
310953
310953
310953
310953
310953
310953
310953
310953
310953
310953
310953
310953
310953
310953
310953
310953
310953
310953
310953
310953
310953
310953
310953
310953
310953
310953
310953
310953
310953
310953
310953
310953
310953
310953
310953
310953
310953
310953
310953
310953
310953
310953
310953
310953
310953
310953
310953
310953
310953
310953
310953
310953
310953
310953
310953
310953
310953
310953
310953
310953
310953
310953
310953
310953
310953
310953
310953
310953
310953
310953
310953
310953
310953
310953
310953
310953
310953
310953
310953
310953
310953
310953
310953
310953
310953
310953
310953
310953
310953
310953
310953
310953
310953
310953
310953
310953
310953
310953
310953
310953
310953
310953
310953
310953
310953
310953
310953
310953
310953
310953
310953
310953
310953
310953
310953
310953
310953
310953
310953
310953
310953
310953
310953
310953
310953
310953
310953
310953
310953
310953
310953
310953
310953
310953
310953
310953
310953
310953
310953
310953
310953
310953
310953
310953
310953
310953
310953
310953
310953
310953
310953
310953
310953
310953
310953
310953
310953
310953
310953
310953
310953
310953
310953
310953
310953
310953
310953
310953
310953
310953
310953
310953
310953
310953
310953
310953
310953
310953
310953
310953
310953
310953
310953
310953
310953
310953
310953
310953
310953
310953
310953
310953
310953
310953
310953
310953
310953
310953
310953
310953
310953
310953
310953
310953
310953
310953
310953
310953
310953
310953
310953
310953
310953
310953
310953
1852625
1852626
1871313
1868170
1868169
1912321
1912320
1912319
1541686
1864623
1864622
1541690
1868599
1868600
1868601
1868598
1852657
1868610
1868611
1868597
1868596
1852599
1868827
1868824
1868826
1868825
1852597
1852567
1852565
1852566
1852564
1863011
2560754
1863010
1863009
1863008
1906349
1906349
1852638
1852630
1852563
1844477
1852643
1852642
1852641
1852628
1852627
1873452
1852562
1841196
1813782
1813769
1903149
1837219
1837218
1837830
1837829
1837867
1838068
1838072
1838069
1838075
1838076
1838070
1838077
1838079
1838081
1838061
1838065
1838074
1838078
1838071
1838067
1838073
1838084
1838066
1838080
1838082
1838062
1838063
1838083
1838064
1837841
1821228
1821726
1821722
1821721
1821723
1821725
1821724
1821727
1838138
1838137
1837862
1788346
1788345
1837850
1821539
1837876
1813781
1837842
1813778
1813783
1813773
1813780
1813779
1813771
1813777
1813774
1815955
1815986
1815987
1815988
1815989
1815985
1815984
1815983
1815978
1815977
1815976
1815975
1815974
1837930
1837931
1810705
1815509
1815590
1815631
1815511
1815510
1808964
1815968
1856120
1805950
1805952
1805954
1805948
1805956
1805953
1805955
1805949
1805951
1821221
1805959
1805958
1862327
1805468
1805467
1805466
1805465
1805464
1883368
1883368
1815522
1815521
1883365
1883365
1883365
1883369
1883369
1883369
754038
1883367
1883367
1883367
1883366
1883366
1883366
754037
754037
754037
754037
754037
1814960
1814959
1814958
1814957
1792272
1814279
1792273
1814283
1814281
1814280
1814288
1814287
1814286
1814285
1814284
1814282
1792274
1881869
754041
754041
1881868
1278484
1278481
1278477
1278423
1879035
1862701
1792222
1775256
1775255
1755697
1755695
1754209
1748773
1739968
1695221
1735562
1735561
1698522
1698523
1701848
1698439
1701260
1701259
1675028
112596
112596
112596
112596
112596
1654782
1654781
1654780
1654740
1654928
1654927
1654926
1647412
1647411
1647476
1647470
1647469
1639815
1639814
1640883
1640882
1543206
10760
45332
1768917
1674945
1903260
1903259
1653734
10696
2884427
2884427
2884427
2884424
2884424
979726
979726
876449
876449
10760
2789016
2789016
2789016
2789016
10760
1755216
1743016
1970374
1729936
1728958
1729937
980881
1720505
1720504
1720503
1720502
1720501
1720500
1720499
1720498
1720497
1720496
1720495
1720494
1720493
1712539
1671396
238854
45332
1785960
1772253
1772252
1772251
1772250
1752028
1752027
1729016
1729015
1685501
1681862
1640445
1821720
1821549
1821550
1821551
1821552
1821553
1821555
1821556
1821557
1821558
1821559
1821560
1821561
1821563
1821564
1821565
1821566
1821548
1821562
1821554
1821728
1821541
1821540
1821538
1821537
1821279
1818107
1818374
1815532
754041
754041
1815530
1815529
1815528
1815527
1815526
1815525
1815524
1815523
1815522
1815521
1815520
1815609
1815608
1807511
1815957
1815972
1815969
1815956
1805457
1805456
1805458
1805460
1805459
1651816
1796998
1796993
1796994
1796997
1796996
1796995
2886930
2886930
2886930
2886930
2886930
2886930
2886930
1796992
1792253
1792269
1784981
1784979
1278485
1278479
687803
1792228
1792245
1784956
1784982
1784947
1784948
1777046
1777072
1777063
1777064
1777071
1777062
1716042
1777059
1777058
1776293
1777061
1772332
1777060
1775248
1777052
1777054
1777053
1777051
1775428
1772219
1772218
1775283
1770232
1772324
1772323
1772322
1772321
1772320
1772319
1772318
1772317
1772316
1772315
1772314
1772313
1772312
1772311
1772328
1772310
1772309
1772308
1772307
1772306
1772305
1772304
1772303
1772327
1772302
1772301
1772300
1772299
1772298
1772297
1772326
1772296
1772295
1772294
1772293
1772292
1772291
1775140
1775141
1775142
1567007
1777068
1777070
1777069
1777067
1777066
1777065
1755692
1755681
1759532
1759531
1755680
1755671
1755682
1643327
1643326
1755690
1755689
1643325
1747282
1747352
1747283
1747285
1747284
1747281
1747351
1747326
1719140
1747271
1747289
1747288
1747287
1003177
1747714
1747713
1798163
1739967
1739966
1754217
1450169
1754216
1798163
1798161
1798161
1798161
1784939
1740107
1740109
1740108
1735591
1735565
1735466
1735586
1735582
1735465
1734382
689414
689414
689414
689414
689414
1718161
1716041
1718273
689414
2955231
1759525
1718278
1718177
1718594
1647463
1647458
1647468
1647466
1647465
1647455
1643324
1792149
1792032
1718175
1718601
1718600
1718599
1784843
1718166
1718841
1718840
1718842
1718158
1718174
1718669
1718606
1718172
1718171
1732064
1732063
1701808
1701807
1701850
1701849
1701810
1701809
1701854
1701853
1700839
1701847
1701867
1701866
1701865
1701864
1701863
1701862
1701861
1701860
1701859
1701852
1701851
1701806
1701805
1701804
1701803
1701798
1701802
1701801
1701800
1701799
1700833
1701846
1701845
1698440
1636254
1636260
1702260
1636261
1702259
1636263
1636257
1636262
1636255
1698254
1698363
1698365
1698362
1698364
1698361
112596
112596
112596
112596
112596
112596
112596
112596
112596
112596
112596
112596
1684115
1698359
1698358
1689660
1698421
1698369
1701844
1701843
1701842
1701841
1701840
1701839
1701838
1701837
1701836
1701835
1701834
1701833
1701832
1701831
1701830
1701829
1701828
1701827
1701826
1701825
1701824
1701823
1701822
1701821
1701820
1701819
1701818
1701817
1701816
1701815
1701814
1701813
1701812
1701811
1698420
1698419
1698253
1664247
1664246
1682394
1587520
1698526
1698526
1698526
1698526
1698526
1698526
1698526
1698526
1698526
1698526
1698526
1698526
1698526
1698526
1698526
1698526
1698526
1698526
1698526
1698526
1698526
1698526
1698526
1698526
1698526
1698526
1698526
1698526
1698526
1698526
1698526
1698526
1698526
1698526
1698526
1698526
1698526
1698526
1698526
1698526
1698526
1698526
1698526
1698526
1698526
1698526
1698525
1698525
1698525
1698357
1698451
1701257
1698417
1755311
1755307
1755310
1755309
1755308
1698716
1698715
1698714
1698713
1698712
1698711
1698710
1698709
1698356
1698252
1682380
1698441
1698423
1698366
1698367
1698360
2681611
1690456
1679524
1679530
1679527
1690818
1690817
1690431
1690684
1758118
1708400
1674930
1673878
1673877
1673873
1675027
1674927
1674926
1673871
1636263
1673892
1690425
1691958
1691957
1691956
1691955
1691954
38018
38018
38018
38018
38018
38018
38018
38018
38018
38018
38018
38018
38018
38018
38018
38018
38018
38018
38018
38018
38018
38018
38018
38018
38018
38018
38018
38018
38018
38018
38018
38018
38018
38018
38018
1690428
1690427
1690426
1661715
1673875
1662463
1673876
1675609
1675608
1675607
1675606
1675603
1675602
1675601
1675600
1675599
1675598
1675555
1675554
1675553
1675552
1675551
1675550
1675549
1675548
1662333
1662332
1662331
1662284
1662330
1673874
1739611
1739610
1739609
1739608
1739607
1690814
1690813
1690812
1690811
1690810
1690809
1690808
1690807
1690806
1690805
1673884
1673887
1675014
2898540
213774
1673889
1675317
1655314
1642588
1642663
1655307
1655305
1655023
1655014
1655019
1655016
1654894
1654893
1654892
1654891
1654890
1654889
1654888
1654887
1654886
1654885
1654884
1654883
1611545
1647408
1647391
1647373
1647400
1647549
1647548
1647547
1647545
1647544
1647543
1647542
1647541
1647540
1647539
1647538
1647537
1647536
1647534
1647533
1647532
1647531
1647530
1647529
1647528
1647527
1647526
1647525
1647555
1647554
1647553
1647552
1647551
1647550
1647546
1647535
1647524
1647402
112596
112596
112596
112596
112596
112596
112596
112596
112596
1647282
1647283
1647285
1647284
1647286
689414
689414
1647475
1647474
1647471
1647472
1647473
1715656
1715655
1715654
1715653
1636547
1636546
1636545
1708400
1712517
1636200
1200862
112596
112596
112596
112596
112596
112596
112596
112596
112596
112596
112596
112596
112596
112596
112596
112596
112596
112596
112596
112596
112596
112596
112596
112596
112596
112596
112596
112596
112596
112596
112596
112596
112596
112596
112596
112596
112596
112596
112596
112596
1629953
1629954
1636554
1636587
1636583
1636586
1636576
1636560
1636580
1636584
1636567
1636585
1636571
1636569
1636566
1636582
1636556
1636581
1636555
1636578
1636579
1636559
1636557
1636561
1636577
1636558
1636563
1636568
1636574
1636570
1636575
1636572
1636564
1636573
1636562
1636724
1636565
1660381
1660380
1660379
1660377
1660376
1660375
1660373
1660372
1660371
1660370
1660369
1660368
1660367
1660366
1660364
1660363
1660362
1660361
1660382
1660378
1660374
1660365
1597967
1597972
1597971
1732176
1572750
1572749
1572748
1572747
1572746
1572745
1572744
1572743
1572740
1567487
1567487
1542092
1542091
1542090
1543205
1543203
1543201
1543199
1542477
1542133
1542133
1542133
1542133
1542133
1542133
1542133
1542133
1542133
1542133
1542133
1542133
1542133
1542133
1542133
1542133
1542133
1542133
1542133
1542133
1542133
1542133
1542133
1542133
1542133
1542133
1542133
1542133
1542133
1542133
1542133
1542133
1542133
1542133
1542133
1542133
1542133
1542133
1542133
1542133
1542133
1542133
1542133
1542133
1542133
1542133
1542133
1542132
1542132
1542132
1542132
1542132
1542132
1542132
1542132
1542132
1542132
1542132
1542132
1542132
1542132
1542132
1542132
1542132
1542132
1542132
1542132
1542132
1542132
1542132
1542132
1542132
1542132
1542132
1542132
1542132
1542132
1542132
1542132
1542132
1542132
1542132
1542132
1542132
1542132
1542132
1542132
1542132
1542132
1542132
1542132
1542132
1542131
1647464
1647464
1647464
1647464
1647463
1647463
1647463
1647463
1647463
1647462
1647461
1647454
1647460
1647460
1647460
1647459
1647459
1647459
1647459
1647459
1647459
1647459
1647459
1647459
1647459
1647458
1647458
1647458
1647458
1647458
1647458
1647458
1647456
1647456
1647468
1647468
1647468
1647468
1647468
1647468
1647467
1647466
1647466
1647465
1647465
1647457
1647457
1647457
1647457
1647457
1647457
1647457
1647457
1647457
1647457
1647457
1647455
1636179
1636178
1636180
1605379
1505027
1505026
307898
307898
307898
307898
307898
1327940
1308899
2884424
979726
979726
876449
876449
2886926
10760
45332
2695836
2886926
1451077
1451116
1451075
1451074
1445553
1429231
1429230
645117
645116
1677909
1689679
1226263
1226262
1226261
1226260
1226259
1226258
1226257
1226256
1226255
1226254
1226253
1226252
1483485
1582157
1582156
1582155
1582154
1582153
1582152
1582151
1582150
1582149
1562377
1562376
1562376
1548918
1548917
1548916
1548915
1548914
1548913
1548912
1548911
1548910
1548909
1548908
1548907
1548906
1548905
1548904
1548903
1548902
1548901
1548900
1522092
1522091
1678082
1639631
1673885
1673868
1675531
1673886
1675529
1675528
1653086
1653086
1653086
1654601
1654717
1654919
1653086
1653086
1655017
1655018
1655022
1655012
1655015
1655013
1655020
1655021
1647385
1647374
1647387
1647386
1640978
1640978
1640977
1629654
1647313
1647312
1647311
1647310
1647309
1647308
1647307
1647306
1647305
1647304
1647303
1647302
1647301
1647300
1649240
1649239
1667322
1640974
1640973
1640972
1640970
1640969
1640975
1647405
1647404
1647403
1640885
1636202
1636189
689414
689414
1636205
1636204
1636250
1636249
1636182
1636184
1636183
1508677
1508676
1508675
1508674
1508673
1508672
1508684
1508683
1508682
1508681
1508680
1508679
1508678
1508671
1628722
1628721
1628720
454798
1636270
1636271
1636315
1636314
1636313
1622193
1622191
1622190
1622192
1622234
1610872
1610836
1610838
1610837
1610835
1610834
1610833
1610832
1610831
1610830
1610855
1610829
1597966
1591073
1591072
1597976
1610509
1610508
1598146
1589755
1589754
1589753
1589752
1589751
1589750
1589298
1589297
1589274
1589273
1589733
1589269
1589270
1589749
1589748
1589747
1589746
1589265
2494563
1572715
1572716
1572754
1572753
1572702
1610828
1567486
1567485
1567483
1567484
1564096
1572704
1572703
1567476
1567474
1567465
1567473
1567466
1567478
1567479
1567477
1567475
1567472
1567471
1567470
1567469
1567468
1567467
1567453
1562076
1567452
1567451
1567025
1567022
1567029
1567028
1567027
1567026
1567016
1567015
1567011
1567010
1567009
1567014
1567013
1567012
1567007
2681606
1566995
1567005
1606763
1606762
1567004
1566990
1566994
1566993
1563661
908819
1602975
1560284
1560283
1560282
1560286
1560285
1560313
1560342
1555238
1556290
1556289
1594457
1594456
1558468
1558467
1558466
2268915
1558464
1558463
1558469
36339
697290
697289
134822
69609
69608
69612
697291
69610
1112578
31533
1551710
1551711
1551642
1555235
1555234
1655645
1655644
1555233
1555208
1552735
1555202
1551641
1552733
1541887
1541891
1530400
1541890
1541886
1541825
1541823
1542912
1541824
1542120
1542119
1542114
1542113
1542109
1542103
1542096
1542096
1542096
1542096
1542096
1542096
1542096
1542096
1542096
1542096
1542096
1542096
1542096
1542096
1542096
1542096
1542096
1542096
1542096
1542096
1542096
1542096
1542096
1542096
1542096
1542127
1542127
1542127
1542127
1542127
1542127
1542127
1542127
1542127
1542127
1542127
1542127
1542127
1542127
1542127
1542127
1542127
1542127
1542106
1542106
1542106
1542106
1542106
1542106
1542106
1542106
1542106
1542106
1542106
1542106
1542106
1542106
1542106
1542094
1542094
1542094
1542094
1542094
1542094
1542094
1542094
1542094
1542094
1542094
1542094
1542094
1542094
1542094
1542121
1542121
1542121
1542121
1542121
1542121
1542121
1542121
1542121
1542121
1542121
1542121
1542121
1542095
1542095
1542095
1542095
1542095
1542095
1542095
1542095
1542095
1542095
1542095
1542095
1542095
1542128
1542128
1542128
1542128
1542128
1542128
1542128
1542128
1542128
1542128
1542128
1542128
1542115
1542115
1542115
1542115
1542115
1542115
1542115
1542115
1542115
1542115
1542115
1542115
1542107
1542107
1542107
1542107
1542107
1542107
1542107
1542107
1542107
1542107
1542101
1542101
1542101
1542101
1542101
1542101
1542101
1542101
1542101
1542101
1542098
1542098
1542098
1542098
1542098
1542098
1542098
1542098
1542098
1542098
1542093
1542093
1542093
1542093
1542093
1542093
1542093
1542093
1542093
1542093
1542099
1542099
1542099
1542099
1542099
1542099
1542099
1542099
1542099
1542126
1542126
1542126
1542126
1542126
1542126
1542126
1542123
1542123
1542123
1542123
1542123
1542123
1542123
1542102
1542102
1542102
1542102
1542102
1542102
1542102
1542097
1542097
1542097
1542097
1542097
1542097
1542097
1542118
1542118
1542118
1542118
1542118
1542112
1542112
1542112
1542112
1542112
1542105
1542105
1542105
1542105
1542105
1542111
1542111
1542111
1542111
1542110
1542110
1542110
1542110
1542108
1542108
1542108
1542108
1542122
1542122
1542122
1542104
1542104
1542104
1542124
1542124
1542117
1542117
1542100
1542100
1538804
1541821
1542498
1541820
1541819
1541883
1076759
1076759
141904
1536599
1536598
35344
1536603
1541694
1541693
1541692
1541691
1541689
1541688
1541687
1541686
1541690
1540823
1536605
1536604
1536611
1536597
1527506
1527494
1540093
1540092
1540091
1540090
2991861
1540098
1540097
2885922
1540095
1540094
1527524
1536596
1527517
1527516
1526550
1527514
1527515
1526408
1527463
1527771
1527770
1527520
1527519
1531329
1531328
1531327
1531326
1531325
1531324
1531323
1531322
1531321
1531319
1531320
1531318
1531317
1531316
1531331
1531332
1531330
1137744
1531340
1531350
1531342
1531341
1531349
1531348
1531339
1531347
1531338
1531337
1531346
1531345
1531336
1531335
1531334
1531344
1531343
1527512
1527513
1527511
1527536
1527535
1527534
1527533
1527531
1527692
1527694
1527693
1527525
1527580
1498011
1519788
2908168
1555201
1548421
1603039
1603039
1603039
1524910
1536592
1524881
1564251
1564251
1564251
1564251
1564251
1564251
1564251
1564251
1498169
1498168
112596
1249500
1249500
1249500
1249500
1249500
1249500
1249500
1249500
1249500
1249500
1249500
1249500
1249500
1249500
1249500
1249500
1249500
1249500
1249500
1249500
1249500
1249500
1249500
1249500
1249500
1498172
1604868
1604868
1604868
1604868
1604868
1604868
1604868
1604868
1604868
1604868
1604868
1604868
1604868
1604868
1604868
1604868
1604868
1604868
1604868
1604868
1604868
1498190
1498188
1477406
1498171
1498212
1486397
1486397
1498213
1486429
1486428
1498227
1500832
1500831
1500830
1500829
1500828
1500827
1500826
1500825
1500824
1500823
1500822
1500821
1500820
1500819
1500818
1500817
1500816
1500815
1500814
1500813
1500812
1500811
1500810
1500809
1500808
1500807
1500806
1500805
1500804
1500803
1500802
1500801
1500800
1500799
1500798
1592206
1542447
1481187
1481186
1468179
1667383
1667381
1667367
1667379
1667377
1667374
1667375
1667372
1667373
1667369
1667370
1667371
1667365
1129192
1445809
1493509
1493509
1493507
1493509
1493508
1493509
1493511
1493507
1493507
1493510
1493511
1493508
1493507
1493511
1493511
1493511
1493511
1493511
1493511
1493511
1493511
1493511
1493511
1493511
1493511
1493509
1493509
1493507
1493507
1493509
1493507
1493508
1493508
1493508
1493509
1493509
1493509
1079998
1493509
1493509
1493509
1493509
1493511
1493507
1493509
1493509
1493509
1493509
1493509
1493507
1493509
1493507
1493509
1493509
1493511
1493508
1493508
1493508
1493511
1493511
1493511
1493508
1493511
1493511
1493511
1493511
1493511
1493511
1493511
1493511
1493511
1493510
1493511
1493511
2790346
1493511
1493514
1493507
1493507
1493511
1493511
1493507
1493509
1493513
1493507
1493509
1493509
1493509
1493509
1493507
1493509
1493509
1493509
1493509
1493512
1493509
1493514
1493507
1493507
1493511
1493507
1079998
1079998
1493509
1493508
1493508
1493511
2790336
1493509
1493509
1493507
1493510
1493511
2790345
1493508
1493509
1493508
1493509
1493509
1493509
1493511
1493508
1493508
1493508
1493508
1493507
1493507
1493511
1493509
1493509
1493509
1493507
1493509
1493509
1493507
1493509
1493509
1079998
1493507
1458863
1458862
1458861
1458860
1458858
1458859
1445811
1445810
1445860
1453337
1458706
1434323
1414766
1357704
1354511
756277
461711
754059
756276
1273711
1147139
1161145
28368
28368
1604876
255431
172667
2884424
2886926
2681617
10760
45332
1550090
2927987
2927987
10732
10732
2886926
10760
10760
12022
12022
28368
28368
2886926
2886926
10760
10760
45332
2886926
10760
45332
10760
10759
10760
1550090
2886926
2886926
10760
1437363
1437329
1673729
1437328
1432428
1319980
1222338
1590550
45332
45332
10760
10759
10760
10760
10760
347330
347330
347330
347330
347330
347330
347330
347330
347330
347330
347330
347330
1514988
2886930
1608311
1608310
1585840
1573458
1537091
1538364
1530086
1530085
1503929
1505528
1497850
1439894
1439894
10748
1529058
1529057
1527493
1527469
1506997
1506997
1506997
1508658
1506716
1506997
1510621
1510633
1510628
1510629
1510627
1510630
1510636
1510637
1510635
1510634
1510622
1510631
1510625
1510623
1510624
1510632
1510626
1524880
1510440
1506453
1505227
1505226
1505225
1113547
1498170
1498228
1524882
1498204
1486397
1486397
1495285
1495286
1477404
141904
112596
1498220
1486403
1486404
1486414
1486413
1486419
1486397
1500713
1500712
1486469
1486470
1486471
1486472
1486473
1486474
1500735
1500733
1500734
1476902
1471544
1471543
1471542
1486421
1486422
1472912
1486423
1486426
1486425
1486424
1486427
1500757
1500756
2733322
1486662
1486661
1486660
1486659
1486658
1486657
1476889
1476888
1476887
1476886
1481224
1492784
584892
1463812
1463810
1463811
1463809
1468411
1461246
1458841
1458831
1458726
38018
38018
38018
1458843
1468169
1461743
112596
112596
1453367
1458714
1458712
1458713
1458711
1458709
1458710
1458715
1458716
1458717
1446490
1446489
1446492
1458849
1458725
1458724
1458670
1458842
1458846
1464127
1458848
1476978
1458851
1455074
1173764
1458851
1173765
1458855
1458853
1458854
1458854
1173746
1173746
1173746
1458856
1458852
1458857
1173745
1445729
1481112
1445728
1481110
1445858
1445859
10879
10879
10879
10879
10879
10879
10879
10879
10879
10879
10879
10879
10879
10879
10879
10879
10879
10879
1445727
1445726
1453336
1436889
1437839
1458697
1470464
1470464
1470463
1470463
1445715
1445714
1434319
1412875
1494702
1494672
1494675
1494674
1494676
1494683
1494682
1494680
1494677
1494685
1494684
1494681
1494712
1494699
1494673
1494679
1494714
1494700
1494671
1494689
1260286
1260283
1494690
1494691
1494706
1494692
1494705
1494713
1494701
1494678
1494707
1260285
1260287
1494708
1494704
1494695
1494694
1494693
1494703
1494688
1494687
1494875
1494711
1494710
1494709
1494686
1494669
1494670
1494698
1494697
1494696
1260284
1494702
1494672
1494681
1494712
1494673
1494679
1494714
1494689
1260283
1494690
1494691
1494706
1494705
1494701
1260285
1494704
1494695
1494694
1494693
1494688
1494687
1494711
1494710
1494709
1494686
1494697
1494696
1460070
1434751
1434750
1434749
1434748
1429759
1429758
1434659
1429793
1429792
1429791
1519999
1458669
1429768
1429767
1434127
1416009
1416008
1391659
945083
1416031
1416030
1416028
1416027
1416334
1416032
2928685
1416011
1470462
1470461
1470460
1470459
1470458
1432658
1416012
1416020
1414747
1414748
1407608
1414742
1414741
1406792
1406791
1406790
1406789
2884426
1406780
1406787
1406779
1406786
1406795
1406794
1406785
2884421
1406793
1406783
2880540
1406781
1415147
1415146
1415145
1415148
1401669
1414739
1414738
1414737
434346
1399949
1403390
1430444
424947
424949
1391224
1391223
1391181
1391180
1430411
1391179
1391433
1391429
1391430
1391432
1391431
1391188
1391428
1444759
1444758
1399915
1429913
1429912
1429905
1429904
1429903
1391190
10717
10717
1391456
1391455
1383059
1383057
1383056
1383055
1383054
1442384
1357423
1341101
1357715
1357732
1357825
1151014
1416020
1357669
1357706
1357708
1357710
1357705
1357707
1357709
1357714
1357713
1357712
1354514
1354513
1354512
1354510
1354509
1354508
1354507
1504984
1382932
1351740
1395983
1351735
663237
1358124
1399942
1399941
1432848
1432847
1340812
1340811
1340810
1340809
1340534
1435411
1335230
1334244
1340709
1340708
1340750
1340814
1340813
1115653
1340835
1340834
1340833
1340836
1340831
1340830
1340829
1340828
1340827
1340826
1340825
1340824
2928684
1076630
1340769
1340711
1340822
1340821
1340820
1340819
1340818
1340713
1340712
1327959
1327935
1327934
1327942
1327941
1327964
1327966
981431
1348912
743813
981430
1327965
336724
336724
336724
336724
336724
336724
336724
336724
336724
336724
336724
336724
336724
336724
336724
336724
336724
336724
336724
336724
336724
336724
336724
336724
336724
336724
336724
336724
1401297
1407493
66284
1327956
1327037
1347760
1296662
1296661
1296660
1296659
1296658
1296656
1296655
1296654
1308897
1308896
1277893
1133292
1308871
1277895
1308870
1308869
1366055
1308863
1277886
1298530
39103
1414736
1173756
1173756
1173756
1173756
1173756
1173756
1173756
1173756
1173756
1173756
1173756
1173756
1173756
1173756
1173750
1173750
1173750
1173750
1173750
1173750
1173750
1173750
1173750
1173750
1173750
1173750
1173750
1173750
1173750
1173760
1173760
1173760
1173772
1173772
1173772
1173772
1173772
1173772
1173772
1173772
1173772
1173772
1173772
1173759
1173759
1173759
1173759
1173759
1173759
1173753
1173753
1173753
1173753
1173753
1173753
1173753
1173753
1173753
1173753
1173753
1173753
1173753
1173753
1173753
1173753
1173753
1173753
1173753
1173753
1173753
1173753
1173753
1173753
1173753
1173753
1173753
1173753
1173753
1173753
1173753
1173753
1173753
1173753
1173753
1173753
1173753
1173753
1173753
1173753
1173753
1173753
1173753
1173753
1173753
1173753
1173753
1173753
1173753
1173753
1173753
1173753
1173753
1173753
1173753
1173753
1173753
1173753
1173753
1173753
1173753
1173767
1173767
1173767
1173767
1173767
1173767
1173767
1173767
1173767
1173767
1173767
1173751
1173751
1173751
1173771
1173771
1173771
1173771
1173771
1173771
1173771
1173771
1173771
1173771
1173771
1173771
1173771
1173771
1173770
1173770
1173770
1173770
1173770
1173770
1173770
1173770
1173770
1173770
1173770
1173770
1173770
1173770
1173770
1173770
1173770
1173768
1173768
1173768
1173768
1173769
1173762
2928682
1173749
1173761
1173740
1173758
1173755
2928681
2928680
1173752
1262540
1262539
1262521
1262523
1262519
1262518
1262517
1262520
1262515
1262512
1262514
1233488
336724
336724
336724
336724
336724
336724
336724
336724
336724
336724
336724
336724
336724
336724
336724
336724
336724
336724
336724
336724
336724
336724
336724
336724
336724
336724
336724
336724
336724
336724
336724
336724
336724
336724
336724
336724
336724
336724
336724
336724
336724
336724
336724
336724
336724
336724
336724
336724
336724
336724
336724
336724
336724
336724
336724
336724
336724
336724
336724
336724
336724
1235659
1235654
1235655
1235656
1235648
1235650
1235649
1235657
1235652
1235646
1235647
1235645
1235651
1235653
1225790
1075774
1211279
1211286
1211285
1173747
1173748
1173766
1168563
1161939
1129191
2884424
10730
10730
2681617
2681617
69932
69932
2908168
2908168
10737
10737
10760
10760
2886926
2886926
2886926
45332
10760
10760
10760
2507234
2886926
2886926
10760
2928685
2886926
10760
2886926
45332
2886926
2884424
2884424
2884424
2886926
2886926
541865
673376
2886926
2907955
10759
10760
413066
2886926
2928685
12022
12022
12022
10760
10760
2886926
2886926
2886926
2886926
2886926
2886926
10760
1476390
1476391
1465613
1465618
1455076
1455075
1410331
1451050
1448273
1448274
1448276
1449437
1289596
291401
373415
45764
45764
546808
546807
663554
1074305
663556
546803
1327762
1089131
205877
1034134
1176426
1088867
1052672
546806
1079895
1088865
1074307
373404
2884420
1411095
1289596
198540
373415
45764
45764
229345
546808
546807
663554
1074305
663556
546803
1327762
1089131
205877
1034134
1176426
1088867
1052672
546806
1079895
1088865
1074307
373404
2884420
1406974
1401446
1392231
278008
278008
278008
278008
278008
278008
278008
278008
278008
278008
278008
278008
278008
278008
278008
278008
278008
278008
278008
278008
278008
278008
278008
278008
278008
278008
278008
278008
278008
278008
278008
278008
278008
278008
278008
278008
278008
278008
278008
278008
278008
278008
278008
278008
278008
278008
278008
278008
278008
278008
1385385
1267169
1208587
948071
876448
2886926
2886926
2886926
207656
2789016
1497851
1497851
1497851
1497851
1497851
1497851
1497851
1497851
1497851
1481785
1463607
1462608
1462581
1450142
1417599
1402875
1041527
1041526
1381584
1381584
1381584
1381584
1381584
1381584
1381584
1381584
1381584
1381584
1381584
1381584
1381584
1381584
1381584
1381584
1381584
1381584
1354496
1352227
3378811
2991282
1279083
1279082
1194091
2928686
2928686
2928686
2928686
2928686
2928686
2928686
2928686
2928686
2928686
2928686
2928686
2928686
2928686
2928686
2928686
2928686
2928686
2928686
2928686
2928686
2928686
2928686
2928686
2928686
2928686
2928686
2928686
2928686
2928686
2928686
2928686
2928686
2928686
2928686
2928686
2928686
2928686
2928686
2928686
2928686
2928686
2928686
2928686
2928686
2928686
2928686
2928686
2928686
2928686
2928686
2928686
2928686
2928686
2928686
2928686
2928686
2928686
2928686
2928686
2928686
2928686
2928686
2928686
2928686
2928686
2928686
2928686
2928686
2928686
2928686
1337877
1300005
1300007
1300006
1300004
1327768
10759
1325731
1325953
2558359
1325963
756281
1328030
1328029
1328028
756279
1327999
1327997
1327995
1327993
1327992
1327990
1327987
1327985
1327984
1327983
1327982
1327981
1327980
756280
1327979
1327977
1327976
1327975
1327974
1327973
1327972
1327971
1327970
1327969
1327968
756282
1307804
1327955
1327953
1327952
1327951
1327950
1327949
1327948
1327947
1327946
1327945
1219531
1327944
1345639
1316739
1327939
1327938
1327937
1327936
1327036
2496551
1327035
1327760
1327759
1327758
1285382
1327766
1327762
1327765
1327764
1327763
1309583
2991860
1327772
1327771
1327776
1327777
1327774
1327778
1327770
1327775
1327773
1327779
1327769
2681594
1289600
2886927
1296647
1296646
1308894
1308894
1308894
1308894
1308894
1308894
1308894
1308894
1308894
1308894
1308894
1308894
1308894
1308894
1308894
1308894
1308894
1308894
1308894
1308894
1308894
1308894
1308894
1308894
1308894
1308894
1308894
1289467
1332145
1332124
1332122
1332121
1332118
1332117
1332120
1332140
1332144
1332143
1332142
1332141
1332129
1332131
1332132
1332130
1332149
1332146
1332119
1332127
1332148
1332147
1332172
1332164
1332162
1332161
1332159
1332157
1332156
1332160
1332158
1332138
1332135
1332136
1332134
1332133
1332171
1332170
1332168
1332167
1332166
1332174
1332173
1332169
1332137
1332150
1332155
1332154
1332139
1332165
1332153
1332151
1332163
1332152
1332145
1332121
1332149
1332148
1332146
1332132
1332131
1332129
1332128
1332127
1332126
1332125
1332117
1332155
1332133
1332121
1332145
1332118
1332124
1332122
1332117
1332149
1332146
1332148
1332120
1332140
1332127
1332129
1332131
1332132
1332130
1332126
1332125
1332119
1332144
1332143
1332142
1332141
1332128
1332147
1283079
1283078
1283076
1283077
1282994
1282995
1283073
1283071
1277892
1277891
1340745
1273450
1289601
1289600
1289599
1289598
1289597
1289596
1289595
1273712
1273706
2880537
2884419
2884430
1273743
2880542
2880541
1273713
1273738
1302810
1273709
1303346
1303346
1303346
1303346
1303346
1303346
1303346
1303346
1303346
1303346
1303346
1303346
1303346
1303346
1303346
1303346
1303346
1303346
1303346
1303346
1303346
1303346
1303346
1303346
1303346
2928683
1300324
1305708
1273714
1258572
1262538
1262537
213774
213777
213773
1262536
1262535
213782
39838
270182
1262533
1262532
1321383
1321382
1260285
1260287
1260283
1260286
1260284
1296592
1296591
2789016
2789016
2789016
2789016
2789016
2789016
2789016
2789016
2789016
2789016
2789016
2789016
2789016
2789016
2789016
2789016
2789016
2789016
2789016
2789016
2789016
2789016
2789016
2789016
2789016
2789016
2789016
2789016
2789016
2789016
2789016
2789016
2789016
2789016
2789016
112596
112596
112596
112596
112596
112596
1264737
1262516
1262522
112596
754040
754041
1303018
754040
754041
1303018
754040
754041
1243183
1216926
1278370
1278369
1278367
1278366
1278365
1278364
1278363
1278362
1278361
1278360
1278359
1278358
1278356
1278355
1278354
1278353
1278352
1278351
1278350
1278349
1278348
1278347
1278345
1278344
1278343
1278342
1278341
1278340
1278339
1278338
1278337
1278336
1278334
1278333
1278332
1278331
1278330
1278329
1278328
1278327
1278326
1278325
1278374
1278373
1278372
1278371
1278368
1278357
1278346
1278335
1278324
1278469
1278468
1278467
1278381
1278380
1278379
1278378
1278377
1278376
1278375
1278466
1278465
1278464
1278463
1278462
1278461
1278460
1278459
1278458
1278457
1278456
1278455
1278454
1278453
1278452
1278451
1278450
1278449
1278448
1278447
1278446
1278444
1278443
1278442
1278441
1278440
1278439
1278438
1278437
1278436
1278435
1278433
1278432
1278431
1278430
1278429
1278428
1278427
1278426
1278425
1278424
1278422
1278421
1278420
1278419
1278418
1278480
1278417
1278416
1278415
1278414
1278412
1278411
1278410
1278409
1278408
1278407
1278406
1278405
1278404
1278403
1278401
1278400
1278399
1278398
1278397
1278396
1278395
1278394
1278393
1278392
1278472
1278391
1278390
1278389
1278388
1278387
1278386
1278385
1278384
1278383
1278382
1278537
1278536
1278535
1278534
1278533
1278532
1278471
1278531
1278530
1278529
1278528
1278526
1278525
1278524
1278523
1278522
1278521
1278520
1278519
1278518
1278517
1278516
1278515
1278514
1278513
1278470
1278512
1278511
1278510
1278509
1278508
1278507
1278505
1278504
1278503
1278502
1278501
1278500
1278499
1278498
1278497
1278496
1278494
1278493
1278492
1278491
1278490
1278489
687803
687802
1278488
1278487
1278486
1278485
1278484
1278483
1278482
1278481
1278480
1278479
1278478
1278477
1278475
687801
1278474
1278473
687799
1278445
1278434
1278423
1278413
1278402
1278527
1278506
1278495
1278476
687800
1305710
1245814
1239386
2884431
1239384
1239381
1239383
1262513
1239385
1239382
10713
1237159
1236000
2681620
1235661
1235660
112596
1235712
1235689
1235824
1235690
1235691
1235692
1235693
1235694
1235640
1229751
254253
1229753
1229757
1229760
1229755
1229754
1237364
1225789
1229761
1225795
2892340
1220717
1220716
1220715
1220714
1220605
1220604
1220603
1220602
1220601
2928686
2928686
2928686
2928686
1225800
1223262
1223260
1223259
1223261
1604355
1604356
2927990
2927989
1211284
2902839
1235559
1229794
1229793
1229792
1229791
1229790
1229789
1229788
1229787
1229786
1229784
1229782
1204533
1204539
2927987
1204525
10732
1204524
1204528
1204530
1204530
1204530
1204531
1204529
1198117
1198117
1204527
1204527
1204527
1204527
1204527
1204527
1204527
1204527
1296641
1204538
1204535
1204534
1173743
2927986
2927985
1211642
1211641
1211640
2927984
1195086
1195085
2927983
1195072
1195068
1195074
1195071
12022
12022
1177632
1277672
1176434
1168744
1162290
1162289
1147155
1147148
1147149
1147156
1147157
1147150
1147151
1147158
1147152
1147153
1147154
1147147
1147146
1147142
432201
432200
1147145
1147144
1147143
432198
1116482
1141141
1141140
1141139
1141138
1141137
1141136
1141135
2923009
1126951
1126949
1141133
1136534
1136731
1182515
1197935
929834
929833
929835
754051
754055
754056
889957
756279
2791035
754076
754057
754052
754048
754050
889950
536464
754049
889955
57477
1087480
2886926
10760
10759
10760
10760
10759
10760
10760
10760
10760
10760
12022
12022
12022
12022
12022
12022
12022
12022
12022
12022
12022
12022
12022
12022
12022
12022
12022
12022
12022
12022
12022
12022
12022
12022
12022
12022
12022
12022
12022
12022
12022
12022
12022
12022
12022
12022
12022
12022
12022
12022
12022
12022
12022
12022
12022
12022
12022
12022
12022
12022
12022
12022
12022
12022
12022
12022
12022
12022
12022
12022
12022
12022
12022
12022
12022
12022
2886926
2886926
10760
10760
10760
10760
2886926
10760
2886926
10759
2695836
10759
2907955
2695836
10760
2886926
2886926
2886926
2886926
2886926
2907955
10759
10760
2886926
1129147
756281
754072
573172
754073
756282
536472
536473
536474
889951
889953
754038
754037
889956
754075
754058
754067
382275
756275
754042
573176
754044
536454
885867
536453
754045
382262
756283
754053
382273
1087482
115992
756280
682650
754040
754041
754046
754074
754043
754039
869662
869663
869661
682651
616674
536466
573174
573175
573171
573173
754059
1007869
1346893
1343494
1234701
1231048
1229675
1206110
73422
1163175
1163175
1163175
1163175
1163175
1150869
979726
876449
926474
645117
645116
691319
691318
1325372
1165702
1264700
1244857
1244856
1230469
1188795
547228
1229752
1225793
1225792
1225791
2928686
2928686
2928686
2928686
2928686
2928686
2928686
2928686
2928686
2928686
2928686
2928686
2928686
2928686
2928686
2928686
2928686
2928686
2928686
2928686
2928686
2928686
2928686
2928686
2928686
2928686
2928686
2928686
2928686
2928686
2928686
2928686
2928686
2928686
2928686
2928686
2928686
2928686
2928686
2928686
2928686
2928686
2928686
2928686
2928686
2928686
2928686
2928686
2928686
2928686
2928686
2928686
2928686
2928686
2928686
2928686
2928686
2928686
2928686
2928686
2928686
2928686
2928686
2928686
2928686
2928686
2928686
2928686
2928686
2928686
2928686
2928686
2928686
2928686
2928686
2928686
2928686
2928686
2928686
2928686
2928686
2928686
2928686
2928686
2928686
2928686
2928686
2928686
2928686
2928686
2928686
2928686
1977402
2927992
2927991
1225806
1225805
1221835
1191380
1029988
1211280
1211278
347330
1204544
1227925
1227925
1227925
1227925
1227925
1227925
1227925
1227925
1227925
1227925
1227925
1227925
1227925
1227925
1227925
1227925
1227925
1227925
1227925
1227925
1227925
1227925
1227925
1227925
1227925
1227925
1227925
1227925
1227925
1227925
1227925
1227925
1227925
1227925
1227925
1227925
1227925
1227925
1227925
1227925
1227925
1227925
1227925
1227925
1204541
2927988
1204542
1204540
2927985
141904
1204517
1204522
1204521
1204523
1204516
1204515
2886899
1195080
1195079
1195078
1195081
1195077
1195076
1206300
1206313
2927982
1195069
2902840
182851
1176767
1176764
1176765
1176766
1176426
1176425
1176423
1176422
1217810
1168479
1168478
1168595
2902841
1168593
1197951
1168549
1168548
1168281
1168280
588068
1168613
1168612
1161927
2886930
2886930
2886930
2886930
2886930
1161903
1165161
2892351
1165159
1165158
1165157
1165156
1165155
1165154
1165153
1165152
2892350
1165150
1165149
1165148
1165147
1165146
1165145
1165144
1165143
1165142
1165141
1165140
1165139
1165138
1165137
2892349
2892348
2892347
1162306
1162305
1162304
2927981
1161928
1162295
760530
1161934
1187894
1161930
1186124
2025818
1161901
1154995
1147094
1161933
1161935
1137452
1150992
1150991
1147722
1161906
1150990
1150989
1161931
1141526
1141525
1147141
1147140
1147137
1137742
1137740
1137744
1137743
1137742
1137741
1137740
1137745
1127516
1127518
1127514
1127515
10689
1151014
1150757
1175663
1175662
1175661
1175660
1175659
1175658
1175657
1175656
1175655
1175654
1175653
1131316
1124578
1131317
1124655
1124654
1124653
1115478
1100790
1109721
1133293
1133292
1155158
1141519
1183239
2923008
1204514
1105327
2923007
2923006
1093672
2923005
1128071
1126950
1147043
1147042
1147044
1088864
1088866
1088865
1088867
2923004
1089126
1089127
2923003
2923002
1089130
1089131
2923001
1089137
1089107
1089133
1089108
2902794
1089110
2902800
1089112
1089113
1089114
2902842
2902892
1089117
2902905
2923000
2922999
1089121
45764
2922998
1089122
1089123
1089124
1089136
1086800
2922997
926589
2886900
2881398
1086749
1141132
1084722
1090134
1084721
1084720
2884420
1124849
1079894
1079895
112596
1079896
1141133
1090133
1131256
2886902
1131315
2922996
1003177
1003177
1076631
1133022
1074829
141904
141904
141904
2922995
2922994
1074307
1074309
2922993
1074308
1074305
1071503
1071504
2922992
1071506
2922991
1070989
1125653
1070990
1198024
1198023
1198022
1198021
1198020
1198019
1198018
1198017
1198016
1198015
1198014
1198013
1079999
3126011
1056830
1158721
1158680
1056833
1056832
2922990
1052672
1054834
1052673
1115653
1115653
1097382
1097379
1097380
1097381
1052671
2922989
2922988
1194641
1105286
2922987
1113547
2560681
2922223
2922222
2885911
1108865
1109711
1109715
2922221
1109712
1109714
1109713
1109717
112596
112596
1041808
2902890
2681621
2922220
1100814
1129194
1036616
2922219
1036615
2847995
1035482
1035484
1035483
1035485
1003177
1003177
1003177
1003177
1090133
754047
461711
754038
889949
889952
869725
869724
498348
498346
498345
1091306
498344
498341
1091303
498340
1091301
1091300
1091299
1032895
2922218
2922217
2902900
1032894
1175504
1132026
2922216
1034119
1034118
1034117
1034116
1034115
2922215
2922214
2922213
2922212
2922211
2922210
2922205
1034106
1034105
1034104
2922204
2922203
1034102
2902889
2902882
1109710
319522
2920894
1075775
1075774
1127357
1048189
1048188
1048192
1048191
1048190
483266
1034124
1072683
1048207
1042124
1042123
1042122
2920893
1069378
1073766
12022
12022
12022
12027
12027
12027
2789016
2789016
2789016
10863
10863
10863
10843
10843
10843
2886930
2886930
2886930
187944
1076759
2920892
1034132
2920891
1034148
1034147
1034146
1034144
2920890
1034141
2920882
2920883
2902832
1034127
1034151
1034149
1034143
2920884
1034139
1034138
2920885
2920886
1034134
1034131
1034130
2902881
1034128
1034126
1003177
1003177
1003177
1003177
1028788
69613
50947
134822
697291
69610
1112578
31533
69607
1112577
69605
1064594
1035662
1074012
1074012
1074012
1074012
1074012
1074012
1074012
1092848
1073754
1005056
1005056
1005056
2681611
1071177
10760
2884424
2884424
2884424
10760
10760
10760
10760
10760
10760
40521
40522
10760
2886926
2908169
2886926
2907955
10759
10760
12022
12022
12022
12022
12022
12022
12022
12022
12022
12022
12022
12022
12022
12022
12022
12022
12022
12022
12022
12022
12022
12022
12022
12022
12022
12022
12022
12022
12022
12022
12022
12022
12022
12022
12022
12022
12022
12022
12022
12022
12022
12022
12022
12022
12022
12022
12022
12022
12022
12022
12022
12022
12022
12022
12022
12022
12022
12022
12022
12022
12022
12022
12022
12022
12022
12022
2886926
2886926
2886926
10760
10760
10760
10760
10759
2907955
2907955
10760
394238
10760
384360
977740
977739
977738
977737
977736
977735
977734
977733
685892
1052121
1051675
1051673
1051676
1051674
2992927
1129145
1049283
756275
994601
1046847
760530
2681605
1027414
756276
351708
1555208
998086
1026955
1027410
1090864
141904
141904
141904
141904
141904
141904
141904
141904
141904
141904
141904
141904
141904
141904
141904
141904
141904
141904
141904
141904
141904
981323
936152
12022
12022
12022
12022
12022
12022
12022
12022
12022
12022
12022
12022
12022
12022
12022
12022
12022
12022
12022
12022
12022
12022
12022
12022
12022
12022
12022
12022
12022
765765
869726
700512
1054461
1080800
981335
984186
984175
1007127
1054480
1054968
2886930
2886930
2886930
2886930
2886930
2886930
2886930
2886930
2886930
2886930
2886930
2886930
2886930
2886930
2886930
2886930
2886930
2886930
2886930
2886930
2886930
2886930
2886930
2886930
2886930
2886930
2886930
2886930
2886930
2886930
2886930
2886930
2886930
2886930
2886930
2886930
2886930
2886930
2886930
2886930
2886930
2886930
2886930
2886930
2886930
2886930
2886930
2886930
2886930
2886930
2886930
2886930
2886930
2886930
2886930
2886930
2886930
2886930
2886930
2886930
2886930
1032362
1041524
909297
112596
112596
112596
112596
112596
112596
112596
112596
112596
112596
112596
2920889
2920889
2920889
2920889
2920889
906669
866553
906668
562742
1027253
764595
1002725
2919551
1206560
1206559
1206558
1206557
1206556
2881391
1187128
1163482
1118064
1118063
1114179
1105171
2678590
2994047
757342
753085
753084
2885915
889338
141904
141904
141904
141904
141904
141904
141904
141904
743964
2886926
10760
10760
40521
171618
171618
40521
176100
2886926
1033977
1028375
1006968
2927008
980881
948870
943335
1133366
645117
645116
504553
504501
675828
37105
2892341
1587907
1126885
1051631
2892343
874268
874267
699370
407392
1204178
2994055
1173135
1208236
867695
867695
39804
39804
2789016
2789207
2789207
2789207
2789207
2789207
2789207
2789207
2789207
2789207
2789207
2789207
2789207
2789207
12022
12022
12022
12022
12022
12022
12022
12022
12022
12022
12022
12022
12022
12022
12022
12022
12022
12022
12022
39804
1010615
1010614
39804
39804
947379
941058
763998
949127
949127
949126
949125
949124
945085
945085
945085
945085
945085
945085
945085
945085
945085
945085
945085
945085
945085
945085
945085
945085
945085
945085
945085
945085
945085
945085
945085
945085
945085
945085
945085
945085
945085
945085
945085
945085
945085
945085
945085
945085
945085
945085
945085
945085
945085
945085
945085
945085
945085
945085
945085
945085
945085
945085
945085
945085
945084
945084
945084
945084
945084
945084
945084
945084
945084
945084
945084
945084
945084
945084
945084
945084
945084
945084
945084
945084
945084
945084
945084
945084
945084
945084
945084
945084
945084
945084
945084
945084
945084
945084
945084
945084
945084
945084
945084
945084
945084
945084
945084
945084
945084
945084
945084
945084
945084
945084
945084
945084
945083
945083
945083
945083
945083
945083
945083
945083
945083
945083
945083
945083
945083
945083
945083
945083
945083
945083
945083
945083
945083
945083
945083
945083
945083
945083
945083
945083
945083
945083
945083
945083
945083
945083
945083
945083
945083
945083
945083
945083
945083
945083
945083
945083
945083
945083
945083
945083
945083
945083
945083
945083
945083
945083
938131
942016
979527
979526
979528
979529
979530
979531
979532
979525
979534
979533
979536
979537
979538
979539
979535
112596
112596
112596
112596
112596
112596
112596
112596
112596
112596
112596
112596
936054
2991866
941970
941969
928293
930196
59241
2785247
691318
947981
947980
947066
686440
686440
686440
686440
686440
686440
947843
947842
911573
911572
2886930
2886930
2886930
2886930
2886930
2886930
929814
691319
2920887
926066
909304
2920888
112596
112596
912321
877240
700939
981330
910475
879630
879628
889876
857312
871584
2919554
861046
861048
2902837
2919553
764562
764561
857277
857344
2681599
2919552
10717
698728
767473
926543
10879
10879
10879
10879
10879
10879
10879
10879
10879
10879
10879
10879
10879
10879
10879
10879
10879
10879
10879
10879
10879
10879
10879
10879
10879
10879
10879
10879
10879
10879
10879
10879
10879
10879
10879
10879
10879
10879
10879
10879
10879
10879
10879
10879
10879
10879
10879
10879
10879
10879
10879
10879
10879
10879
10879
10879
10879
10879
10879
10879
10879
10879
10879
10879
762660
881953
760530
10665
10665
10665
10665
10665
10665
10665
10665
10665
10665
10665
10665
10665
10665
10665
10665
10665
10665
10665
10665
10665
10665
10665
10665
10665
10665
10665
10665
10665
10665
10665
10665
10665
10665
10665
10665
10665
10665
10665
10665
10665
10665
10665
10665
10665
10665
880161
760939
394238
2886926
10760
12413
12413
12413
12413
12413
10760
10760
10760
10760
10760
10760
10760
10760
10760
10760
10760
10760
10760
10760
10760
10760
10760
10760
10760
10760
10760
10760
10760
10760
10760
10760
10760
10760
10760
10760
10760
2681603
40521
171618
171618
40521
176100
2886926
2884424
2886926
2886926
10760
238854
445684
444861
2886926
10759
2679904
12392
255431
2886926
1604876
120574
120574
12402
2883944
157924
354260
43685
103807
151537
2952367
12402
2883944
157924
354260
43685
103807
151537
2952367
12402
2883944
157924
354260
43685
103807
151537
2952367
154784
10711
69932
97081
10730
10711
69932
97081
10730
2060721
237902
237903
197311
69609
31533
237915
10666
2695836
77775
2880362
2907963
12353
268747
10760
10760
10760
40521
40522
40521
40522
12374
12374
12374
12374
12374
12374
12374
12374
12374
12374
12374
12374
2908169
691319
691319
691319
691319
755164
864178
141904
10760
10760
760732
910473
669875
767806
749447
980977
980976
980974
980975
980973
980978
157924
942165
691963
691964
691965
691966
714583
2919550
2919549
926067
718008
2886930
112596
112596
112596
112596
112596
112596
112596
112596
112596
112596
112596
112596
112596
112596
112596
112596
112596
112596
112596
112596
711470
438780
709484
707757
701455
701454
701456
703038
701799
701800
2880539
698728
698728
112596
112596
112596
112596
112596
112596
112596
112596
112596
112596
112596
112596
112596
112596
112596
112596
112596
112596
698490
698489
698488
698487
698486
697290
697289
36340
69608
69612
69611
697291
69610
697288
31533
164992
314494
10666
36337
694060
716683
716683
716683
716683
716683
663236
663237
687242
687245
687250
687241
687248
687239
687237
858350
445696
444878
444876
445684
444861
445692
445688
445693
3428631
444875
444862
445686
445685
445683
444860
444859
268746
10760
685892
2902838
698728
698728
698728
698728
645664
254252
703289
703289
703290
703290
703291
703291
426370
703292
703292
696218
673839
673838
673837
673836
673835
673834
673833
673832
669008
745088
673376
674081
674082
741942
747763
141904
141904
141904
141904
141904
2886926
12026
12026
2886926
10760
10760
10760
10760
2907955
10759
10760
10760
10760
2886926
2886926
2886926
2886926
2886926
2886926
2886926
2886926
2886926
2886926
2886926
2886926
2886926
2886926
2886926
2886926
2886926
2886926
2886926
2886926
2886926
2886926
2886926
2886926
2886926
2886926
2886926
2886926
2886926
2886926
2886926
2886926
2886926
2886926
2886926
2886926
2886926
2886926
2886926
2886926
2886926
2886926
2886926
2886926
2886926
2886926
2886926
2886926
2886926
2886926
2886926
2886926
2886926
2886926
2886926
2886926
2886926
2886926
2886926
2886926
2886926
2886926
2886926
2886926
2886926
2886926
2886926
2928685
988656
908821
908820
908819
1450169
1450169
1450169
1450169
1450169
1450169
1450169
1450169
1450169
1450169
1450169
1450169
1450169
1450169
881915
874471
870475
870474
870473
870472
870471
870470
870469
866889
925983
925984
925985
925986
2991283
861448
1450169
1450169
1450169
1450169
1450169
1450169
1450169
1450169
767163
767162
767161
753090
306535
156744
753089
753088
753087
753091
753086
2994045
2994044
700938
700937
697872
1450169
10713
238854
631719
141904
141904
141904
141904
141904
141904
141904
141904
141904
141904
141904
141904
141904
141904
141904
141904
141904
141904
141904
141904
141904
141904
141904
141904
141904
141904
141904
141904
141904
141904
141904
141904
141904
141904
141904
141904
141904
141904
141904
141904
141904
141904
141904
141904
141904
141904
141904
141904
141904
141904
141904
141904
141904
141904
141904
141904
141904
141904
141904
141904
141904
689414
689414
141904
141904
141904
141904
689414
689414
689414
689414
689414
689414
141904
689414
689414
689414
689414
689414
689414
689414
141904
141904
141904
689414
689414
689414
689414
689414
689414
141904
689414
689414
689414
689414
689414
689414
689414
689414
689414
141904
141904
141904
141904
141904
141904
141904
141904
141904
141904
141904
141904
141904
691319
687803
687803
687802
687802
687802
687802
687802
687802
687802
687801
687801
687801
687801
687801
687799
687799
687799
687799
687799
687800
687800
687800
687800
687800
687800
687800
687800
687800
687800
687800
687800
687800
687800
687800
687800
687800
687800
687800
687800
687800
687800
687800
687800
687800
687800
687800
687800
687800
687800
687800
687800
687800
687800
2060721
156995
646460
646460
516541
10760
10760
10760
2695836
2886926
2886926
2886926
977801
314021
66711
913183
867695
582345
207656
2886926
10760
10760
2679904
12392
255431
2886926
1604876
120574
120574
12348
12402
2883944
157924
354260
43685
103807
151537
2952367
12402
2883944
157924
354260
43685
103807
151537
2952367
12348
12402
2883944
157924
354260
43685
103807
151537
2952367
686440
2570911
702822
702821
683735
673375
141904
141904
141904
141904
141904
141904
141904
141904
141904
141904
141904
141904
141904
141904
141904
141904
141904
12022
12022
663241
670252
2919548
668618
665033
665032
584892
663584
663584
663583
663560
2919547
663558
2919546
663556
663555
663554
663553
687802
687802
687802
687802
687802
687802
687802
687803
687803
687803
687803
687803
687803
687803
687803
687803
687801
687801
687801
687801
687801
687800
687800
687800
687800
687800
687800
687800
687800
687800
687800
687800
687800
687800
687800
687800
687800
687800
687800
687800
687800
687800
687800
687800
687800
687800
687800
687800
687800
687800
687800
687800
687800
687800
687800
687802
687802
687802
687802
687802
687802
687802
687803
687803
687803
687803
687803
687803
687803
687803
687803
687801
687801
687801
687801
687801
687799
687799
687799
687799
687799
687800
687800
687800
687800
687800
687800
687800
687800
687800
687800
687800
687800
687800
687800
687800
687800
687800
687800
687800
687800
687800
687800
687800
687800
687800
687800
687800
687800
687800
687800
687800
687800
687800
687800
687802
687802
687802
687802
687802
687802
687802
687803
687803
687803
687803
687803
687803
687803
687803
687803
687801
687801
687801
687801
687799
687799
687799
687799
687799
687800
687800
687800
687800
687800
687800
687800
687800
687800
687800
687800
687800
687800
687800
687800
687800
687800
687800
687800
687800
687800
687800
687800
687800
687800
687800
687800
687800
687800
687800
687800
687800
687800
687800
687802
687802
687802
687802
687802
687802
687802
687803
687803
687803
687803
687803
687803
687803
687803
687803
687801
687801
687801
687801
687801
687799
687799
687799
687799
687799
687800
687800
687800
687800
687800
687800
687800
687800
687800
687800
687800
687800
687800
687800
687800
687800
687800
687800
687800
687800
687800
687800
687800
687800
687800
687800
687800
687800
687800
687800
687800
687800
687800
687800
687802
687802
687802
687802
687802
687802
687802
687803
687803
687803
687803
687803
687803
687803
687803
687803
687801
687801
687801
687801
687801
687799
687799
687799
687799
687799
687800
687800
687800
687800
687800
687800
687800
687800
687800
687800
687800
687800
687800
687800
687800
687800
687800
687800
687800
687800
687800
687800
687800
687800
687800
687800
687800
687800
687800
687800
687800
687800
687800
687800
687802
687802
687802
687802
687802
687802
687802
687803
687803
687803
687803
687803
687803
687803
687803
687803
687801
687801
687801
687801
687801
687799
687799
687799
687799
687799
687800
687800
687800
687800
687800
687800
687800
687800
687800
687800
687800
687800
687800
687800
687800
687800
687800
687800
687800
687800
687800
687800
687800
687800
687800
687800
687800
687800
687800
687800
687800
687800
687800
687800
687802
687802
687802
687802
687802
687802
687802
687803
687803
687803
687803
687803
687803
687803
687803
687803
687801
687801
687801
687801
687801
687799
687799
687799
687799
687799
687800
687800
687800
687800
687800
687800
687800
687800
687800
687800
687800
687800
687800
687800
687800
687800
687800
687800
687800
687800
687800
687800
687800
687800
687800
687800
687800
687800
687800
687800
687800
687800
687800
687800
39804
39804
39804
39804
39804
39804
39804
39804
39804
686439
663240
663239
663238
12027
12027
12027
12027
2789016
2789016
2789016
2789016
12022
12022
12022
12022
10843
10843
10843
10843
10863
10863
10863
10863
2886930
2886930
2886930
2886930
666474
666474
666474
666474
666474
666474
666474
666474
655098
655097
539221
539221
539221
539221
539221
539221
539221
539221
539221
539221
539221
539221
539221
539221
539221
539221
539221
539221
571950
555387
335797
687803
687803
687803
687803
687803
687803
687803
665887
2898543
2898542
2898541
2919545
336724
336724
336724
336724
336724
336724
336724
336724
336724
336724
336724
336724
336724
336724
336724
336724
336724
336724
336724
336724
336724
336724
336724
336724
336724
336724
336724
336724
336724
336724
336724
336724
336724
336724
336724
336724
336724
336724
336724
336724
336724
336724
336724
336724
336724
336724
336724
336724
336724
336724
336724
336724
336724
336724
336724
336724
336724
336724
336724
336724
336724
336724
336724
336724
336724
336724
336724
336724
336724
336724
336724
336724
336724
336724
336724
336724
336724
336724
336724
336724
336724
336724
336724
336724
336724
336724
336724
336724
336724
336724
336724
336724
336724
336724
336724
336724
336724
336724
336724
336724
336724
336724
336724
336724
336724
336724
336724
336724
336724
336724
336724
336724
336724
336724
336724
336724
336724
336724
336724
336724
336724
336724
336724
336724
336724
336724
336724
336724
336724
336724
336724
336724
336724
336724
336724
336724
336724
336724
336724
336724
336724
336724
336724
336724
336724
336724
336724
336724
336724
336724
336724
336724
336724
336724
336724
336724
336724
336724
336724
336724
336724
336724
336724
336724
336724
336724
336724
336724
336724
336724
336724
336724
336724
336724
336724
336724
336724
336724
336724
336724
336724
336724
336724
336724
336724
336724
336724
336724
336724
336724
336724
336724
336724
336724
336724
336724
336724
336724
336724
336724
336724
336724
336724
336724
336724
336724
336724
336724
336724
336724
336724
336724
336724
336724
336724
336724
336724
336724
336724
336724
336724
336724
336724
336724
336724
336724
336724
336724
336724
336724
336724
336724
336724
336724
336724
336724
336724
336724
336724
336724
336724
336724
336724
336724
336724
336724
336724
336724
336724
336724
336724
336724
336724
336724
336724
336724
336724
336724
336724
336724
336724
336724
336724
336724
336724
336724
336724
336724
336724
336724
336724
336724
336724
336724
336724
336724
336724
336724
336724
336724
336724
336724
336724
336724
336724
336724
336724
336724
336724
336724
336724
336724
336724
336724
336724
336724
336724
336724
336724
336724
336724
336724
336724
336724
336724
336724
336724
336724
336724
336724
336724
336724
336724
336724
336724
336724
336724
336724
336724
336724
336724
336724
336724
336724
336724
336724
336724
336724
336724
336724
336724
336724
336724
336724
336724
336724
336724
336724
336724
336724
336724
336724
336724
336724
336724
336724
336724
336724
336724
336724
336724
336724
336724
336724
336724
336724
336724
336724
336724
336724
336724
336724
336724
336724
336724
336724
336724
336724
336724
336724
336724
336724
336724
336724
336724
336724
336724
336724
336724
336724
336724
336724
336724
336724
336724
336724
336724
336724
336724
336724
336724
336724
336724
336724
336724
336724
336724
336724
336724
336724
336724
336724
39804
39804
39804
39804
2789016
2789016
2789016
3413333
2789016
2789207
2789207
2789207
644563
637730
621280
2919544
2919543
590739
584892
12022
12022
12022
2907955
10759
10760
394238
2886926
2886926
2886926
2886926
2886926
2886926
2886926
2886926
2886926
2886926
2886926
2886926
2886926
2886926
2886926
2886926
2886926
2886926
2886926
2886926
2886926
2886926
2886926
2886926
2886926
2886926
2886926
2886926
2886926
2886926
2886926
2886926
2886926
2886926
2886926
2886926
2886926
2886926
2886926
2886926
2886926
2886926
2886926
2886926
2886926
2886926
2886926
2886926
2886926
2886926
2886926
2886926
2886926
2886926
2886926
2886926
2886926
2886926
2886926
2886926
2886926
2886926
2886926
2886926
2886926
2886926
2886926
2886926
2886926
2886926
2886926
2886926
2886926
2886926
2886926
2886926
2886926
2886926
2886926
2886926
2886926
2886926
2886926
2886926
2886926
2886926
2886926
2886926
2886926
2886926
2886926
2886926
2886926
2886926
2886926
2886926
2886926
2886926
2886926
2886926
2886926
2886926
2886926
2886926
2886926
2886926
2886926
2886926
2886926
2886926
2886926
2886926
2886926
2886926
2886926
2886926
2886926
2886926
2886926
2886926
2886926
2886926
2886926
2886926
2886926
2886926
2886926
2886926
2886926
2886926
2886926
2886926
2886926
2886926
2886926
2886926
2886926
2886926
2886926
2886926
2886926
2886926
2886926
2886926
2886926
658401
215796
215796
215796
215796
215796
10845
10864
2905920
2905920
2905920
2905920
2905920
2905920
2905920
2905920
2905920
2905920
2886926
2886926
10760
10760
10760
2928685
2886926
2014434
2886926
2014434
2886926
110457
197783
10759
110457
10760
110457
10760
110457
10696
10696
2681603
10760
10760
2886926
10760
10760
2886926
10760
10760
10760
649272
649272
649272
649272
649272
649272
649272
649272
649272
649272
649272
649272
649272
649272
649272
649272
649272
649272
649272
644007
627480
10686
36341
192973
69609
197311
31533
581037
582382
576538
112596
112596
649688
646413
112596
112596
112596
112596
112596
112596
2886898
642111
641837
641836
641833
641835
641839
641838
641834
641834
641837
641838
641835
641836
641833
641839
641834
641838
641839
641835
641836
641833
641837
641832
10760
2886930
635137
635140
635135
635136
635144
635145
635143
635142
635141
635139
635138
635107
635106
635105
635104
635103
635102
635101
635100
635099
635098
635097
10693
2681597
2892342
12022
12022
12022
12022
12022
12022
12022
12022
12022
12022
12022
12022
12022
12022
12022
12022
12022
12022
12022
12022
12022
12022
12022
12022
12022
12022
12022
12022
12022
12022
12022
12022
12022
12022
12022
12022
12022
12022
12022
12022
12022
12022
12022
12022
12022
12022
12022
12022
12022
12022
12022
12022
12022
12022
12022
12022
12022
12022
12022
12022
12022
12022
12022
12022
12022
12022
12022
12022
12022
12022
12022
12022
12022
12022
12022
12022
12022
12022
12022
12022
12022
12022
12022
12022
12022
12022
12022
12022
12022
12022
12022
12022
12022
12022
12022
12022
12022
12022
12022
12022
12022
12022
12022
12022
12022
12022
12022
12022
12022
12022
12022
12022
12022
12022
12022
12022
12022
12022
12022
12022
12022
12022
12022
12022
12022
12022
12022
12022
12022
12022
12022
12022
12022
12022
12022
12022
12022
12022
12022
12022
12022
12022
12022
12022
12022
12022
12022
12022
12022
12022
12022
12022
12022
12022
12022
12022
12022
12022
12022
12022
12022
12022
12022
12022
12022
12022
12022
12022
12022
12022
12022
12022
12022
12022
12022
12022
12022
12022
12022
12022
12022
12022
12022
12022
12022
12022
12022
12022
12022
12022
12022
12022
12022
12022
12022
12022
12022
12022
12022
12022
12022
12022
12022
12022
12022
12022
12022
12022
12022
12022
12022
12022
12022
12022
12022
12022
12022
12022
12022
12022
12022
12022
12022
12022
12022
12022
12022
12022
12022
12022
12022
12022
12022
12022
12022
12022
12022
12022
12022
12022
12022
12022
12022
12022
12022
12022
112596
627087
336724
336724
336724
336724
336724
336724
336724
336724
336724
336724
336724
336724
336724
336724
336724
336724
336724
336724
336724
336724
336724
336724
336724
336724
336724
336724
336724
336724
336724
336724
336724
336724
336724
336724
336724
336724
336724
336724
336724
336724
336724
336724
336724
336724
336724
336724
336724
336724
336724
336724
336724
336724
336724
336724
336724
336724
336724
336724
336724
336724
336724
336724
336724
336724
336724
336724
336724
336724
336724
336724
336724
336724
336724
336724
336724
336724
336724
336724
336724
336724
336724
336724
336724
336724
336724
336724
336724
336724
336724
336724
336724
336724
336724
336724
336724
336724
336724
336724
336724
336724
336724
336724
336724
336724
336724
336724
336724
336724
336724
336724
336724
336724
336724
336724
336724
336724
336724
336724
336724
336724
336724
336724
336724
336724
336724
336724
336724
336724
336724
336724
336724
336724
336724
336724
336724
336724
336724
336724
336724
336724
336724
336724
336724
336724
336724
336724
336724
336724
336724
336724
336724
336724
336724
336724
336724
336724
336724
336724
336724
336724
336724
336724
336724
336724
336724
336724
336724
336724
336724
336724
336724
336724
336724
336724
336724
336724
336724
336724
336724
336724
336724
336724
336724
336724
336724
336724
336724
336724
336724
336724
336724
336724
336724
336724
336724
336724
336724
336724
336724
336724
336724
336724
336724
336724
336724
336724
336724
336724
336724
336724
336724
336724
336724
336724
336724
622691
2681619
648017
271647
271647
271647
271647
271647
271647
271647
613119
613118
613117
591487
593131
593131
593131
490913
490912
66284
141904
141904
141904
141904
141904
141904
141904
141904
141904
141904
141904
141904
141904
141904
141904
141904
141904
141904
141904
641487
2785247
2785247
2785247
2785247
2785247
2785247
2785247
2785247
2785247
2785247
141904
141904
141904
141904
141904
141904
141904
141904
141904
141904
141904
141904
141904
141904
2785247
2785247
2785247
2785247
2785247
2785247
2785247
2785247
2785247
2785247
141904
141904
141904
141904
141904
141904
141904
141904
141904
141904
141904
141904
141904
141904
633842
633841
633843
588068
2884424
2884424
2884424
2884424
2884424
2884424
565140
576791
578234
576790
576789
2914017
2681608
538979
538398
557393
2992639
538529
348058
526394
526394
526394
39804
39804
39804
39804
12032
2789016
2789016
2789016
2789016
2789207
2789207
2789207
12022
12022
12022
12022
12022
2914009
2914008
482822
2847283
2884424
2884424
2884424
2884424
2884424
2884424
10760
2681603
2681603
10760
10760
10760
10760
10760
10760
12413
12413
12413
12413
10760
10760
2886926
2886926
2886926
2886926
2886926
2886926
2886926
2886926
2886926
2886926
2886926
2886926
2886926
2886926
2886926
2886926
2886926
2886926
2886926
2886926
2886926
2886926
2886926
2886926
2886926
2886926
2886926
2886926
2886926
2886926
2886926
2886926
2886926
2886926
2886926
2886926
2886926
2886926
2886926
2886926
2886926
2886926
2886926
2886926
2886926
2886926
2886926
2886926
2886926
2886926
2886926
2886926
2886926
2886926
2886926
2886926
2886926
2886926
2886926
2886926
2886926
2886926
2886926
2886926
2886926
2886926
2789016
2789016
237915
255220
255219
42178
37363
36338
115990
255221
134822
69609
348896
197311
348895
10687
658056
658056
658056
658056
658056
658056
658056
658056
552529
552528
552528
552527
552527
549446
549445
254397
537874
571206
2884427
112596
112596
112596
47049
564886
563124
2914020
2914019
563121
2914018
561999
561998
561997
2902904
560198
560198
560198
560198
560198
560198
560198
560198
560197
560197
560197
560197
560197
560197
560197
560197
560197
560197
560197
99179
10864
557989
551895
2884422
560178
573591
546803
555603
546807
546808
546806
546805
557289
2914016
2902893
546184
2914015
504515
504502
504501
504524
504553
504545
504527
504525
504530
504515
504502
504501
504524
504553
504545
504527
504525
504530
2884424
543153
543152
540064
2914014
2914013
2914012
2914011
532076
532077
532075
532074
532078
2849704
444878
445684
444861
536454
445683
536453
536474
536466
528321
526118
524865
524865
524865
524865
524865
524865
524865
524865
541865
515982
529929
503388
2880538
215796
215796
2914010
490913
490912
2679905
489779
489258
489258
489258
489258
489258
489258
489258
489258
489258
489258
489258
504543
504542
504541
504540
504539
504537
504536
504535
504534
504533
504532
504531
504529
504528
504527
504526
504525
504558
504557
504556
504544
504554
504552
504551
504548
504547
504546
504545
504519
504518
504517
504516
504515
504514
504513
504511
504510
504509
504508
504507
504506
504505
504504
504503
504502
504501
504499
504498
504497
504496
504495
504494
504524
504523
504522
504521
504520
504512
504500
504555
504538
504530
504553
504550
504549
483785
483784
483783
498344
498343
498352
498345
498349
498346
498350
498341
498338
306536
498340
498348
498347
156744
498351
498342
498353
498339
498337
306535
496874
496396
447799
447799
2898538
480808
198110
470865
469660
2914007
2914006
475178
476523
460861
278008
278008
278008
278008
278008
278008
278008
278008
278008
278008
278008
278008
278008
278008
278008
278008
278008
278008
278008
278008
278008
278008
278008
278008
278008
278008
278008
278008
278008
278008
278008
278008
278008
278008
278008
278008
278008
278008
278008
278008
278008
278008
278008
278008
278008
278008
278008
278008
278008
464033
464033
464033
464033
464033
464033
464033
464033
464033
464033
464033
112596
452469
452469
452469
447798
77775
447798
447799
447799
447799
447796
447797
447798
447796
447799
2881397
458639
446529
2914005
439809
461711
351709
351707
2914004
437329
426370
10760
10760
10760
10760
10760
10760
10760
10760
10760
10760
10760
10760
10760
10760
10760
10760
10760
10760
10760
10760
10760
10760
10760
10760
10760
10760
10760
10760
10760
10760
10760
10760
10760
10760
10760
10760
10760
10760
10760
10760
10760
10760
10760
10760
10760
10760
10760
10760
10760
10760
10760
10760
10760
10760
10760
10760
10760
10760
10760
10760
10760
10760
10760
10760
10760
10760
10760
10760
10760
10760
10760
10760
10760
10760
10760
10760
10760
10760
10760
10760
10760
10760
10760
10760
10760
10760
10760
10760
10760
10760
10760
10760
10760
10760
10760
10760
10760
10760
10760
10760
10760
10760
10760
10760
10760
10760
10760
10760
10760
10760
10760
10760
10760
10760
10760
10760
10760
10760
10760
10760
10760
10760
10760
10760
10760
10760
215796
215796
215796
215796
215796
215796
215796
215796
215796
215796
215796
215796
215796
215796
215796
435637
435305
2789014
2011087
434346
293178
445517
445516
445515
451705
12348
112596
448384
426370
2886930
2886930
2886930
2886930
2886930
2886930
2886930
2886930
2886930
2886930
2886930
2886930
2886930
2886930
2886930
2886930
2886930
2886930
2886930
2886930
2886930
2886930
2886930
2886930
2914003
424949
424948
424947
424948
424947
424946
424945
424949
424948
424947
424946
424945
424949
424948
424947
424946
424945
424946
424945
424946
424945
423476
112596
424944
418443
2886897
424926
424925
424924
424923
424943
424922
424926
424925
424924
424923
424943
424922
424926
424925
424923
424943
424922
424924
424926
424925
424923
424943
424922
307898
307898
307898
307898
307898
307898
416562
307898
307898
432198
432202
432197
432200
432199
432203
432201
413066
365048
365048
2913982
2886925
382653
382653
382653
407392
2928686
2928686
2928686
2928686
2928686
382653
382653
406599
406599
406598
406598
406598
406598
406598
406598
406598
406598
406598
406598
406598
2928686
2928686
2928686
2928686
2928686
2928686
2928686
2928686
2928686
2928686
2928686
2928686
2928686
2928686
2928686
2928686
2928686
2928686
2928686
2928686
2928686
2928686
2928686
2928686
2928686
2928686
2928686
2928686
2928686
2928686
2928686
2928686
2928686
2928686
2928686
2928686
2913981
2681602
2913979
2913978
403905
264484
264484
264484
264484
264484
264484
264484
2785079
354260
12024
2913977
399183
2913976
373126
2928686
2928686
2928686
2928686
2928686
2928686
2928686
2928686
2928686
2913975
394238
394231
2913974
2913973
2913972
388738
388738
2911444
387909
2911443
2911442
387264
387264
2911440
10704
384848
382685
2849703
447909
376758
376821
2681596
375282
373414
373410
373409
2681623
373406
2911435
2911433
2902792
444474
374529
374527
374526
374525
112596
112596
112596
112596
112596
112596
112596
112596
112596
112596
112596
112596
112596
112596
112596
112596
112596
112596
112596
112596
2681611
2681611
2681611
2681611
2681611
2681611
2681611
2681611
369581
365048
2892346
382359
341698
2908173
328629
330399
330398
330397
330396
2908169
40522
2886926
2886926
2886926
2886926
2886926
2886926
2886926
2886926
2886926
2886926
2886926
2886926
2886926
2886926
2886926
2886926
2886926
2886926
2886926
2886926
2886926
2886926
2886926
2886926
2886926
2886926
2886926
2886926
2886926
2886926
2886926
2886926
2886926
2886926
2886926
2886926
2886926
2886926
2886926
2886926
2886926
2886926
2886926
2886926
2886926
2886926
2886926
2886926
2886926
2886926
2886926
2886926
2886926
2886926
2886926
2886926
2886926
2886926
2886926
2886926
2886926
2886926
2886926
2886926
2886926
2886926
2886926
2886926
10760
10760
2060721
2886926
10760
2886926
2886926
2886926
10760
10760
10760
10760
2886926
2886926
2886926
2886926
10760
10658
10658
10658
10658
10658
2695836
2886926
10760
467481
2886926
2886926
2886926
10760
2908169
2908169
2908169
2908169
10760
10760
10760
10759
2907955
10760
181120
2695836
2695836
2681603
2681603
2907955
10759
10760
10760
12026
2886926
2886926
2886926
2886926
2681603
2681603
2907955
10759
10760
10760
12022
2681618
2681618
2681618
2681618
2886918
539221
2881400
2881401
2883941
2883942
396359
287435
254254
254253
2892339
504346
442493
430796
2994038
2993858
484896
484895
454798
462590
372457
424716
10665
386793
386792
369257
237915
255220
192973
255219
42178
42177
37363
42176
42175
255221
69609
348896
197311
348895
36340
31533
164992
10687
10691
10674
10676
10666
2060721
342373
551790
2886926
2492962
2492962
10666
2060721
520962
2908168
493906
2994039
2993859
1980924
2908168
10863
10863
458477
458476
458475
458474
458473
458472
458471
458470
458469
458468
458467
458466
458465
458464
458463
458462
458461
458460
458459
458458
458457
458456
458455
458454
458453
458452
458451
458450
458449
458448
458447
458446
458445
458444
458443
458442
458441
458440
458439
458438
458437
458436
458435
458434
458433
458432
458431
458430
458429
458428
458427
458426
458425
458424
458423
458422
458421
458420
450214
450214
414970
2993856
384360
384359
379329
2994039
374421
2856824
2911441
383865
383867
402683
383864
383865
383866
383864
382654
382653
2928686
2928686
2928686
2928686
2928686
2928686
2928686
2928686
2928686
2928686
2928686
2928686
2928686
2928686
2928686
2928686
2928686
2928686
2928686
2928686
2928686
382359
445683
382262
382273
382275
268747
375059
375058
375057
375056
375055
375054
375053
375052
375051
375050
375049
375048
375047
375046
375045
375044
375043
375042
375041
375040
375039
375038
375037
375036
375035
375034
375033
373404
373415
373411
2911439
373413
370623
367898
367898
367898
367898
367898
367898
367898
367898
367898
367898
367898
367898
367898
367898
367898
367898
367898
367898
367898
367898
367898
112596
363555
31534
347966
359962
2885908
2785247
2928686
2928686
2928686
2928686
2928686
2928686
2928686
2928686
2928686
2928686
2928686
2928686
2928686
2928686
2928686
2928686
2928686
2928686
2928686
2928686
2928686
2928686
2928686
2928686
2928686
2928686
2928686
2928686
2928686
2928686
2928686
2928686
2928686
2928686
2928686
2928686
2928686
2928686
2928686
2928686
2928686
2928686
2928686
2928686
2928686
2928686
2928686
2928686
2928686
2928686
2928686
2928686
2928686
2928686
2928686
2928686
2928686
2928686
2928686
2928686
2928686
2928686
2928686
2928686
2928686
2928686
2928686
2928686
2928686
2928686
2928686
2928686
357204
356350
356350
356350
356350
356350
3433351
347962
347962
347966
347966
347962
351708
351710
352259
352258
352257
352256
351711
351710
351709
351708
348137
2928686
2928686
2928686
350104
36340
164992
42178
112596
112596
112596
347329
2911432
347327
2911431
347325
347324
345922
343516
2880361
2886922
335924
335924
335924
335924
335924
335924
335924
335924
335924
335924
335924
335924
335924
335924
335924
335924
335924
335924
335924
335924
335924
335924
335924
335924
335924
335924
335924
335924
335924
335924
335924
335924
335924
335924
335924
335924
335924
335924
335924
335924
335924
335924
335924
335924
335924
335924
335924
335924
335924
335924
335924
335924
335924
335924
335924
335924
335924
335924
335924
335924
335924
335924
335924
335924
335924
335924
2911430
344021
341691
341690
338882
338882
2932881
343949
2681592
10849
338140
384642
338138
338137
338136
338135
338134
338133
338132
338131
338130
338129
338128
338127
338126
338125
338124
338123
338122
338121
338120
338119
338118
338117
338116
338115
338114
338113
338112
338111
338110
338109
338108
338107
338106
338105
489828
338103
338102
338101
511969
329886
141904
141904
141904
74336
74336
74336
2789016
2789016
2789016
2789016
2789016
2789016
2789016
2789016
2789016
2789016
2789016
2908172
10760
10760
2886926
2886926
2907955
10759
10760
2681603
2681603
2886926
2886926
2886926
2886926
10760
156995
2908166
2886926
10760
2886926
2886926
2886926
2886926
2886926
148943
10760
10760
12022
10760
10760
10760
10760
10760
10760
10760
10760
10760
2907955
532077
10759
10760
10759
10760
10760
10760
10760
2907955
532077
10759
10760
10760
10760
10760
10760
2884424
2884424
2679898
200474
2884424
2884424
2884424
2884424
10760
39103
532077
2907955
10759
10760
10760
2886926
2908166
10864
2886926
148943
137511
2907955
10760
10759
10759
2886926
2886926
2886926
10759
10760
10759
10759
2886926
12022
322855
311221
311221
328628
328627
2887182
321023
2908167
2908166
2908152
2908151
2908115
2908114
2936818
2936817
2936816
320843
2936815
2936814
2936813
2936812
2952374
2908113
320836
2908111
2908098
2908097
2908096
320832
320831
268747
268746
2908095
311221
532077
2883936
10658
261665
318596
318595
318594
318593
319522
307164
307164
307164
307164
307164
307164
307164
307164
307164
307164
307164
307898
307898
305853
65388
317414
317414
317414
317414
45441
310539
299647
298976
313629
2014434
112596
303381
10682
310953
295712
295711
295710
295709
295708
295713
294363
294363
12336
101570
2695836
293644
292511
292443
306536
306535
307240
2908019
2695836
2892344
12336
290600
1582354
282710
282709
282708
282707
282706
282705
282704
282703
282702
282701
282700
282699
282698
282697
282696
282695
282694
282693
282692
282691
282690
2679904
112596
112596
112596
112596
112596
112596
112596
112596
112596
112596
112596
112596
112596
112596
112596
112596
112596
112596
112596
112596
112596
112596
112596
112596
294382
279530
268588
2883949
279281
2695836
280702
280702
280702
273453
187944
187944
187944
187944
279303
287452
287451
287450
287449
287448
287447
287446
287445
287444
287443
287442
287441
287440
287439
287438
287437
287436
287434
287433
287432
287431
287430
287429
287428
287427
287426
287425
287424
287423
287422
287421
287413
287420
287419
287418
287417
287416
287415
287414
287599
287411
2892346
287410
287409
2681607
270673
175950
175950
325253
325253
210624
325252
325251
325250
325249
210624
268590
268589
268588
268588
268588
268587
268586
268585
206103
206102
206062
206061
206060
175950
175950
175950
75590
75590
2695836
2881392
264484
263386
263375
263374
2849703
2849703
2849703
2849703
2849703
2849703
2849703
2849703
2849703
112596
112596
112596
112596
112596
112596
112596
112596
112596
112596
112596
112596
112596
112596
112596
112596
112596
112596
112596
112596
112596
112596
112596
112596
112596
112596
112596
112596
112596
112596
112596
112596
270182
260827
2695836
2992641
260372
112596
112596
112596
112596
112596
112596
112596
112596
112596
112596
112596
112596
112596
112596
112596
112596
112596
112596
112596
112596
112596
112596
2902891
260120
2881399
261665
259828
2907964
2907963
2898539
2898539
2898539
2898539
2898539
2898539
2898539
255431
247080
2681604
2907955
2883943
2883945
2907963
242861
242708
242708
2883944
50948
241655
241654
241653
2932880
241652
2681611
112596
112596
112596
112596
112596
112596
112596
248252
238893
238892
10702
3118720
75320
239740
10760
10760
10760
10760
10760
10686
10666
237915
237914
31533
69609
197311
237903
237902
10686
237915
237903
69609
197311
237902
31533
10666
237914
10686
10666
237915
237914
237903
31533
69609
197311
237902
236750
156995
235265
2892345
2492962
230167
2928685
212453
212452
2907836
146269
206102
206062
206061
10760
190478
2886926
2886926
2681603
2681603
373126
331627
12336
2994040
10773
10724
131005
131003
358215
211906
358214
131010
358213
131011
211910
358212
358211
358210
211908
131001
131015
211904
211911
358209
211901
131004
131002
131013
131009
211909
211907
211905
211903
211902
358208
131017
131007
131006
131014
131016
131010
211911
211909
211903
211906
211902
211901
2994041
2679891
344021
2695836
340434
338345
334523
334856
331278
192973
31533
314494
36337
294631
50948
10686
12353
31533
164992
10691
10674
273133
191766
191766
191766
191766
191766
191766
191766
191766
238854
265126
264987
264986
264985
264727
65015
264653
10676
115990
69610
10687
10686
12402
255221
237903
10693
134822
237915
255220
192973
255219
42178
42177
37363
42176
42175
36341
115990
36338
2884424
2884424
254397
12426
2932881
191766
191766
191766
172667
196242
225067
181485
181485
2905959
213236
213776
213773
213771
2908173
213774
39838
213770
213782
213777
2892346
10682
196194
77775
2886926
2886926
151599
2886919
2856824
2856824
2856824
12014
332942
12029
332940
332939
332938
331976
29342
29342
2994040
329618
329617
329616
329615
284052
156995
156995
272757
262790
221029
52971
52971
52971
86386
10843
10874
54392
90963
10868
12360
10760
10703
2908168
204272
204272
204272
204272
204272
204272
204272
204272
204272
204272
204272
204272
204272
204272
198111
198111
198111
198111
198111
198111
198110
198110
198110
198110
198110
198110
198110
198110
198111
198111
198111
198111
198111
198111
198111
198111
198111
198110
198110
198110
198110
198110
198110
198110
198110
198110
198110
198110
198110
198110
198110
50948
50948
50948
50948
50948
50948
50948
50948
50948
50948
50948
50948
50948
50948
50948
50948
50948
50948
50948
50948
50948
50948
50948
50948
50948
50948
50948
50948
50948
50948
50948
50948
50948
50948
50948
50948
50948
50948
50948
50948
50948
50948
50948
50948
2886926
10760
10760
10760
2907955
10760
10759
2886926
2886926
10864
2681603
238854
2060721
233585
2695836
2695836
2911441
12353
12353
2907956
2907955
50948
164125
227471
2880362
236987
236987
236987
236987
236987
236987
236987
236987
236987
236987
236987
236987
236987
236987
236987
236987
236987
236987
236987
236987
236987
236987
236987
236987
236987
236987
236987
236987
236987
236987
236987
236987
236987
236987
236987
236987
236987
236987
236987
236987
57477
2992578
227506
227720
223524
2907838
221993
2898540
66711
66711
196598
215158
219292
209152
213780
213780
213779
213779
213778
213778
141904
141904
141904
141904
2681595
207597
206060
206103
205880
2907835
205877
2907834
2907833
205874
2907832
2907831
2907830
2907829
2908168
2908168
2908168
2908168
2908168
2908168
45102
2789016
2907796
190478
2905964
175950
173575
173574
173573
173572
2905963
173707
52971
161736
161736
158197
2885909
156750
156749
156748
156747
156746
156745
156744
156743
156742
156741
156740
2932882
35345
157924
10759
10760
10760
10759
2907955
2907955
10760
2907955
10760
10760
2886926
2908166
10760
10760
2679898
331976
200474
2884424
2886926
10760
2886926
2886926
12022
2886930
2886930
2886926
2886926
2886926
2886926
2886926
2886926
10760
181120
181120
10760
10760
10760
10760
10760
2886926
10760
108918
10759
10759
2886926
2886926
2886926
12022
10760
2886926
10760
10759
10759
2695836
148943
148943
148943
148943
148943
148943
2886926
194949
194948
180816
2993860
97081
462299
97081
230158
50948
1075161
50948
211911
211910
211909
211908
211907
211906
211905
211904
211903
211902
211901
344021
204270
50948
198595
198595
10686
50948
69609
197312
197311
36340
69608
69610
31533
164992
10666
10687
10691
10674
10676
2060721
192973
42177
42176
42175
36341
36340
31533
164992
10691
10674
10676
10666
2060721
12353
12353
12353
12353
12353
187176
176100
172666
173831
173830
173829
120574
120574
120574
172667
172667
164125
167042
10759
10676
10666
2060721
36341
36338
115990
134822
36340
164992
10687
10691
10674
306535
171618
2905681
291401
120574
103216
131017
131016
131015
131014
131013
131012
131011
131010
131009
131008
131007
131006
131005
131004
131003
131002
131001
103807
2060721
115990
36338
10691
10666
46654
138946
10687
10674
10676
134822
36340
132905
130675
28358
52971
105154
110457
51369
108918
108917
108916
10863
103807
52971
103371
103370
103216
52971
31754
52971
2992639
40521
2910191
89603
33711
12417
2886926
83128
83127
83126
44743
223524
12020
210927
210928
2883946
141904
141904
347962
200913
210624
198932
141904
141904
141904
141904
141904
141904
141904
141904
141904
55511
196598
196597
196596
204090
2679897
141904
141904
141904
141904
141904
141904
141904
141904
141904
141904
141904
141904
141904
141904
141904
10680
12353
197783
2907956
201847
187944
187944
187944
187944
187944
2681603
187944
185384
185384
185384
185384
197314
197314
197314
197314
91019
10843
181604
180503
179237
2060721
2883940
177181
177181
185369
185368
189836
2992645
2905946
2681609
10760
10760
10760
10760
10760
10760
10760
10760
10760
10760
10760
10760
10760
10760
10760
10760
10760
10760
10760
10760
10760
10760
10760
10760
10760
10760
10760
10760
10760
10760
10760
10760
10760
10760
10760
10760
10760
10760
10760
10760
10760
10760
10760
10760
10760
10760
10760
10760
10760
10760
10760
10760
10760
10760
10760
10760
10760
10760
10760
10760
10760
10760
10760
10760
10760
10760
10760
10760
10760
10760
10760
10760
10760
10760
10760
10760
10760
10760
10760
10760
10760
10760
10760
10760
10760
10760
10760
10760
10760
10760
10760
10760
10760
10760
10760
10760
10760
10760
10760
10760
141904
141904
141904
161736
91019
66711
146269
2905945
49964
37363
10666
2060721
36340
238854
156995
156995
114416
52971
152556
152557
152558
152559
152560
152561
152562
152563
152564
152565
2905923
155148
154784
151539
151534
151538
151537
151536
151535
169967
169967
169967
169967
169967
169967
169967
169967
169967
169967
169967
169967
169967
169967
169967
169967
169967
169967
169967
169967
169967
2679891
60457
65388
167533
60457
60457
60457
60457
60457
60457
145579
35345
2886930
2886930
2886930
2886930
2886930
2886930
2886930
2886930
2886930
2886930
2886930
2886930
2886930
2886930
2886930
10844
2902907
129862
254253
254253
152338
152338
141904
139031
137511
134554
134554
134554
128975
129862
129862
129861
129861
35345
35345
129861
2905920
12390
2785247
2785247
2785247
2785247
2785247
2785247
2785247
2785247
2785247
2785247
2785247
2785247
2785247
2785247
2785247
2785247
2785247
2785247
2785247
2785247
2785247
2785247
2785247
2785247
2785247
2785247
2785247
2785247
2785247
2785247
2785247
2785247
2785247
2785247
2785247
2785247
12021
120086
120086
120086
115992
115986
123798
115986
115992
115985
12353
2887182
115992
115990
2919549
115986
10686
2908168
114418
114417
114416
66711
117830
2908111
50948
50948
139871
110679
35241
2905867
12392
2886930
2886930
2886930
2886930
2886930
2886930
2886930
2886930
31754
2932880
138540
74382
2681625
2681598
52971
2905728
100642
152338
100634
100638
100636
100640
100639
100637
120164
120163
120166
120167
102150
102145
102147
102144
102146
102143
2905727
2886926
2785247
2785247
2785247
2785247
93224
2905959
665033
90888
90888
90888
90887
90887
90887
90889
90889
90889
10730
2886926
92037
2905721
92037
2681624
2905688
2905685
2905688
35241
83132
2908173
2892346
2932879
2681603
2905685
69609
75590
99179
77775
92834
2681617
2681618
88870
79219
1604876
10717
76933
75590
75590
10874
2932881
2932881
2932881
2932881
2932881
2932881
2932881
2932881
2932881
2932881
2932881
2932881
2932881
2932881
2932881
2932881
2932881
2932881
2932881
2932881
2932881
2932881
2932881
2932881
2932881
2932881
2932881
2932881
2932881
2932881
2932881
2932881
2932881
2932881
2932881
10666
54392
181485
2695836
2695836
2695836
2695836
2695836
2695836
2695836
2695836
2695836
2695836
2695836
2695836
2695836
2695836
2695836
2695836
2695836
66711
2905674
2898539
2932877
207656
50948
50948
187678
76041
165428
1714273
50947
75320
137422
2952367
129009
127508
127507
97081
112596
112596
112596
112596
112596
112596
112596
112596
112596
112596
112596
112596
112596
112596
112596
112596
112596
112596
39103
91019
75320
10717
127511
127509
29342
29342
71366
2993857
83201
65388
10719
59241
47488
10666
50947
53000
10693
45102
2932881
1604876
39838
10747
10687
10691
126990
37361
10686
37363
37362
35844
2886930
36450
36340
36338
36337
10666
36341
36338
36337
10674
10666
2060721
10666
36339
36337
10674
2681624
2681624
33709
12392
35345
35343
45102
59506
50892
565140
57476
10730
51369
51369
51369
51369
51369
51369
51369
56637
55511
55510
2994042
10665
2886926
52979
10724
2679898
47049
47049
47049
47049
47049
47049
47049
47049
47049
47049
47049
47049
47049
47049
47049
47049
10867
12412
45441
10705
10719
2908169
52979
52979
52979
52979
52979
50892
10724
2886926
2886926
2886926
52971
52971
35345
2908169
40522
40521
47931
2992645
10701
10736
12023
2908168
35844
74382
10713
2695836
37953
2884424
10696
10760
10760
35348
2992639
2681611
2681611
2681611
2681611
2681611
2681611
2681611
28365
28365
2681611
10666
2060721
10666
2060721
29342
12336
12336
10724
12412
36451
10773
101570
10724
12388
10843
10849
10849
2992645
2884427
2507234
10849
2681618
2681618
31533
29342
12336
2681603
1977403
2681611
2681611
2886926
2060721
10724
2681611
2681611
2932881
665033
10733
12336
2884424
2884424
2681611
532077
2992639
10732
2681618
10680
29342
10854
10682
2886926
10759
10746
2681618
10682
2886926
10759
10849
10849
10849
10849
10849
10849
10849
10849
10849
2886926
2886926
2908168
12017
10658
2789016
10849
10713
10717
2910191
10849
2507234
10666
10689
10682
12027
2681611
10658
10760
1604876
58620
2681626
55884
2905674
2681598
2681598
53480
2911440
49964
1604876
1604876
46654
10736
2907836
2681598
2681618
45764
45764
45764
1604876
35344
43685
28365
2681611
10736
12353
2681630
185959
1604876
2681598
2905721
2992577
39425
39425
2681598
2681617
12392
28365
31596
35239
10696
1414736
2681618
2992645
12412
2905675
12021
39803
39803
39803
31754
38018
38018
38018
45332
10760
2993857
39103
39104
2785248
2681611
2785248
2785248
2785248
2785248
10760
2886926
2060721
2681598
2681598
12409
12427
12427
12427
12413
2681598
2681598
2789016
2681611
2886926
2908168
2681598
2994042
10779
12356
2681598
12353
2884427
2884427
2886926
2910191
2681598
2681598
2681603
2908168
2886926
12397
2681598
2910191
2994053
2884427
2681603
2695836
344021
2884427
2884427
2884427
2884427
2884427
2884427
2884427
2884427
2884427
2884427
2884427
2884427
2884427
2884427
2884427
2695836
12417
2910191
2907836
10760
10760
10712
33769
2908168
36342
2910191
2789016
2928691
10715
10658
10658
10666
10863
10760
12017
10863
10760
10760
2785248
2681611
2681611
12387
2681598
2884427
2681598
2932881
2932881
2932881
2886926
12375
2681598
2681598
2681598
10773
10760
10760
10759
10682
12017
12022
12017
10749
10748
10728
2681598
31754
31754
31754
31754
2886926
10692
10693
10658
2886926
331976
2905728
2905728
2905728
10750
2681603
2681611
12017
2907955
2907955
2907955
10658
2681598
2681611
2884424
2681598
10680
2886930
2886930
10864
10864
2681611
2681611
10759
10727
10680
10666
2060721
2886926
2884424
665033
2681598
2905728
10849
2789016
2886926
2789016
2789016
2789016
10760
10760
2886926
2886926
2886926
10845
12022
2681598
10864
10864
2789016
2681611
10843
2884427
2681611
10843
2789016
2789016
10760
10760
10760
2681603
2681603
2789016
2789016
2789016
2789016
12016
10713
12026
12026
12026
10713
12022
12026
12022
12026
2789016
12026
2681598
2060721
2886930
2681611
2695836
2681611
2681611
2789016
12026
10759
2681598
2681598
2681611
2910191
31534
12342
2886926
2681598
2681598
2060721
10658
10696
10696
2884424
2884424
2681598
2681598
12340
10872
12366
2928686
2928686
2681598
2681598
665033
2928746
10759
2928686
2928686
2681611
69932
10674
69932
2886926
2886926
2695836
2884427
2681598
10724
2681598
10759
2884424
2681598
2884424
2884424
10844
2884427
2884427
2884427
2884427
2681611
10863
2681598
2932878
2681611
2992639
2681603
12357
10736
2886926
2886926
2886926
2886926
2886926
2886926
2886926
2886926
2886926
2886926
2886926
2886926
2886926
2886926
2886926
2886926
2928686
2681598
2908168
2681603
2681611
2681611
2884424
10717
10713
10872
10757
2695836
2695836
2695836
2695836
2695836
2695836
2695836
2695836
2695836
2695836
2695836
10760
10760
2681598
10717
10759
665033
2681603
10717
2681603
2681611
2886926
2928686
2928686
2908168
10843
2785248
2908168
10713
2681598
10863
2886930
2886930
2886930
2886930
2681603
10863
10843
2886930
2681611
2789016
10863
10843
10863
10863
10713
10863
10843
10843
10850
10849
10851
2785248
12022
2681598
2886926
2886926
2886926
2789016
2886926
2886930
2886926
2789016
2681611
2681603
2681603
2681603
665033
2681603
2681603
2681598
2681598
2681598
2681598
2886926
10736
2908168
2908168
2681624
10666
2060721
42180
36341
42179
42178
42177
37363
42176
37362
42175
10674
42174
37361
10674
10691
2060721
12392
10713
2681598
2681624
39445
10717
213770
47298
2898540
2681598
38036
106493
37105
10760
10760
10760
10760
10760
10760
10760
10760
10760
10760
10760
10760
10760
10760
10760
10760
10760
10760
10760
10760
10760
10760
10760
10760
10760
10760
10760
2907955
2884427
28358
2908168
35345
2908168
2908168
28358
46014
28358
2681598
33768
10864
10864
10864
10864
10864
10864
10864
10864
10864
10864
10864
10864
10864
10864
10864
10864
10864
10864
10864
10864
10864
10864
10864
10864
10864
10864
10864
10864
10864
10864
10864
10864
10864
10864
10864
10864
10864
10864
10864
10864
10864
10864
10864
10864
10864
10864
10864
10864
10864
10864
10864
10864
2908168
2908168
440576
318595
318595
318595
10704
10874
12392
2886926
2681611
10717
2681611
2886926
2681598
2681603
10723
2681611
2884427
2886926
10725
2681598
10759
2681603
2681603
2681603
2681603
2681603
2681603
2884427
10863
10759
10759
10759
10759
10759
10759
2886930
2886930
2886930
2681598
2681598
2681598
2681598
2681598
2681598
2681598
2681598
2886926
2492962
2681598
2681598
10684
2908168
2681598
12019
2681598
10747
10682
10658
10705
10738
12032
12031
12030
12029
2681598
2681598
2681598
12354
10845
12027
10724
2884427
2884427
2884427
2884427
2884427
2884427
2884427
2884427
12026
12026
12026
2789016
2886930
2886930
2884424
2908168
2908168
2908168
12022
2785248
2785248
2681611
2681611
12021
12020
12019
12018
12034
2847073
10863
10863
2789207
12014
10849
2681603
2681611
10864
10759
10759
10732
12336
49964
75320
76041
10732
35343
2932881
12335
10713
2886926
10737
318596
318593
10658
261665
318595
2681598
10759
2932878
10696
10760
2681598
10759
10658
10682
10680
2886926
2681603
2681603
2681603
31759
10864
2908168
12022
12352
10748
12344
10747
10711
2992639
10733
2905681
75725
2789016
75590
75590
75590
75590
75590
74336
12353
2886926
69932
456243
10687
69613
12353
69609
10692
36340
69608
69612
69611
69610
31533
69607
10676
10676
69605
36338
2884427
65388
66711
46654
66284
73422
2932878
28365
2910191
2910191
2910191
2910191
2910191
2910191
2910191
2910191
2910191
65388
65016
65015
238854
2905688
2905688
2905675
63117
2681603
2905688
60457
76262
2681603
10760
10760
2695836
2695836
43685
43685
43685
43685
43685
10760
10759
10760
10715
10715
10715
10715
10715
35242
10715
10717
2681603
2992639
2060721
10730
2886930
2681603
10713
2886926
2886926
10717
2884424
10680
665033
665033
10676
10691
10680
2681603
2681603
10674
2060721
2908168
10735
10759
2884424
10759
10674
2060721
2681603
2884424
2908168
10713
2681603
10759
2695836
2695836
12018
665033
2992639
2886926
2695836
10759
10717
2884427
10680
2910191
2908168
10867
2908168
10867
2886926
2884427
12381
12381
2060721
10674
10691
10696
10713
2884427
10723
2681603
10849
28368
10674
10674
10872
2681611
2695836
2695836
10696
2886926
2681603
2681603
2884427
2884424
2884424
2908168
2908168
10760
10765
10760
10760
10760
10760
10760
2884424
2884424
2681603
665033
10843
10843
2789016
12022
2681611
2681611
10863
2681603
